unit_id,run_id,batch_id,shift,inspection_method,inspector_id,defect_type,is_fail,inspection_ts,plant_code,is_archived
U00001,R001,B01,A,XRAY,INS04,NONE,0,2025-03-03 12:43:00,PLANT-SH-01,True
U00002,R001,B01,A,VISUAL,INS05,NONE,0,2025-03-03 12:43:00,PLANT-SH-01,True
U00003,R001,B01,A,VISUAL,INS01,NONE,0,2025-03-03 12:43:00,PLANT-SH-01,True
U00004,R001,B01,A,VISUAL,INS02,NONE,0,2025-03-03 12:43:00,PLANT-SH-01,True
U00005,R001,B01,A,DIMENSION,INS04,NONE,0,2025-03-03 12:43:00,PLANT-SH-01,True
U00006,R001,B01,A,VISUAL,INS05,NONE,0,2025-03-03 12:43:00,PLANT-SH-01,True
U00007,R001,B01,A,VISUAL,INS04,NONE,0,2025-03-03 12:43:00,PLANT-SH-01,True
U00008,R001,B01,A,DIMENSION,INS04,NONE,0,2025-03-03 12:43:00,PLANT-SH-01,True
U00009,R001,B01,A,VISUAL,INS02,NONE,0,2025-03-03 12:43:00,PLANT-SH-01,True
U00010,R001,B01,A,VISUAL,INS06,NONE,0,2025-03-03 12:43:00,PLANT-SH-01,True
U00011,R001,B01,A,XRAY,INS05,NONE,0,2025-03-03 12:43:00,PLANT-SH-01,True
U00012,R001,B01,A,VISUAL,INS05,NONE,0,2025-03-03 12:43:00,PLANT-SH-01,True
U00013,R001,B01,A,XRAY,INS07,NONE,0,2025-03-03 12:43:00,PLANT-SH-01,True
U00014,R001,B01,A,VISUAL,INS07,PORE,1,2025-03-03 12:43:00,PLANT-SH-01,True
U00015,R001,B01,A,DIMENSION,INS05,NONE,0,2025-03-03 12:43:00,PLANT-SH-01,True
U00016,R001,B01,A,XRAY,INS02,NONE,0,2025-03-03 12:43:00,PLANT-SH-01,True
U00017,R001,B01,A,VISUAL,INS03,NONE,0,2025-03-03 12:43:00,PLANT-SH-01,True
U00018,R001,B01,A,VISUAL,INS02,NONE,0,2025-03-03 12:43:00,PLANT-SH-01,True
U00019,R001,B01,A,XRAY,INS03,NONE,0,2025-03-03 12:43:00,PLANT-SH-01,True
U00020,R001,B01,A,VISUAL,INS05,NONE,0,2025-03-03 12:43:00,PLANT-SH-01,True
U00021,R001,B01,A,VISUAL,INS05,NONE,0,2025-03-03 12:43:00,PLANT-SH-01,False
U00022,R001,B01,A,VISUAL,INS03,NONE,0,2025-03-03 12:43:00,PLANT-SH-01,False
U00023,R001,B01,A,VISUAL,INS07,NONE,0,2025-03-03 12:43:00,PLANT-SH-01,False
U00024,R001,B01,A,VISUAL,INS08,NONE,0,2025-03-03 12:43:00,PLANT-SH-01,False
U00025,R001,B01,A,VISUAL,INS02,NONE,0,2025-03-03 12:43:00,PLANT-SH-01,False
U00026,R001,B01,A,VISUAL,INS08,NONE,0,2025-03-03 12:43:00,PLANT-SH-01,False
U00027,R001,B01,A,VISUAL,INS08,NONE,0,2025-03-03 12:43:00,PLANT-SH-01,False
U00028,R001,B01,A,XRAY,INS02,NONE,0,2025-03-03 12:43:00,PLANT-SH-01,False
U00029,R001,B01,A,VISUAL,INS01,NONE,0,2025-03-03 12:43:00,PLANT-SH-01,False
U00030,R001,B01,A,VISUAL,INS03,NONE,0,2025-03-03 12:43:00,PLANT-SH-01,False
U00031,R001,B01,A,VISUAL,INS04,NONE,0,2025-03-03 12:43:00,PLANT-SH-01,False
U00032,R001,B01,A,VISUAL,INS04,NONE,0,2025-03-03 12:43:00,PLANT-SH-01,False
U00033,R001,B01,A,VISUAL,INS05,NONE,0,2025-03-03 12:43:00,PLANT-SH-01,False
U00034,R001,B01,A,VISUAL,INS04,NONE,0,2025-03-03 12:43:00,PLANT-SH-01,False
U00035,R001,B01,A,DIMENSION,INS04,NONE,0,2025-03-03 12:43:00,PLANT-SH-01,False
U00036,R001,B01,A,VISUAL,INS05,NONE,0,2025-03-03 12:43:00,PLANT-SH-01,False
U00037,R001,B01,A,XRAY,INS08,NONE,0,2025-03-03 12:43:00,PLANT-SH-01,False
U00038,R001,B01,A,VISUAL,INS07,NONE,0,2025-03-03 12:43:00,PLANT-SH-01,False
U00039,R002,B01,A,VISUAL,INS02,NONE,0,2025-03-03 16:19:00,PLANT-SH-01,False
U00040,R002,B01,A,VISUAL,INS05,NONE,0,2025-03-03 16:19:00,PLANT-SH-01,False
U00041,R002,B01,A,VISUAL,INS08,NONE,0,2025-03-03 16:19:00,PLANT-SH-01,False
U00042,R002,B01,A,VISUAL,INS06,NONE,0,2025-03-03 16:19:00,PLANT-SH-01,False
U00043,R002,B01,A,VISUAL,INS03,NONE,0,2025-03-03 16:19:00,PLANT-SH-01,False
U00044,R002,B01,A,XRAY,INS07,NONE,0,2025-03-03 16:19:00,PLANT-SH-01,False
U00045,R002,B01,A,VISUAL,INS01,NONE,0,2025-03-03 16:19:00,PLANT-SH-01,False
U00046,R002,B01,A,DIMENSION,INS04,NONE,0,2025-03-03 16:19:00,PLANT-SH-01,False
U00047,R002,B01,A,VISUAL,INS01,NONE,0,2025-03-03 16:19:00,PLANT-SH-01,False
U00048,R002,B01,A,VISUAL,INS02,NONE,0,2025-03-03 16:19:00,PLANT-SH-01,False
U00049,R002,B01,A,XRAY,INS08,NONE,0,2025-03-03 16:19:00,PLANT-SH-01,False
U00050,R002,B01,A,XRAY,INS07,NONE,0,2025-03-03 16:19:00,PLANT-SH-01,False
U00051,R002,B01,A,XRAY,INS01,NONE,0,2025-03-03 16:19:00,PLANT-SH-01,False
U00052,R002,B01,A,VISUAL,INS07,NONE,0,2025-03-03 16:19:00,PLANT-SH-01,False
U00053,R002,B01,A,VISUAL,INS04,NONE,0,2025-03-03 16:19:00,PLANT-SH-01,False
U00054,R002,B01,A,VISUAL,INS03,NONE,0,2025-03-03 16:19:00,PLANT-SH-01,False
U00055,R002,B01,A,VISUAL,INS01,NONE,0,2025-03-03 16:19:00,PLANT-SH-01,False
U00056,R002,B01,A,VISUAL,INS06,NONE,0,2025-03-03 16:19:00,PLANT-SH-01,False
U00057,R002,B01,A,VISUAL,INS05,NONE,0,2025-03-03 16:19:00,PLANT-SH-01,False
U00058,R002,B01,A,XRAY,INS08,NONE,0,2025-03-03 16:19:00,PLANT-SH-01,False
U00059,R002,B01,A,XRAY,INS01,NONE,0,2025-03-03 16:19:00,PLANT-SH-01,False
U00060,R002,B01,A,VISUAL,INS05,NONE,0,2025-03-03 16:19:00,PLANT-SH-01,False
U00061,R002,B01,A,VISUAL,INS01,NONE,0,2025-03-03 16:19:00,PLANT-SH-01,False
U00062,R002,B01,A,VISUAL,INS08,NONE,0,2025-03-03 16:19:00,PLANT-SH-01,False
U00063,R002,B01,A,VISUAL,INS01,NONE,0,2025-03-03 16:19:00,PLANT-SH-01,False
U00064,R002,B01,A,XRAY,INS02,NONE,0,2025-03-03 16:19:00,PLANT-SH-01,False
U00065,R002,B01,A,VISUAL,INS06,NONE,0,2025-03-03 16:19:00,PLANT-SH-01,False
U00066,R002,B01,A,VISUAL,INS08,NONE,0,2025-03-03 16:19:00,PLANT-SH-01,False
U00067,R002,B01,A,VISUAL,INS04,NONE,0,2025-03-03 16:19:00,PLANT-SH-01,False
U00068,R002,B01,A,VISUAL,INS04,NONE,0,2025-03-03 16:19:00,PLANT-SH-01,False
U00069,R002,B01,A,VISUAL,INS03,NONE,0,2025-03-03 16:19:00,PLANT-SH-01,False
U00070,R002,B01,A,VISUAL,INS03,NONE,0,2025-03-03 16:19:00,PLANT-SH-01,False
U00071,R002,B01,A,VISUAL,INS08,NONE,0,2025-03-03 16:19:00,PLANT-SH-01,False
U00072,R002,B01,A,XRAY,INS07,NONE,0,2025-03-03 16:19:00,PLANT-SH-01,False
U00073,R002,B01,A,VISUAL,INS04,NONE,0,2025-03-03 16:19:00,PLANT-SH-01,False
U00074,R002,B01,A,XRAY,INS08,NONE,0,2025-03-03 16:19:00,PLANT-SH-01,False
U00075,R003,B01,B,VISUAL,INS05,NONE,0,2025-03-03 21:09:00,PLANT-SH-01,False
U00076,R003,B01,B,VISUAL,INS04,NONE,0,2025-03-03 21:09:00,PLANT-SH-01,False
U00077,R003,B01,B,VISUAL,INS07,NONE,0,2025-03-03 21:09:00,PLANT-SH-01,False
U00078,R003,B01,B,XRAY,INS03,PORE,1,2025-03-03 21:09:00,PLANT-SH-01,False
U00079,R003,B01,B,VISUAL,INS01,NONE,0,2025-03-03 21:09:00,PLANT-SH-01,False
U00080,R003,B01,B,VISUAL,INS08,CRACK,1,2025-03-03 21:09:00,PLANT-SH-01,False
U00081,R003,B01,B,XRAY,INS04,NONE,0,2025-03-03 21:09:00,PLANT-SH-01,False
U00082,R003,B01,B,VISUAL,INS03,CRACK,1,2025-03-03 21:09:00,PLANT-SH-01,False
U00083,R003,B01,B,VISUAL,INS05,DIMENSION,1,2025-03-03 21:09:00,PLANT-SH-01,False
U00084,R003,B01,B,VISUAL,INS06,NONE,0,2025-03-03 21:09:00,PLANT-SH-01,False
U00085,R003,B01,B,VISUAL,INS07,CONTAMINATION,1,2025-03-03 21:09:00,PLANT-SH-01,False
U00086,R003,B01,B,XRAY,INS05,DIMENSION,1,2025-03-03 21:09:00,PLANT-SH-01,False
U00087,R003,B01,B,DIMENSION,INS04,NONE,0,2025-03-03 21:09:00,PLANT-SH-01,False
U00088,R003,B01,B,VISUAL,INS07,PORE,1,2025-03-03 21:09:00,PLANT-SH-01,False
U00089,R003,B01,B,VISUAL,INS04,CONTAMINATION,1,2025-03-03 21:09:00,PLANT-SH-01,False
U00090,R003,B01,B,VISUAL,INS05,NONE,0,2025-03-03 21:09:00,PLANT-SH-01,False
U00091,R003,B01,B,VISUAL,INS08,NONE,0,2025-03-03 21:09:00,PLANT-SH-01,False
U00092,R003,B01,B,XRAY,INS01,NONE,0,2025-03-03 21:09:00,PLANT-SH-01,False
U00093,R003,B01,B,XRAY,INS08,NONE,0,2025-03-03 21:09:00,PLANT-SH-01,False
U00094,R003,B01,B,XRAY,INS04,EDGE,1,2025-03-03 21:09:00,PLANT-SH-01,False
U00095,R003,B01,B,VISUAL,INS07,NONE,0,2025-03-03 21:09:00,PLANT-SH-01,False
U00096,R003,B01,B,DIMENSION,INS08,PORE,1,2025-03-03 21:09:00,PLANT-SH-01,False
U00097,R003,B01,B,VISUAL,INS03,DIMENSION,1,2025-03-03 21:09:00,PLANT-SH-01,False
U00098,R003,B01,B,VISUAL,INS02,DIMENSION,1,2025-03-03 21:09:00,PLANT-SH-01,False
U00099,R003,B01,B,VISUAL,INS03,CRACK,1,2025-03-03 21:09:00,PLANT-SH-01,False
U00100,R003,B01,B,VISUAL,INS03,NONE,0,2025-03-03 21:09:00,PLANT-SH-01,False
U00101,R003,B01,B,VISUAL,INS01,NONE,0,2025-03-03 21:09:00,PLANT-SH-01,False
U00102,R003,B01,B,VISUAL,INS04,DIMENSION,1,2025-03-03 21:09:00,PLANT-SH-01,False
U00103,R003,B01,B,VISUAL,INS05,PORE,1,2025-03-03 21:09:00,PLANT-SH-01,False
U00104,R003,B01,B,DIMENSION,INS01,NONE,0,2025-03-03 21:09:00,PLANT-SH-01,False
U00105,R003,B01,B,VISUAL,INS08,NONE,0,2025-03-03 21:09:00,PLANT-SH-01,False
U00106,R003,B01,B,VISUAL,INS07,NONE,0,2025-03-03 21:09:00,PLANT-SH-01,False
U00107,R003,B01,B,VISUAL,INS04,PORE,1,2025-03-03 21:09:00,PLANT-SH-01,False
U00108,R003,B01,B,VISUAL,INS06,NONE,0,2025-03-03 21:09:00,PLANT-SH-01,False
U00109,R003,B01,B,VISUAL,INS06,PORE,1,2025-03-03 21:09:00,PLANT-SH-01,False
U00110,R003,B01,B,XRAY,INS01,NONE,0,2025-03-03 21:09:00,PLANT-SH-01,False
U00111,R003,B01,B,VISUAL,INS08,NONE,0,2025-03-03 21:09:00,PLANT-SH-01,False
U00112,R003,B01,B,XRAY,INS03,NONE,0,2025-03-03 21:09:00,PLANT-SH-01,False
U00113,R004,B01,B,XRAY,INS03,NONE,0,2025-03-04 00:49:00,PLANT-SH-01,False
U00114,R004,B01,B,VISUAL,INS08,NONE,0,2025-03-04 00:49:00,PLANT-SH-01,False
U00115,R004,B01,B,VISUAL,INS05,PORE,1,2025-03-04 00:49:00,PLANT-SH-01,False
U00116,R004,B01,B,VISUAL,INS06,NONE,0,2025-03-04 00:49:00,PLANT-SH-01,False
U00117,R004,B01,B,VISUAL,INS08,NONE,0,2025-03-04 00:49:00,PLANT-SH-01,False
U00118,R004,B01,B,VISUAL,INS04,NONE,0,2025-03-04 00:49:00,PLANT-SH-01,False
U00119,R004,B01,B,VISUAL,INS03,NONE,0,2025-03-04 00:49:00,PLANT-SH-01,False
U00120,R004,B01,B,VISUAL,INS04,NONE,0,2025-03-04 00:49:00,PLANT-SH-01,False
U00121,R004,B01,B,VISUAL,INS01,NONE,0,2025-03-04 00:49:00,PLANT-SH-01,False
U00122,R004,B01,B,VISUAL,INS08,PORE,1,2025-03-04 00:49:00,PLANT-SH-01,False
U00123,R004,B01,B,VISUAL,INS07,NONE,0,2025-03-04 00:49:00,PLANT-SH-01,False
U00124,R004,B01,B,XRAY,INS03,NONE,0,2025-03-04 00:49:00,PLANT-SH-01,False
U00125,R004,B01,B,VISUAL,INS02,NONE,0,2025-03-04 00:49:00,PLANT-SH-01,False
U00126,R004,B01,B,DIMENSION,INS08,NONE,0,2025-03-04 00:49:00,PLANT-SH-01,False
U00127,R004,B01,B,VISUAL,INS06,NONE,0,2025-03-04 00:49:00,PLANT-SH-01,False
U00128,R004,B01,B,VISUAL,INS04,NONE,0,2025-03-04 00:49:00,PLANT-SH-01,False
U00129,R004,B01,B,XRAY,INS08,NONE,0,2025-03-04 00:49:00,PLANT-SH-01,False
U00130,R004,B01,B,VISUAL,INS07,NONE,0,2025-03-04 00:49:00,PLANT-SH-01,False
U00131,R004,B01,B,XRAY,INS07,NONE,0,2025-03-04 00:49:00,PLANT-SH-01,False
U00132,R004,B01,B,VISUAL,INS03,NONE,0,2025-03-04 00:49:00,PLANT-SH-01,False
U00133,R004,B01,B,VISUAL,INS06,NONE,0,2025-03-04 00:49:00,PLANT-SH-01,False
U00134,R004,B01,B,VISUAL,INS02,NONE,0,2025-03-04 00:49:00,PLANT-SH-01,False
U00135,R004,B01,B,XRAY,INS06,NONE,0,2025-03-04 00:49:00,PLANT-SH-01,False
U00136,R004,B01,B,DIMENSION,INS02,NONE,0,2025-03-04 00:49:00,PLANT-SH-01,False
U00137,R004,B01,B,VISUAL,INS07,NONE,0,2025-03-04 00:49:00,PLANT-SH-01,False
U00138,R004,B01,B,VISUAL,INS07,NONE,0,2025-03-04 00:49:00,PLANT-SH-01,False
U00139,R004,B01,B,XRAY,INS04,NONE,0,2025-03-04 00:49:00,PLANT-SH-01,False
U00140,R004,B01,B,XRAY,INS04,NONE,0,2025-03-04 00:49:00,PLANT-SH-01,False
U00141,R004,B01,B,VISUAL,INS01,NONE,0,2025-03-04 00:49:00,PLANT-SH-01,False
U00142,R004,B01,B,XRAY,INS02,CRACK,1,2025-03-04 00:49:00,PLANT-SH-01,False
U00143,R004,B01,B,VISUAL,INS02,NONE,0,2025-03-04 00:49:00,PLANT-SH-01,False
U00144,R004,B01,B,VISUAL,INS04,NONE,0,2025-03-04 00:49:00,PLANT-SH-01,False
U00145,R004,B01,B,VISUAL,INS05,NONE,0,2025-03-04 00:49:00,PLANT-SH-01,False
U00146,R005,B02,C,XRAY,INS04,DIMENSION,1,2025-03-04 05:23:00,PLANT-SH-01,False
U00147,R005,B02,C,VISUAL,INS07,NONE,0,2025-03-04 05:23:00,PLANT-SH-01,False
U00148,R005,B02,C,VISUAL,INS06,NONE,0,2025-03-04 05:23:00,PLANT-SH-01,False
U00149,R005,B02,C,VISUAL,INS02,NONE,0,2025-03-04 05:23:00,PLANT-SH-01,False
U00150,R005,B02,C,XRAY,INS06,NONE,0,2025-03-04 05:23:00,PLANT-SH-01,False
U00151,R005,B02,C,XRAY,INS02,NONE,0,2025-03-04 05:23:00,PLANT-SH-01,False
U00152,R005,B02,C,VISUAL,INS02,NONE,0,2025-03-04 05:23:00,PLANT-SH-01,False
U00153,R005,B02,C,VISUAL,INS07,NONE,0,2025-03-04 05:23:00,PLANT-SH-01,False
U00154,R005,B02,C,XRAY,INS01,NONE,0,2025-03-04 05:23:00,PLANT-SH-01,False
U00155,R005,B02,C,XRAY,INS01,NONE,0,2025-03-04 05:23:00,PLANT-SH-01,False
U00156,R005,B02,C,VISUAL,INS04,NONE,0,2025-03-04 05:23:00,PLANT-SH-01,False
U00157,R005,B02,C,VISUAL,INS03,NONE,0,2025-03-04 05:23:00,PLANT-SH-01,False
U00158,R005,B02,C,XRAY,INS05,NONE,0,2025-03-04 05:23:00,PLANT-SH-01,False
U00159,R005,B02,C,VISUAL,INS07,NONE,0,2025-03-04 05:23:00,PLANT-SH-01,False
U00160,R005,B02,C,VISUAL,INS04,NONE,0,2025-03-04 05:23:00,PLANT-SH-01,False
U00161,R005,B02,C,VISUAL,INS02,NONE,0,2025-03-04 05:23:00,PLANT-SH-01,False
U00162,R005,B02,C,VISUAL,INS05,NONE,0,2025-03-04 05:23:00,PLANT-SH-01,False
U00163,R005,B02,C,VISUAL,INS08,NONE,0,2025-03-04 05:23:00,PLANT-SH-01,False
U00164,R005,B02,C,VISUAL,INS02,NONE,0,2025-03-04 05:23:00,PLANT-SH-01,False
U00165,R005,B02,C,VISUAL,INS07,CONTAMINATION,1,2025-03-04 05:23:00,PLANT-SH-01,False
U00166,R005,B02,C,VISUAL,INS02,NONE,0,2025-03-04 05:23:00,PLANT-SH-01,False
U00167,R005,B02,C,VISUAL,INS07,NONE,0,2025-03-04 05:23:00,PLANT-SH-01,False
U00168,R005,B02,C,DIMENSION,INS06,NONE,0,2025-03-04 05:23:00,PLANT-SH-01,False
U00169,R005,B02,C,XRAY,INS03,NONE,0,2025-03-04 05:23:00,PLANT-SH-01,False
U00170,R005,B02,C,VISUAL,INS05,NONE,0,2025-03-04 05:23:00,PLANT-SH-01,False
U00171,R005,B02,C,XRAY,INS03,NONE,0,2025-03-04 05:23:00,PLANT-SH-01,False
U00172,R005,B02,C,VISUAL,INS08,NONE,0,2025-03-04 05:23:00,PLANT-SH-01,False
U00173,R005,B02,C,VISUAL,INS06,NONE,0,2025-03-04 05:23:00,PLANT-SH-01,False
U00174,R005,B02,C,VISUAL,INS06,NONE,0,2025-03-04 05:23:00,PLANT-SH-01,False
U00175,R005,B02,C,VISUAL,INS06,PORE,1,2025-03-04 05:23:00,PLANT-SH-01,False
U00176,R006,B02,C,XRAY,INS04,NONE,0,2025-03-04 09:24:00,PLANT-SH-01,False
U00177,R006,B02,C,XRAY,INS04,NONE,0,2025-03-04 09:24:00,PLANT-SH-01,False
U00178,R006,B02,C,VISUAL,INS04,NONE,0,2025-03-04 09:24:00,PLANT-SH-01,False
U00179,R006,B02,C,VISUAL,INS02,NONE,0,2025-03-04 09:24:00,PLANT-SH-01,False
U00180,R006,B02,C,VISUAL,INS02,NONE,0,2025-03-04 09:24:00,PLANT-SH-01,False
U00181,R006,B02,C,VISUAL,INS01,NONE,0,2025-03-04 09:24:00,PLANT-SH-01,False
U00182,R006,B02,C,VISUAL,INS06,NONE,0,2025-03-04 09:24:00,PLANT-SH-01,False
U00183,R006,B02,C,VISUAL,INS02,NONE,0,2025-03-04 09:24:00,PLANT-SH-01,False
U00184,R006,B02,C,VISUAL,INS04,NONE,0,2025-03-04 09:24:00,PLANT-SH-01,False
U00185,R006,B02,C,XRAY,INS05,NONE,0,2025-03-04 09:24:00,PLANT-SH-01,False
U00186,R006,B02,C,VISUAL,INS07,NONE,0,2025-03-04 09:24:00,PLANT-SH-01,False
U00187,R006,B02,C,DIMENSION,INS05,NONE,0,2025-03-04 09:24:00,PLANT-SH-01,False
U00188,R006,B02,C,XRAY,INS08,NONE,0,2025-03-04 09:24:00,PLANT-SH-01,False
U00189,R006,B02,C,XRAY,INS08,NONE,0,2025-03-04 09:24:00,PLANT-SH-01,False
U00190,R006,B02,C,VISUAL,INS06,NONE,0,2025-03-04 09:24:00,PLANT-SH-01,False
U00191,R006,B02,C,VISUAL,INS01,NONE,0,2025-03-04 09:24:00,PLANT-SH-01,False
U00192,R006,B02,C,VISUAL,INS03,NONE,0,2025-03-04 09:24:00,PLANT-SH-01,False
U00193,R006,B02,C,XRAY,INS05,NONE,0,2025-03-04 09:24:00,PLANT-SH-01,False
U00194,R006,B02,C,XRAY,INS04,NONE,0,2025-03-04 09:24:00,PLANT-SH-01,False
U00195,R006,B02,C,VISUAL,INS02,NONE,0,2025-03-04 09:24:00,PLANT-SH-01,False
U00196,R006,B02,C,XRAY,INS07,NONE,0,2025-03-04 09:24:00,PLANT-SH-01,False
U00197,R006,B02,C,XRAY,INS02,NONE,0,2025-03-04 09:24:00,PLANT-SH-01,False
U00198,R006,B02,C,VISUAL,INS05,NONE,0,2025-03-04 09:24:00,PLANT-SH-01,False
U00199,R006,B02,C,VISUAL,INS08,NONE,0,2025-03-04 09:24:00,PLANT-SH-01,False
U00200,R006,B02,C,VISUAL,INS05,NONE,0,2025-03-04 09:24:00,PLANT-SH-01,False
U00201,R006,B02,C,VISUAL,INS04,NONE,0,2025-03-04 09:24:00,PLANT-SH-01,False
U00202,R006,B02,C,VISUAL,INS01,NONE,0,2025-03-04 09:24:00,PLANT-SH-01,False
U00203,R006,B02,C,VISUAL,INS07,NONE,0,2025-03-04 09:24:00,PLANT-SH-01,False
U00204,R006,B02,C,VISUAL,INS07,NONE,0,2025-03-04 09:24:00,PLANT-SH-01,False
U00205,R006,B02,C,VISUAL,INS05,NONE,0,2025-03-04 09:24:00,PLANT-SH-01,False
U00206,R006,B02,C,XRAY,INS02,NONE,0,2025-03-04 09:24:00,PLANT-SH-01,False
U00207,R006,B02,C,VISUAL,INS06,NONE,0,2025-03-04 09:24:00,PLANT-SH-01,False
U00208,R006,B02,C,XRAY,INS07,NONE,0,2025-03-04 09:24:00,PLANT-SH-01,False
U00209,R006,B02,C,VISUAL,INS04,NONE,0,2025-03-04 09:24:00,PLANT-SH-01,False
U00210,R006,B02,C,VISUAL,INS08,NONE,0,2025-03-04 09:24:00,PLANT-SH-01,False
U00211,R006,B02,C,XRAY,INS06,NONE,0,2025-03-04 09:24:00,PLANT-SH-01,False
U00212,R007,B02,A,VISUAL,INS05,NONE,0,2025-03-04 13:04:00,PLANT-SH-01,False
U00213,R007,B02,A,VISUAL,INS02,NONE,0,2025-03-04 13:04:00,PLANT-SH-01,False
U00214,R007,B02,A,XRAY,INS01,NONE,0,2025-03-04 13:04:00,PLANT-SH-01,False
U00215,R007,B02,A,VISUAL,INS05,PORE,1,2025-03-04 13:04:00,PLANT-SH-01,False
U00216,R007,B02,A,XRAY,INS06,NONE,0,2025-03-04 13:04:00,PLANT-SH-01,False
U00217,R007,B02,A,VISUAL,INS07,NONE,0,2025-03-04 13:04:00,PLANT-SH-01,False
U00218,R007,B02,A,VISUAL,INS04,NONE,0,2025-03-04 13:04:00,PLANT-SH-01,False
U00219,R007,B02,A,VISUAL,INS02,NONE,0,2025-03-04 13:04:00,PLANT-SH-01,False
U00220,R007,B02,A,DIMENSION,INS06,CRACK,1,2025-03-04 13:04:00,PLANT-SH-01,False
U00221,R007,B02,A,XRAY,INS08,NONE,0,2025-03-04 13:04:00,PLANT-SH-01,False
U00222,R007,B02,A,XRAY,INS08,NONE,0,2025-03-04 13:04:00,PLANT-SH-01,False
U00223,R007,B02,A,VISUAL,INS06,NONE,0,2025-03-04 13:04:00,PLANT-SH-01,False
U00224,R007,B02,A,VISUAL,INS01,NONE,0,2025-03-04 13:04:00,PLANT-SH-01,False
U00225,R007,B02,A,XRAY,INS01,NONE,0,2025-03-04 13:04:00,PLANT-SH-01,False
U00226,R007,B02,A,XRAY,INS01,NONE,0,2025-03-04 13:04:00,PLANT-SH-01,False
U00227,R007,B02,A,VISUAL,INS03,NONE,0,2025-03-04 13:04:00,PLANT-SH-01,False
U00228,R007,B02,A,VISUAL,INS05,NONE,0,2025-03-04 13:04:00,PLANT-SH-01,False
U00229,R007,B02,A,VISUAL,INS08,NONE,0,2025-03-04 13:04:00,PLANT-SH-01,False
U00230,R007,B02,A,XRAY,INS05,NONE,0,2025-03-04 13:04:00,PLANT-SH-01,False
U00231,R007,B02,A,XRAY,INS04,NONE,0,2025-03-04 13:04:00,PLANT-SH-01,False
U00232,R007,B02,A,VISUAL,INS06,NONE,0,2025-03-04 13:04:00,PLANT-SH-01,False
U00233,R007,B02,A,VISUAL,INS04,NONE,0,2025-03-04 13:04:00,PLANT-SH-01,False
U00234,R007,B02,A,XRAY,INS07,NONE,0,2025-03-04 13:04:00,PLANT-SH-01,False
U00235,R007,B02,A,VISUAL,INS02,NONE,0,2025-03-04 13:04:00,PLANT-SH-01,False
U00236,R007,B02,A,XRAY,INS04,NONE,0,2025-03-04 13:04:00,PLANT-SH-01,False
U00237,R007,B02,A,XRAY,INS07,NONE,0,2025-03-04 13:04:00,PLANT-SH-01,False
U00238,R007,B02,A,DIMENSION,INS01,CRACK,1,2025-03-04 13:04:00,PLANT-SH-01,False
U00239,R007,B02,A,XRAY,INS01,NONE,0,2025-03-04 13:04:00,PLANT-SH-01,False
U00240,R007,B02,A,DIMENSION,INS04,NONE,0,2025-03-04 13:04:00,PLANT-SH-01,False
U00241,R007,B02,A,DIMENSION,INS06,PORE,1,2025-03-04 13:04:00,PLANT-SH-01,False
U00242,R007,B02,A,XRAY,INS03,NONE,0,2025-03-04 13:04:00,PLANT-SH-01,False
U00243,R007,B02,A,VISUAL,INS06,NONE,0,2025-03-04 13:04:00,PLANT-SH-01,False
U00244,R007,B02,A,VISUAL,INS01,NONE,0,2025-03-04 13:04:00,PLANT-SH-01,False
U00245,R007,B02,A,VISUAL,INS08,NONE,0,2025-03-04 13:04:00,PLANT-SH-01,False
U00246,R007,B02,A,VISUAL,INS07,NONE,0,2025-03-04 13:04:00,PLANT-SH-01,False
U00247,R007,B02,A,XRAY,INS04,NONE,0,2025-03-04 13:04:00,PLANT-SH-01,False
U00248,R008,B02,A,VISUAL,INS01,NONE,0,2025-03-04 16:45:00,PLANT-SH-01,False
U00249,R008,B02,A,XRAY,INS07,NONE,0,2025-03-04 16:45:00,PLANT-SH-01,False
U00250,R008,B02,A,XRAY,INS07,NONE,0,2025-03-04 16:45:00,PLANT-SH-01,False
U00251,R008,B02,A,VISUAL,INS05,NONE,0,2025-03-04 16:45:00,PLANT-SH-01,False
U00252,R008,B02,A,VISUAL,INS02,NONE,0,2025-03-04 16:45:00,PLANT-SH-01,False
U00253,R008,B02,A,DIMENSION,INS08,NONE,0,2025-03-04 16:45:00,PLANT-SH-01,False
U00254,R008,B02,A,VISUAL,INS08,NONE,0,2025-03-04 16:45:00,PLANT-SH-01,False
U00255,R008,B02,A,DIMENSION,INS02,NONE,0,2025-03-04 16:45:00,PLANT-SH-01,False
U00256,R008,B02,A,VISUAL,INS04,NONE,0,2025-03-04 16:45:00,PLANT-SH-01,False
U00257,R008,B02,A,VISUAL,INS01,NONE,0,2025-03-04 16:45:00,PLANT-SH-01,False
U00258,R008,B02,A,VISUAL,INS06,NONE,0,2025-03-04 16:45:00,PLANT-SH-01,False
U00259,R008,B02,A,DIMENSION,INS03,NONE,0,2025-03-04 16:45:00,PLANT-SH-01,False
U00260,R008,B02,A,XRAY,INS01,NONE,0,2025-03-04 16:45:00,PLANT-SH-01,False
U00261,R008,B02,A,VISUAL,INS05,NONE,0,2025-03-04 16:45:00,PLANT-SH-01,False
U00262,R008,B02,A,VISUAL,INS01,NONE,0,2025-03-04 16:45:00,PLANT-SH-01,False
U00263,R008,B02,A,VISUAL,INS03,NONE,0,2025-03-04 16:45:00,PLANT-SH-01,False
U00264,R008,B02,A,XRAY,INS02,NONE,0,2025-03-04 16:45:00,PLANT-SH-01,False
U00265,R008,B02,A,DIMENSION,INS07,NONE,0,2025-03-04 16:45:00,PLANT-SH-01,False
U00266,R008,B02,A,VISUAL,INS07,NONE,0,2025-03-04 16:45:00,PLANT-SH-01,False
U00267,R008,B02,A,VISUAL,INS03,NONE,0,2025-03-04 16:45:00,PLANT-SH-01,False
U00268,R008,B02,A,VISUAL,INS04,NONE,0,2025-03-04 16:45:00,PLANT-SH-01,False
U00269,R008,B02,A,VISUAL,INS04,NONE,0,2025-03-04 16:45:00,PLANT-SH-01,False
U00270,R008,B02,A,VISUAL,INS02,NONE,0,2025-03-04 16:45:00,PLANT-SH-01,False
U00271,R008,B02,A,XRAY,INS03,NONE,0,2025-03-04 16:45:00,PLANT-SH-01,False
U00272,R008,B02,A,VISUAL,INS07,NONE,0,2025-03-04 16:45:00,PLANT-SH-01,False
U00273,R008,B02,A,XRAY,INS05,NONE,0,2025-03-04 16:45:00,PLANT-SH-01,False
U00274,R008,B02,A,XRAY,INS02,NONE,0,2025-03-04 16:45:00,PLANT-SH-01,False
U00275,R008,B02,A,DIMENSION,INS03,NONE,0,2025-03-04 16:45:00,PLANT-SH-01,False
U00276,R008,B02,A,DIMENSION,INS02,NONE,0,2025-03-04 16:45:00,PLANT-SH-01,False
U00277,R008,B02,A,DIMENSION,INS06,NONE,0,2025-03-04 16:45:00,PLANT-SH-01,False
U00278,R008,B02,A,VISUAL,INS05,NONE,0,2025-03-04 16:45:00,PLANT-SH-01,False
U00279,R008,B02,A,VISUAL,INS05,NONE,0,2025-03-04 16:45:00,PLANT-SH-01,False
U00280,R008,B02,A,DIMENSION,INS07,NONE,0,2025-03-04 16:45:00,PLANT-SH-01,False
U00281,R008,B02,A,VISUAL,INS06,NONE,0,2025-03-04 16:45:00,PLANT-SH-01,False
U00282,R008,B02,A,VISUAL,INS03,NONE,0,2025-03-04 16:45:00,PLANT-SH-01,False
U00283,R008,B02,A,XRAY,INS03,NONE,0,2025-03-04 16:45:00,PLANT-SH-01,False
U00284,R008,B02,A,VISUAL,INS08,NONE,0,2025-03-04 16:45:00,PLANT-SH-01,False
U00285,R008,B02,A,XRAY,INS04,NONE,0,2025-03-04 16:45:00,PLANT-SH-01,False
U00286,R008,B02,A,XRAY,INS08,NONE,0,2025-03-04 16:45:00,PLANT-SH-01,False
U00287,R008,B02,A,XRAY,INS02,NONE,0,2025-03-04 16:45:00,PLANT-SH-01,False
U00288,R009,B03,B,VISUAL,INS04,NONE,0,2025-03-04 21:18:00,PLANT-SH-01,False
U00289,R009,B03,B,XRAY,INS06,NONE,0,2025-03-04 21:18:00,PLANT-SH-01,False
U00290,R009,B03,B,VISUAL,INS06,NONE,0,2025-03-04 21:18:00,PLANT-SH-01,False
U00291,R009,B03,B,DIMENSION,INS04,NONE,0,2025-03-04 21:18:00,PLANT-SH-01,False
U00292,R009,B03,B,VISUAL,INS03,NONE,0,2025-03-04 21:18:00,PLANT-SH-01,False
U00293,R009,B03,B,VISUAL,INS03,NONE,0,2025-03-04 21:18:00,PLANT-SH-01,False
U00294,R009,B03,B,DIMENSION,INS04,NONE,0,2025-03-04 21:18:00,PLANT-SH-01,False
U00295,R009,B03,B,XRAY,INS03,NONE,0,2025-03-04 21:18:00,PLANT-SH-01,False
U00296,R009,B03,B,VISUAL,INS03,NONE,0,2025-03-04 21:18:00,PLANT-SH-01,False
U00297,R009,B03,B,DIMENSION,INS05,NONE,0,2025-03-04 21:18:00,PLANT-SH-01,False
U00298,R009,B03,B,VISUAL,INS07,NONE,0,2025-03-04 21:18:00,PLANT-SH-01,False
U00299,R009,B03,B,VISUAL,INS07,NONE,0,2025-03-04 21:18:00,PLANT-SH-01,False
U00300,R009,B03,B,VISUAL,INS02,NONE,0,2025-03-04 21:18:00,PLANT-SH-01,False
U00301,R009,B03,B,VISUAL,INS01,NONE,0,2025-03-04 21:18:00,PLANT-SH-01,False
U00302,R009,B03,B,VISUAL,INS06,NONE,0,2025-03-04 21:18:00,PLANT-SH-01,False
U00303,R009,B03,B,XRAY,INS05,NONE,0,2025-03-04 21:18:00,PLANT-SH-01,False
U00304,R009,B03,B,VISUAL,INS08,NONE,0,2025-03-04 21:18:00,PLANT-SH-01,False
U00305,R009,B03,B,VISUAL,INS03,NONE,0,2025-03-04 21:18:00,PLANT-SH-01,False
U00306,R009,B03,B,VISUAL,INS04,NONE,0,2025-03-04 21:18:00,PLANT-SH-01,False
U00307,R009,B03,B,VISUAL,INS04,NONE,0,2025-03-04 21:18:00,PLANT-SH-01,False
U00308,R009,B03,B,DIMENSION,INS02,NONE,0,2025-03-04 21:18:00,PLANT-SH-01,False
U00309,R009,B03,B,VISUAL,INS01,NONE,0,2025-03-04 21:18:00,PLANT-SH-01,False
U00310,R009,B03,B,VISUAL,INS05,NONE,0,2025-03-04 21:18:00,PLANT-SH-01,False
U00311,R009,B03,B,VISUAL,INS01,NONE,0,2025-03-04 21:18:00,PLANT-SH-01,False
U00312,R009,B03,B,VISUAL,INS01,NONE,0,2025-03-04 21:18:00,PLANT-SH-01,False
U00313,R009,B03,B,VISUAL,INS03,NONE,0,2025-03-04 21:18:00,PLANT-SH-01,False
U00314,R009,B03,B,DIMENSION,INS07,NONE,0,2025-03-04 21:18:00,PLANT-SH-01,False
U00315,R009,B03,B,XRAY,INS04,NONE,0,2025-03-04 21:18:00,PLANT-SH-01,False
U00316,R009,B03,B,VISUAL,INS04,NONE,0,2025-03-04 21:18:00,PLANT-SH-01,False
U00317,R009,B03,B,DIMENSION,INS02,NONE,0,2025-03-04 21:18:00,PLANT-SH-01,False
U00318,R009,B03,B,DIMENSION,INS06,NONE,0,2025-03-04 21:18:00,PLANT-SH-01,False
U00319,R009,B03,B,VISUAL,INS06,NONE,0,2025-03-04 21:18:00,PLANT-SH-01,False
U00320,R009,B03,B,DIMENSION,INS05,NONE,0,2025-03-04 21:18:00,PLANT-SH-01,False
U00321,R009,B03,B,VISUAL,INS01,NONE,0,2025-03-04 21:18:00,PLANT-SH-01,False
U00322,R009,B03,B,VISUAL,INS07,NONE,0,2025-03-04 21:18:00,PLANT-SH-01,False
U00323,R009,B03,B,VISUAL,INS08,NONE,0,2025-03-04 21:18:00,PLANT-SH-01,False
U00324,R010,B03,B,XRAY,INS08,NONE,0,2025-03-05 00:29:00,PLANT-SH-01,False
U00325,R010,B03,B,VISUAL,INS02,NONE,0,2025-03-05 00:29:00,PLANT-SH-01,False
U00326,R010,B03,B,XRAY,INS07,NONE,0,2025-03-05 00:29:00,PLANT-SH-01,False
U00327,R010,B03,B,VISUAL,INS02,NONE,0,2025-03-05 00:29:00,PLANT-SH-01,False
U00328,R010,B03,B,VISUAL,INS02,NONE,0,2025-03-05 00:29:00,PLANT-SH-01,False
U00329,R010,B03,B,VISUAL,INS08,NONE,0,2025-03-05 00:29:00,PLANT-SH-01,False
U00330,R010,B03,B,VISUAL,INS03,NONE,0,2025-03-05 00:29:00,PLANT-SH-01,False
U00331,R010,B03,B,VISUAL,INS05,NONE,0,2025-03-05 00:29:00,PLANT-SH-01,False
U00332,R010,B03,B,VISUAL,INS07,NONE,0,2025-03-05 00:29:00,PLANT-SH-01,False
U00333,R010,B03,B,VISUAL,INS02,NONE,0,2025-03-05 00:29:00,PLANT-SH-01,False
U00334,R010,B03,B,XRAY,INS04,NONE,0,2025-03-05 00:29:00,PLANT-SH-01,False
U00335,R010,B03,B,DIMENSION,INS04,NONE,0,2025-03-05 00:29:00,PLANT-SH-01,False
U00336,R010,B03,B,XRAY,INS01,NONE,0,2025-03-05 00:29:00,PLANT-SH-01,False
U00337,R010,B03,B,VISUAL,INS05,NONE,0,2025-03-05 00:29:00,PLANT-SH-01,False
U00338,R010,B03,B,VISUAL,INS08,NONE,0,2025-03-05 00:29:00,PLANT-SH-01,False
U00339,R010,B03,B,VISUAL,INS04,NONE,0,2025-03-05 00:29:00,PLANT-SH-01,False
U00340,R010,B03,B,DIMENSION,INS01,NONE,0,2025-03-05 00:29:00,PLANT-SH-01,False
U00341,R010,B03,B,VISUAL,INS05,NONE,0,2025-03-05 00:29:00,PLANT-SH-01,False
U00342,R010,B03,B,VISUAL,INS07,NONE,0,2025-03-05 00:29:00,PLANT-SH-01,False
U00343,R010,B03,B,VISUAL,INS05,NONE,0,2025-03-05 00:29:00,PLANT-SH-01,False
U00344,R010,B03,B,VISUAL,INS05,NONE,0,2025-03-05 00:29:00,PLANT-SH-01,False
U00345,R010,B03,B,DIMENSION,INS04,NONE,0,2025-03-05 00:29:00,PLANT-SH-01,False
U00346,R010,B03,B,DIMENSION,INS05,NONE,0,2025-03-05 00:29:00,PLANT-SH-01,False
U00347,R010,B03,B,XRAY,INS03,NONE,0,2025-03-05 00:29:00,PLANT-SH-01,False
U00348,R010,B03,B,VISUAL,INS01,NONE,0,2025-03-05 00:29:00,PLANT-SH-01,False
U00349,R010,B03,B,DIMENSION,INS03,NONE,0,2025-03-05 00:29:00,PLANT-SH-01,False
U00350,R010,B03,B,XRAY,INS03,NONE,0,2025-03-05 00:29:00,PLANT-SH-01,False
U00351,R010,B03,B,XRAY,INS01,NONE,0,2025-03-05 00:29:00,PLANT-SH-01,False
U00352,R010,B03,B,VISUAL,INS01,NONE,0,2025-03-05 00:29:00,PLANT-SH-01,False
U00353,R010,B03,B,VISUAL,INS02,NONE,0,2025-03-05 00:29:00,PLANT-SH-01,False
U00354,R011,B03,C,DIMENSION,INS01,NONE,0,2025-03-05 04:02:00,PLANT-SH-01,False
U00355,R011,B03,C,VISUAL,INS06,NONE,0,2025-03-05 04:02:00,PLANT-SH-01,False
U00356,R011,B03,C,XRAY,INS05,NONE,0,2025-03-05 04:02:00,PLANT-SH-01,False
U00357,R011,B03,C,DIMENSION,INS08,NONE,0,2025-03-05 04:02:00,PLANT-SH-01,False
U00358,R011,B03,C,XRAY,INS05,NONE,0,2025-03-05 04:02:00,PLANT-SH-01,False
U00359,R011,B03,C,XRAY,INS02,NONE,0,2025-03-05 04:02:00,PLANT-SH-01,False
U00360,R011,B03,C,XRAY,INS01,NONE,0,2025-03-05 04:02:00,PLANT-SH-01,False
U00361,R011,B03,C,VISUAL,INS06,NONE,0,2025-03-05 04:02:00,PLANT-SH-01,False
U00362,R011,B03,C,XRAY,INS03,NONE,0,2025-03-05 04:02:00,PLANT-SH-01,False
U00363,R011,B03,C,XRAY,INS05,NONE,0,2025-03-05 04:02:00,PLANT-SH-01,False
U00364,R011,B03,C,VISUAL,INS03,NONE,0,2025-03-05 04:02:00,PLANT-SH-01,False
U00365,R011,B03,C,XRAY,INS03,NONE,0,2025-03-05 04:02:00,PLANT-SH-01,False
U00366,R011,B03,C,VISUAL,INS03,NONE,0,2025-03-05 04:02:00,PLANT-SH-01,False
U00367,R011,B03,C,XRAY,INS07,NONE,0,2025-03-05 04:02:00,PLANT-SH-01,False
U00368,R011,B03,C,VISUAL,INS08,NONE,0,2025-03-05 04:02:00,PLANT-SH-01,False
U00369,R011,B03,C,VISUAL,INS01,NONE,0,2025-03-05 04:02:00,PLANT-SH-01,False
U00370,R011,B03,C,VISUAL,INS02,NONE,0,2025-03-05 04:02:00,PLANT-SH-01,False
U00371,R011,B03,C,XRAY,INS01,NONE,0,2025-03-05 04:02:00,PLANT-SH-01,False
U00372,R011,B03,C,VISUAL,INS08,NONE,0,2025-03-05 04:02:00,PLANT-SH-01,False
U00373,R011,B03,C,VISUAL,INS04,NONE,0,2025-03-05 04:02:00,PLANT-SH-01,False
U00374,R011,B03,C,VISUAL,INS03,NONE,0,2025-03-05 04:02:00,PLANT-SH-01,False
U00375,R011,B03,C,VISUAL,INS07,NONE,0,2025-03-05 04:02:00,PLANT-SH-01,False
U00376,R011,B03,C,VISUAL,INS07,NONE,0,2025-03-05 04:02:00,PLANT-SH-01,False
U00377,R011,B03,C,XRAY,INS03,NONE,0,2025-03-05 04:02:00,PLANT-SH-01,False
U00378,R011,B03,C,XRAY,INS02,NONE,0,2025-03-05 04:02:00,PLANT-SH-01,False
U00379,R011,B03,C,VISUAL,INS08,NONE,0,2025-03-05 04:02:00,PLANT-SH-01,False
U00380,R011,B03,C,VISUAL,INS02,NONE,0,2025-03-05 04:02:00,PLANT-SH-01,False
U00381,R011,B03,C,XRAY,INS02,NONE,0,2025-03-05 04:02:00,PLANT-SH-01,False
U00382,R011,B03,C,VISUAL,INS03,NONE,0,2025-03-05 04:02:00,PLANT-SH-01,False
U00383,R011,B03,C,XRAY,INS06,NONE,0,2025-03-05 04:02:00,PLANT-SH-01,False
U00384,R011,B03,C,VISUAL,INS02,NONE,0,2025-03-05 04:02:00,PLANT-SH-01,False
U00385,R011,B03,C,VISUAL,INS01,NONE,0,2025-03-05 04:02:00,PLANT-SH-01,False
U00386,R011,B03,C,VISUAL,INS06,NONE,0,2025-03-05 04:02:00,PLANT-SH-01,False
U00387,R011,B03,C,VISUAL,INS02,NONE,0,2025-03-05 04:02:00,PLANT-SH-01,False
U00388,R011,B03,C,VISUAL,INS08,NONE,0,2025-03-05 04:02:00,PLANT-SH-01,False
U00389,R011,B03,C,XRAY,INS08,NONE,0,2025-03-05 04:02:00,PLANT-SH-01,False
U00390,R012,B03,C,XRAY,INS04,NONE,0,2025-03-05 08:23:00,PLANT-SH-01,False
U00391,R012,B03,C,DIMENSION,INS07,NONE,0,2025-03-05 08:23:00,PLANT-SH-01,False
U00392,R012,B03,C,VISUAL,INS06,NONE,0,2025-03-05 08:23:00,PLANT-SH-01,False
U00393,R012,B03,C,DIMENSION,INS02,NONE,0,2025-03-05 08:23:00,PLANT-SH-01,False
U00394,R012,B03,C,DIMENSION,INS08,NONE,0,2025-03-05 08:23:00,PLANT-SH-01,False
U00395,R012,B03,C,VISUAL,INS08,NONE,0,2025-03-05 08:23:00,PLANT-SH-01,False
U00396,R012,B03,C,XRAY,INS03,NONE,0,2025-03-05 08:23:00,PLANT-SH-01,False
U00397,R012,B03,C,XRAY,INS05,NONE,0,2025-03-05 08:23:00,PLANT-SH-01,False
U00398,R012,B03,C,VISUAL,INS06,NONE,0,2025-03-05 08:23:00,PLANT-SH-01,False
U00399,R012,B03,C,VISUAL,INS04,NONE,0,2025-03-05 08:23:00,PLANT-SH-01,False
U00400,R012,B03,C,VISUAL,INS03,NONE,0,2025-03-05 08:23:00,PLANT-SH-01,False
U00401,R012,B03,C,XRAY,INS07,CRACK,1,2025-03-05 08:23:00,PLANT-SH-01,False
U00402,R012,B03,C,VISUAL,INS02,NONE,0,2025-03-05 08:23:00,PLANT-SH-01,False
U00403,R012,B03,C,VISUAL,INS02,NONE,0,2025-03-05 08:23:00,PLANT-SH-01,False
U00404,R012,B03,C,VISUAL,INS05,NONE,0,2025-03-05 08:23:00,PLANT-SH-01,False
U00405,R012,B03,C,XRAY,INS02,NONE,0,2025-03-05 08:23:00,PLANT-SH-01,False
U00406,R012,B03,C,VISUAL,INS04,NONE,0,2025-03-05 08:23:00,PLANT-SH-01,False
U00407,R012,B03,C,XRAY,INS08,NONE,0,2025-03-05 08:23:00,PLANT-SH-01,False
U00408,R012,B03,C,VISUAL,INS04,NONE,0,2025-03-05 08:23:00,PLANT-SH-01,False
U00409,R012,B03,C,XRAY,INS06,NONE,0,2025-03-05 08:23:00,PLANT-SH-01,False
U00410,R012,B03,C,XRAY,INS07,NONE,0,2025-03-05 08:23:00,PLANT-SH-01,False
U00411,R012,B03,C,VISUAL,INS01,NONE,0,2025-03-05 08:23:00,PLANT-SH-01,False
U00412,R012,B03,C,XRAY,INS04,NONE,0,2025-03-05 08:23:00,PLANT-SH-01,False
U00413,R012,B03,C,XRAY,INS05,NONE,0,2025-03-05 08:23:00,PLANT-SH-01,False
U00414,R012,B03,C,VISUAL,INS08,NONE,0,2025-03-05 08:23:00,PLANT-SH-01,False
U00415,R012,B03,C,VISUAL,INS04,EDGE,1,2025-03-05 08:23:00,PLANT-SH-01,False
U00416,R012,B03,C,XRAY,INS06,NONE,0,2025-03-05 08:23:00,PLANT-SH-01,False
U00417,R012,B03,C,XRAY,INS02,NONE,0,2025-03-05 08:23:00,PLANT-SH-01,False
U00418,R012,B03,C,VISUAL,INS06,NONE,0,2025-03-05 08:23:00,PLANT-SH-01,False
U00419,R012,B03,C,VISUAL,INS01,NONE,0,2025-03-05 08:23:00,PLANT-SH-01,False
U00420,R012,B03,C,VISUAL,INS07,NONE,0,2025-03-05 08:23:00,PLANT-SH-01,False
U00421,R013,B04,A,VISUAL,INS05,NONE,0,2025-03-05 13:28:00,PLANT-SH-01,False
U00422,R013,B04,A,VISUAL,INS08,NONE,0,2025-03-05 13:28:00,PLANT-SH-01,False
U00423,R013,B04,A,XRAY,INS03,NONE,0,2025-03-05 13:28:00,PLANT-SH-01,False
U00424,R013,B04,A,VISUAL,INS04,NONE,0,2025-03-05 13:28:00,PLANT-SH-01,False
U00425,R013,B04,A,VISUAL,INS07,NONE,0,2025-03-05 13:28:00,PLANT-SH-01,False
U00426,R013,B04,A,VISUAL,INS01,NONE,0,2025-03-05 13:28:00,PLANT-SH-01,False
U00427,R013,B04,A,VISUAL,INS06,NONE,0,2025-03-05 13:28:00,PLANT-SH-01,False
U00428,R013,B04,A,VISUAL,INS06,NONE,0,2025-03-05 13:28:00,PLANT-SH-01,False
U00429,R013,B04,A,VISUAL,INS03,NONE,0,2025-03-05 13:28:00,PLANT-SH-01,False
U00430,R013,B04,A,XRAY,INS08,NONE,0,2025-03-05 13:28:00,PLANT-SH-01,False
U00431,R013,B04,A,VISUAL,INS05,NONE,0,2025-03-05 13:28:00,PLANT-SH-01,False
U00432,R013,B04,A,XRAY,INS03,NONE,0,2025-03-05 13:28:00,PLANT-SH-01,False
U00433,R013,B04,A,DIMENSION,INS01,NONE,0,2025-03-05 13:28:00,PLANT-SH-01,False
U00434,R013,B04,A,XRAY,INS03,NONE,0,2025-03-05 13:28:00,PLANT-SH-01,False
U00435,R013,B04,A,VISUAL,INS08,NONE,0,2025-03-05 13:28:00,PLANT-SH-01,False
U00436,R013,B04,A,VISUAL,INS07,NONE,0,2025-03-05 13:28:00,PLANT-SH-01,False
U00437,R013,B04,A,VISUAL,INS01,NONE,0,2025-03-05 13:28:00,PLANT-SH-01,False
U00438,R013,B04,A,VISUAL,INS02,NONE,0,2025-03-05 13:28:00,PLANT-SH-01,False
U00439,R013,B04,A,XRAY,INS03,NONE,0,2025-03-05 13:28:00,PLANT-SH-01,False
U00440,R013,B04,A,VISUAL,INS04,NONE,0,2025-03-05 13:28:00,PLANT-SH-01,False
U00441,R013,B04,A,VISUAL,INS03,NONE,0,2025-03-05 13:28:00,PLANT-SH-01,False
U00442,R013,B04,A,XRAY,INS07,NONE,0,2025-03-05 13:28:00,PLANT-SH-01,False
U00443,R013,B04,A,VISUAL,INS06,NONE,0,2025-03-05 13:28:00,PLANT-SH-01,False
U00444,R013,B04,A,VISUAL,INS02,NONE,0,2025-03-05 13:28:00,PLANT-SH-01,False
U00445,R013,B04,A,VISUAL,INS01,NONE,0,2025-03-05 13:28:00,PLANT-SH-01,False
U00446,R013,B04,A,XRAY,INS07,NONE,0,2025-03-05 13:28:00,PLANT-SH-01,False
U00447,R013,B04,A,VISUAL,INS07,NONE,0,2025-03-05 13:28:00,PLANT-SH-01,False
U00448,R013,B04,A,VISUAL,INS05,NONE,0,2025-03-05 13:28:00,PLANT-SH-01,False
U00449,R013,B04,A,VISUAL,INS02,NONE,0,2025-03-05 13:28:00,PLANT-SH-01,False
U00450,R013,B04,A,VISUAL,INS04,NONE,0,2025-03-05 13:28:00,PLANT-SH-01,False
U00451,R013,B04,A,VISUAL,INS05,NONE,0,2025-03-05 13:28:00,PLANT-SH-01,False
U00452,R013,B04,A,VISUAL,INS04,NONE,0,2025-03-05 13:28:00,PLANT-SH-01,False
U00453,R013,B04,A,VISUAL,INS01,NONE,0,2025-03-05 13:28:00,PLANT-SH-01,False
U00454,R013,B04,A,VISUAL,INS08,NONE,0,2025-03-05 13:28:00,PLANT-SH-01,False
U00455,R013,B04,A,VISUAL,INS02,NONE,0,2025-03-05 13:28:00,PLANT-SH-01,False
U00456,R013,B04,A,VISUAL,INS03,NONE,0,2025-03-05 13:28:00,PLANT-SH-01,False
U00457,R014,B04,A,DIMENSION,INS01,NONE,0,2025-03-05 16:23:00,PLANT-SH-01,False
U00458,R014,B04,A,XRAY,INS05,NONE,0,2025-03-05 16:23:00,PLANT-SH-01,False
U00459,R014,B04,A,DIMENSION,INS06,NONE,0,2025-03-05 16:23:00,PLANT-SH-01,False
U00460,R014,B04,A,XRAY,INS05,NONE,0,2025-03-05 16:23:00,PLANT-SH-01,False
U00461,R014,B04,A,VISUAL,INS03,NONE,0,2025-03-05 16:23:00,PLANT-SH-01,False
U00462,R014,B04,A,VISUAL,INS08,NONE,0,2025-03-05 16:23:00,PLANT-SH-01,False
U00463,R014,B04,A,XRAY,INS05,NONE,0,2025-03-05 16:23:00,PLANT-SH-01,False
U00464,R014,B04,A,VISUAL,INS04,NONE,0,2025-03-05 16:23:00,PLANT-SH-01,False
U00465,R014,B04,A,XRAY,INS03,NONE,0,2025-03-05 16:23:00,PLANT-SH-01,False
U00466,R014,B04,A,VISUAL,INS01,NONE,0,2025-03-05 16:23:00,PLANT-SH-01,False
U00467,R014,B04,A,XRAY,INS08,NONE,0,2025-03-05 16:23:00,PLANT-SH-01,False
U00468,R014,B04,A,VISUAL,INS02,NONE,0,2025-03-05 16:23:00,PLANT-SH-01,False
U00469,R014,B04,A,DIMENSION,INS03,NONE,0,2025-03-05 16:23:00,PLANT-SH-01,False
U00470,R014,B04,A,VISUAL,INS03,NONE,0,2025-03-05 16:23:00,PLANT-SH-01,False
U00471,R014,B04,A,VISUAL,INS08,NONE,0,2025-03-05 16:23:00,PLANT-SH-01,False
U00472,R014,B04,A,VISUAL,INS03,NONE,0,2025-03-05 16:23:00,PLANT-SH-01,False
U00473,R014,B04,A,XRAY,INS03,NONE,0,2025-03-05 16:23:00,PLANT-SH-01,False
U00474,R014,B04,A,VISUAL,INS06,NONE,0,2025-03-05 16:23:00,PLANT-SH-01,False
U00475,R014,B04,A,DIMENSION,INS07,NONE,0,2025-03-05 16:23:00,PLANT-SH-01,False
U00476,R014,B04,A,VISUAL,INS04,NONE,0,2025-03-05 16:23:00,PLANT-SH-01,False
U00477,R014,B04,A,VISUAL,INS07,NONE,0,2025-03-05 16:23:00,PLANT-SH-01,False
U00478,R014,B04,A,VISUAL,INS06,NONE,0,2025-03-05 16:23:00,PLANT-SH-01,False
U00479,R014,B04,A,VISUAL,INS07,NONE,0,2025-03-05 16:23:00,PLANT-SH-01,False
U00480,R014,B04,A,DIMENSION,INS08,NONE,0,2025-03-05 16:23:00,PLANT-SH-01,False
U00481,R014,B04,A,VISUAL,INS08,NONE,0,2025-03-05 16:23:00,PLANT-SH-01,False
U00482,R014,B04,A,VISUAL,INS08,NONE,0,2025-03-05 16:23:00,PLANT-SH-01,False
U00483,R014,B04,A,VISUAL,INS02,NONE,0,2025-03-05 16:23:00,PLANT-SH-01,False
U00484,R014,B04,A,DIMENSION,INS01,NONE,0,2025-03-05 16:23:00,PLANT-SH-01,False
U00485,R014,B04,A,VISUAL,INS03,NONE,0,2025-03-05 16:23:00,PLANT-SH-01,False
U00486,R014,B04,A,VISUAL,INS05,NONE,0,2025-03-05 16:23:00,PLANT-SH-01,False
U00487,R014,B04,A,VISUAL,INS04,NONE,0,2025-03-05 16:23:00,PLANT-SH-01,False
U00488,R014,B04,A,XRAY,INS04,NONE,0,2025-03-05 16:23:00,PLANT-SH-01,False
U00489,R015,B04,B,DIMENSION,INS01,NONE,0,2025-03-05 21:06:00,PLANT-SH-01,False
U00490,R015,B04,B,VISUAL,INS07,NONE,0,2025-03-05 21:06:00,PLANT-SH-01,False
U00491,R015,B04,B,VISUAL,INS02,NONE,0,2025-03-05 21:06:00,PLANT-SH-01,False
U00492,R015,B04,B,DIMENSION,INS04,NONE,0,2025-03-05 21:06:00,PLANT-SH-01,False
U00493,R015,B04,B,VISUAL,INS04,NONE,0,2025-03-05 21:06:00,PLANT-SH-01,False
U00494,R015,B04,B,XRAY,INS05,NONE,0,2025-03-05 21:06:00,PLANT-SH-01,False
U00495,R015,B04,B,XRAY,INS08,NONE,0,2025-03-05 21:06:00,PLANT-SH-01,False
U00496,R015,B04,B,VISUAL,INS06,NONE,0,2025-03-05 21:06:00,PLANT-SH-01,False
U00497,R015,B04,B,XRAY,INS02,NONE,0,2025-03-05 21:06:00,PLANT-SH-01,False
U00498,R015,B04,B,XRAY,INS03,NONE,0,2025-03-05 21:06:00,PLANT-SH-01,False
U00499,R015,B04,B,VISUAL,INS05,DIMENSION,1,2025-03-05 21:06:00,PLANT-SH-01,False
U00500,R015,B04,B,VISUAL,INS01,NONE,0,2025-03-05 21:06:00,PLANT-SH-01,False
U00501,R015,B04,B,VISUAL,INS06,NONE,0,2025-03-05 21:06:00,PLANT-SH-01,False
U00502,R015,B04,B,XRAY,INS07,NONE,0,2025-03-05 21:06:00,PLANT-SH-01,False
U00503,R015,B04,B,VISUAL,INS06,NONE,0,2025-03-05 21:06:00,PLANT-SH-01,False
U00504,R015,B04,B,VISUAL,INS03,NONE,0,2025-03-05 21:06:00,PLANT-SH-01,False
U00505,R015,B04,B,VISUAL,INS03,NONE,0,2025-03-05 21:06:00,PLANT-SH-01,False
U00506,R015,B04,B,VISUAL,INS01,NONE,0,2025-03-05 21:06:00,PLANT-SH-01,False
U00507,R015,B04,B,VISUAL,INS06,NONE,0,2025-03-05 21:06:00,PLANT-SH-01,False
U00508,R015,B04,B,XRAY,INS02,NONE,0,2025-03-05 21:06:00,PLANT-SH-01,False
U00509,R015,B04,B,XRAY,INS07,NONE,0,2025-03-05 21:06:00,PLANT-SH-01,False
U00510,R015,B04,B,XRAY,INS01,NONE,0,2025-03-05 21:06:00,PLANT-SH-01,False
U00511,R015,B04,B,XRAY,INS07,NONE,0,2025-03-05 21:06:00,PLANT-SH-01,False
U00512,R015,B04,B,XRAY,INS01,CRACK,1,2025-03-05 21:06:00,PLANT-SH-01,False
U00513,R015,B04,B,XRAY,INS05,NONE,0,2025-03-05 21:06:00,PLANT-SH-01,False
U00514,R015,B04,B,VISUAL,INS01,NONE,0,2025-03-05 21:06:00,PLANT-SH-01,False
U00515,R015,B04,B,XRAY,INS07,NONE,0,2025-03-05 21:06:00,PLANT-SH-01,False
U00516,R015,B04,B,XRAY,INS02,NONE,0,2025-03-05 21:06:00,PLANT-SH-01,False
U00517,R015,B04,B,VISUAL,INS03,NONE,0,2025-03-05 21:06:00,PLANT-SH-01,False
U00518,R015,B04,B,VISUAL,INS04,NONE,0,2025-03-05 21:06:00,PLANT-SH-01,False
U00519,R015,B04,B,DIMENSION,INS03,NONE,0,2025-03-05 21:06:00,PLANT-SH-01,False
U00520,R015,B04,B,XRAY,INS01,NONE,0,2025-03-05 21:06:00,PLANT-SH-01,False
U00521,R015,B04,B,XRAY,INS05,NONE,0,2025-03-05 21:06:00,PLANT-SH-01,False
U00522,R015,B04,B,VISUAL,INS02,NONE,0,2025-03-05 21:06:00,PLANT-SH-01,False
U00523,R015,B04,B,XRAY,INS04,NONE,0,2025-03-05 21:06:00,PLANT-SH-01,False
U00524,R015,B04,B,VISUAL,INS04,NONE,0,2025-03-05 21:06:00,PLANT-SH-01,False
U00525,R015,B04,B,VISUAL,INS01,EDGE,1,2025-03-05 21:06:00,PLANT-SH-01,False
U00526,R015,B04,B,VISUAL,INS01,NONE,0,2025-03-05 21:06:00,PLANT-SH-01,False
U00527,R015,B04,B,VISUAL,INS02,NONE,0,2025-03-05 21:06:00,PLANT-SH-01,False
U00528,R015,B04,B,XRAY,INS03,NONE,0,2025-03-05 21:06:00,PLANT-SH-01,False
U00529,R016,B04,B,VISUAL,INS06,NONE,0,2025-03-06 00:20:00,PLANT-SH-01,False
U00530,R016,B04,B,VISUAL,INS07,NONE,0,2025-03-06 00:20:00,PLANT-SH-01,False
U00531,R016,B04,B,VISUAL,INS04,NONE,0,2025-03-06 00:20:00,PLANT-SH-01,False
U00532,R016,B04,B,XRAY,INS03,NONE,0,2025-03-06 00:20:00,PLANT-SH-01,False
U00533,R016,B04,B,VISUAL,INS07,NONE,0,2025-03-06 00:20:00,PLANT-SH-01,False
U00534,R016,B04,B,VISUAL,INS01,NONE,0,2025-03-06 00:20:00,PLANT-SH-01,False
U00535,R016,B04,B,XRAY,INS06,NONE,0,2025-03-06 00:20:00,PLANT-SH-01,False
U00536,R016,B04,B,DIMENSION,INS03,NONE,0,2025-03-06 00:20:00,PLANT-SH-01,False
U00537,R016,B04,B,XRAY,INS05,NONE,0,2025-03-06 00:20:00,PLANT-SH-01,False
U00538,R016,B04,B,VISUAL,INS08,NONE,0,2025-03-06 00:20:00,PLANT-SH-01,False
U00539,R016,B04,B,VISUAL,INS06,NONE,0,2025-03-06 00:20:00,PLANT-SH-01,False
U00540,R016,B04,B,VISUAL,INS04,NONE,0,2025-03-06 00:20:00,PLANT-SH-01,False
U00541,R016,B04,B,VISUAL,INS07,NONE,0,2025-03-06 00:20:00,PLANT-SH-01,False
U00542,R016,B04,B,VISUAL,INS08,NONE,0,2025-03-06 00:20:00,PLANT-SH-01,False
U00543,R016,B04,B,XRAY,INS02,NONE,0,2025-03-06 00:20:00,PLANT-SH-01,False
U00544,R016,B04,B,VISUAL,INS03,NONE,0,2025-03-06 00:20:00,PLANT-SH-01,False
U00545,R016,B04,B,DIMENSION,INS07,NONE,0,2025-03-06 00:20:00,PLANT-SH-01,False
U00546,R016,B04,B,VISUAL,INS02,NONE,0,2025-03-06 00:20:00,PLANT-SH-01,False
U00547,R016,B04,B,VISUAL,INS07,NONE,0,2025-03-06 00:20:00,PLANT-SH-01,False
U00548,R016,B04,B,VISUAL,INS08,NONE,0,2025-03-06 00:20:00,PLANT-SH-01,False
U00549,R016,B04,B,VISUAL,INS01,NONE,0,2025-03-06 00:20:00,PLANT-SH-01,False
U00550,R016,B04,B,XRAY,INS08,NONE,0,2025-03-06 00:20:00,PLANT-SH-01,False
U00551,R016,B04,B,DIMENSION,INS08,NONE,0,2025-03-06 00:20:00,PLANT-SH-01,False
U00552,R016,B04,B,VISUAL,INS03,NONE,0,2025-03-06 00:20:00,PLANT-SH-01,False
U00553,R016,B04,B,XRAY,INS06,NONE,0,2025-03-06 00:20:00,PLANT-SH-01,False
U00554,R016,B04,B,VISUAL,INS05,NONE,0,2025-03-06 00:20:00,PLANT-SH-01,False
U00555,R016,B04,B,XRAY,INS08,NONE,0,2025-03-06 00:20:00,PLANT-SH-01,False
U00556,R016,B04,B,XRAY,INS06,NONE,0,2025-03-06 00:20:00,PLANT-SH-01,False
U00557,R016,B04,B,VISUAL,INS04,NONE,0,2025-03-06 00:20:00,PLANT-SH-01,False
U00558,R016,B04,B,VISUAL,INS01,NONE,0,2025-03-06 00:20:00,PLANT-SH-01,False
U00559,R016,B04,B,XRAY,INS01,NONE,0,2025-03-06 00:20:00,PLANT-SH-01,False
U00560,R016,B04,B,VISUAL,INS08,NONE,0,2025-03-06 00:20:00,PLANT-SH-01,False
U00561,R016,B04,B,XRAY,INS03,NONE,0,2025-03-06 00:20:00,PLANT-SH-01,False
U00562,R016,B04,B,XRAY,INS07,NONE,0,2025-03-06 00:20:00,PLANT-SH-01,False
U00563,R016,B04,B,VISUAL,INS01,NONE,0,2025-03-06 00:20:00,PLANT-SH-01,False
U00564,R016,B04,B,VISUAL,INS08,NONE,0,2025-03-06 00:20:00,PLANT-SH-01,False
U00565,R016,B04,B,VISUAL,INS04,NONE,0,2025-03-06 00:20:00,PLANT-SH-01,False
U00566,R016,B04,B,VISUAL,INS08,NONE,0,2025-03-06 00:20:00,PLANT-SH-01,False
U00567,R016,B04,B,VISUAL,INS07,NONE,0,2025-03-06 00:20:00,PLANT-SH-01,False
U00568,R017,B05,C,VISUAL,INS06,NONE,0,2025-03-06 04:57:00,PLANT-SH-01,False
U00569,R017,B05,C,XRAY,INS07,NONE,0,2025-03-06 04:57:00,PLANT-SH-01,False
U00570,R017,B05,C,VISUAL,INS07,NONE,0,2025-03-06 04:57:00,PLANT-SH-01,False
U00571,R017,B05,C,VISUAL,INS07,NONE,0,2025-03-06 04:57:00,PLANT-SH-01,False
U00572,R017,B05,C,XRAY,INS03,NONE,0,2025-03-06 04:57:00,PLANT-SH-01,False
U00573,R017,B05,C,DIMENSION,INS04,NONE,0,2025-03-06 04:57:00,PLANT-SH-01,False
U00574,R017,B05,C,VISUAL,INS07,NONE,0,2025-03-06 04:57:00,PLANT-SH-01,False
U00575,R017,B05,C,XRAY,INS01,NONE,0,2025-03-06 04:57:00,PLANT-SH-01,False
U00576,R017,B05,C,VISUAL,INS04,NONE,0,2025-03-06 04:57:00,PLANT-SH-01,False
U00577,R017,B05,C,DIMENSION,INS01,NONE,0,2025-03-06 04:57:00,PLANT-SH-01,False
U00578,R017,B05,C,VISUAL,INS03,NONE,0,2025-03-06 04:57:00,PLANT-SH-01,False
U00579,R017,B05,C,VISUAL,INS06,NONE,0,2025-03-06 04:57:00,PLANT-SH-01,False
U00580,R017,B05,C,VISUAL,INS02,NONE,0,2025-03-06 04:57:00,PLANT-SH-01,False
U00581,R017,B05,C,XRAY,INS05,NONE,0,2025-03-06 04:57:00,PLANT-SH-01,False
U00582,R017,B05,C,DIMENSION,INS01,NONE,0,2025-03-06 04:57:00,PLANT-SH-01,False
U00583,R017,B05,C,DIMENSION,INS02,NONE,0,2025-03-06 04:57:00,PLANT-SH-01,False
U00584,R017,B05,C,DIMENSION,INS06,NONE,0,2025-03-06 04:57:00,PLANT-SH-01,False
U00585,R017,B05,C,VISUAL,INS08,NONE,0,2025-03-06 04:57:00,PLANT-SH-01,False
U00586,R017,B05,C,XRAY,INS08,NONE,0,2025-03-06 04:57:00,PLANT-SH-01,False
U00587,R017,B05,C,VISUAL,INS04,NONE,0,2025-03-06 04:57:00,PLANT-SH-01,False
U00588,R017,B05,C,VISUAL,INS02,NONE,0,2025-03-06 04:57:00,PLANT-SH-01,False
U00589,R017,B05,C,XRAY,INS04,NONE,0,2025-03-06 04:57:00,PLANT-SH-01,False
U00590,R017,B05,C,VISUAL,INS03,NONE,0,2025-03-06 04:57:00,PLANT-SH-01,False
U00591,R017,B05,C,VISUAL,INS03,NONE,0,2025-03-06 04:57:00,PLANT-SH-01,False
U00592,R017,B05,C,VISUAL,INS07,NONE,0,2025-03-06 04:57:00,PLANT-SH-01,False
U00593,R017,B05,C,VISUAL,INS07,NONE,0,2025-03-06 04:57:00,PLANT-SH-01,False
U00594,R017,B05,C,VISUAL,INS06,NONE,0,2025-03-06 04:57:00,PLANT-SH-01,False
U00595,R017,B05,C,XRAY,INS06,NONE,0,2025-03-06 04:57:00,PLANT-SH-01,False
U00596,R017,B05,C,VISUAL,INS01,CONTAMINATION,1,2025-03-06 04:57:00,PLANT-SH-01,False
U00597,R017,B05,C,VISUAL,INS06,NONE,0,2025-03-06 04:57:00,PLANT-SH-01,False
U00598,R017,B05,C,XRAY,INS03,NONE,0,2025-03-06 04:57:00,PLANT-SH-01,False
U00599,R017,B05,C,DIMENSION,INS03,NONE,0,2025-03-06 04:57:00,PLANT-SH-01,False
U00600,R017,B05,C,VISUAL,INS07,NONE,0,2025-03-06 04:57:00,PLANT-SH-01,False
U00601,R017,B05,C,XRAY,INS03,NONE,0,2025-03-06 04:57:00,PLANT-SH-01,False
U00602,R017,B05,C,VISUAL,INS01,NONE,0,2025-03-06 04:57:00,PLANT-SH-01,False
U00603,R017,B05,C,VISUAL,INS02,NONE,0,2025-03-06 04:57:00,PLANT-SH-01,False
U00604,R017,B05,C,VISUAL,INS01,NONE,0,2025-03-06 04:57:00,PLANT-SH-01,False
U00605,R017,B05,C,VISUAL,INS04,NONE,0,2025-03-06 04:57:00,PLANT-SH-01,False
U00606,R017,B05,C,VISUAL,INS08,NONE,0,2025-03-06 04:57:00,PLANT-SH-01,False
U00607,R017,B05,C,DIMENSION,INS05,NONE,0,2025-03-06 04:57:00,PLANT-SH-01,False
U00608,R018,B05,C,VISUAL,INS03,NONE,0,2025-03-06 08:48:00,PLANT-SH-01,False
U00609,R018,B05,C,VISUAL,INS03,NONE,0,2025-03-06 08:48:00,PLANT-SH-01,False
U00610,R018,B05,C,VISUAL,INS01,DIMENSION,1,2025-03-06 08:48:00,PLANT-SH-01,False
U00611,R018,B05,C,XRAY,INS06,NONE,0,2025-03-06 08:48:00,PLANT-SH-01,False
U00612,R018,B05,C,XRAY,INS02,NONE,0,2025-03-06 08:48:00,PLANT-SH-01,False
U00613,R018,B05,C,VISUAL,INS06,NONE,0,2025-03-06 08:48:00,PLANT-SH-01,False
U00614,R018,B05,C,VISUAL,INS04,NONE,0,2025-03-06 08:48:00,PLANT-SH-01,False
U00615,R018,B05,C,XRAY,INS04,NONE,0,2025-03-06 08:48:00,PLANT-SH-01,False
U00616,R018,B05,C,VISUAL,INS02,NONE,0,2025-03-06 08:48:00,PLANT-SH-01,False
U00617,R018,B05,C,XRAY,INS01,NONE,0,2025-03-06 08:48:00,PLANT-SH-01,False
U00618,R018,B05,C,VISUAL,INS08,NONE,0,2025-03-06 08:48:00,PLANT-SH-01,False
U00619,R018,B05,C,VISUAL,INS06,NONE,0,2025-03-06 08:48:00,PLANT-SH-01,False
U00620,R018,B05,C,VISUAL,INS06,NONE,0,2025-03-06 08:48:00,PLANT-SH-01,False
U00621,R018,B05,C,XRAY,INS03,NONE,0,2025-03-06 08:48:00,PLANT-SH-01,False
U00622,R018,B05,C,VISUAL,INS03,NONE,0,2025-03-06 08:48:00,PLANT-SH-01,False
U00623,R018,B05,C,VISUAL,INS04,NONE,0,2025-03-06 08:48:00,PLANT-SH-01,False
U00624,R018,B05,C,VISUAL,INS08,NONE,0,2025-03-06 08:48:00,PLANT-SH-01,False
U00625,R018,B05,C,XRAY,INS04,NONE,0,2025-03-06 08:48:00,PLANT-SH-01,False
U00626,R018,B05,C,XRAY,INS08,NONE,0,2025-03-06 08:48:00,PLANT-SH-01,False
U00627,R018,B05,C,VISUAL,INS05,NONE,0,2025-03-06 08:48:00,PLANT-SH-01,False
U00628,R018,B05,C,XRAY,INS06,NONE,0,2025-03-06 08:48:00,PLANT-SH-01,False
U00629,R018,B05,C,VISUAL,INS07,NONE,0,2025-03-06 08:48:00,PLANT-SH-01,False
U00630,R018,B05,C,VISUAL,INS04,NONE,0,2025-03-06 08:48:00,PLANT-SH-01,False
U00631,R018,B05,C,VISUAL,INS06,NONE,0,2025-03-06 08:48:00,PLANT-SH-01,False
U00632,R018,B05,C,XRAY,INS06,NONE,0,2025-03-06 08:48:00,PLANT-SH-01,False
U00633,R018,B05,C,VISUAL,INS01,NONE,0,2025-03-06 08:48:00,PLANT-SH-01,False
U00634,R018,B05,C,VISUAL,INS04,NONE,0,2025-03-06 08:48:00,PLANT-SH-01,False
U00635,R018,B05,C,VISUAL,INS05,NONE,0,2025-03-06 08:48:00,PLANT-SH-01,False
U00636,R018,B05,C,VISUAL,INS08,NONE,0,2025-03-06 08:48:00,PLANT-SH-01,False
U00637,R018,B05,C,XRAY,INS03,CRACK,1,2025-03-06 08:48:00,PLANT-SH-01,False
U00638,R018,B05,C,VISUAL,INS03,NONE,0,2025-03-06 08:48:00,PLANT-SH-01,False
U00639,R018,B05,C,VISUAL,INS02,NONE,0,2025-03-06 08:48:00,PLANT-SH-01,False
U00640,R018,B05,C,XRAY,INS03,NONE,0,2025-03-06 08:48:00,PLANT-SH-01,False
U00641,R018,B05,C,VISUAL,INS01,NONE,0,2025-03-06 08:48:00,PLANT-SH-01,False
U00642,R018,B05,C,XRAY,INS04,NONE,0,2025-03-06 08:48:00,PLANT-SH-01,False
U00643,R018,B05,C,XRAY,INS04,NONE,0,2025-03-06 08:48:00,PLANT-SH-01,False
U00644,R019,B05,A,VISUAL,INS01,NONE,0,2025-03-06 13:20:00,PLANT-SH-01,False
U00645,R019,B05,A,VISUAL,INS08,NONE,0,2025-03-06 13:20:00,PLANT-SH-01,False
U00646,R019,B05,A,VISUAL,INS05,NONE,0,2025-03-06 13:20:00,PLANT-SH-01,False
U00647,R019,B05,A,XRAY,INS05,NONE,0,2025-03-06 13:20:00,PLANT-SH-01,False
U00648,R019,B05,A,VISUAL,INS07,NONE,0,2025-03-06 13:20:00,PLANT-SH-01,False
U00649,R019,B05,A,DIMENSION,INS04,NONE,0,2025-03-06 13:20:00,PLANT-SH-01,False
U00650,R019,B05,A,VISUAL,INS05,NONE,0,2025-03-06 13:20:00,PLANT-SH-01,False
U00651,R019,B05,A,VISUAL,INS08,NONE,0,2025-03-06 13:20:00,PLANT-SH-01,False
U00652,R019,B05,A,VISUAL,INS08,NONE,0,2025-03-06 13:20:00,PLANT-SH-01,False
U00653,R019,B05,A,VISUAL,INS01,NONE,0,2025-03-06 13:20:00,PLANT-SH-01,False
U00654,R019,B05,A,VISUAL,INS08,NONE,0,2025-03-06 13:20:00,PLANT-SH-01,False
U00655,R019,B05,A,XRAY,INS04,NONE,0,2025-03-06 13:20:00,PLANT-SH-01,False
U00656,R019,B05,A,DIMENSION,INS04,NONE,0,2025-03-06 13:20:00,PLANT-SH-01,False
U00657,R019,B05,A,VISUAL,INS06,NONE,0,2025-03-06 13:20:00,PLANT-SH-01,False
U00658,R019,B05,A,XRAY,INS01,NONE,0,2025-03-06 13:20:00,PLANT-SH-01,False
U00659,R019,B05,A,VISUAL,INS07,NONE,0,2025-03-06 13:20:00,PLANT-SH-01,False
U00660,R019,B05,A,VISUAL,INS05,NONE,0,2025-03-06 13:20:00,PLANT-SH-01,False
U00661,R019,B05,A,XRAY,INS04,NONE,0,2025-03-06 13:20:00,PLANT-SH-01,False
U00662,R019,B05,A,VISUAL,INS04,NONE,0,2025-03-06 13:20:00,PLANT-SH-01,False
U00663,R019,B05,A,VISUAL,INS06,NONE,0,2025-03-06 13:20:00,PLANT-SH-01,False
U00664,R019,B05,A,VISUAL,INS07,NONE,0,2025-03-06 13:20:00,PLANT-SH-01,False
U00665,R019,B05,A,XRAY,INS03,NONE,0,2025-03-06 13:20:00,PLANT-SH-01,False
U00666,R019,B05,A,VISUAL,INS06,NONE,0,2025-03-06 13:20:00,PLANT-SH-01,False
U00667,R019,B05,A,XRAY,INS02,NONE,0,2025-03-06 13:20:00,PLANT-SH-01,False
U00668,R019,B05,A,DIMENSION,INS06,NONE,0,2025-03-06 13:20:00,PLANT-SH-01,False
U00669,R019,B05,A,XRAY,INS07,NONE,0,2025-03-06 13:20:00,PLANT-SH-01,False
U00670,R019,B05,A,XRAY,INS06,NONE,0,2025-03-06 13:20:00,PLANT-SH-01,False
U00671,R019,B05,A,VISUAL,INS07,NONE,0,2025-03-06 13:20:00,PLANT-SH-01,False
U00672,R019,B05,A,XRAY,INS08,NONE,0,2025-03-06 13:20:00,PLANT-SH-01,False
U00673,R019,B05,A,VISUAL,INS07,NONE,0,2025-03-06 13:20:00,PLANT-SH-01,False
U00674,R019,B05,A,VISUAL,INS06,NONE,0,2025-03-06 13:20:00,PLANT-SH-01,False
U00675,R019,B05,A,VISUAL,INS05,NONE,0,2025-03-06 13:20:00,PLANT-SH-01,False
U00676,R020,B05,A,VISUAL,INS03,NONE,0,2025-03-06 16:01:00,PLANT-SH-01,False
U00677,R020,B05,A,DIMENSION,INS05,NONE,0,2025-03-06 16:01:00,PLANT-SH-01,False
U00678,R020,B05,A,VISUAL,INS04,NONE,0,2025-03-06 16:01:00,PLANT-SH-01,False
U00679,R020,B05,A,XRAY,INS05,NONE,0,2025-03-06 16:01:00,PLANT-SH-01,False
U00680,R020,B05,A,VISUAL,INS02,NONE,0,2025-03-06 16:01:00,PLANT-SH-01,False
U00681,R020,B05,A,XRAY,INS02,NONE,0,2025-03-06 16:01:00,PLANT-SH-01,False
U00682,R020,B05,A,VISUAL,INS07,NONE,0,2025-03-06 16:01:00,PLANT-SH-01,False
U00683,R020,B05,A,VISUAL,INS01,NONE,0,2025-03-06 16:01:00,PLANT-SH-01,False
U00684,R020,B05,A,XRAY,INS03,NONE,0,2025-03-06 16:01:00,PLANT-SH-01,False
U00685,R020,B05,A,VISUAL,INS07,NONE,0,2025-03-06 16:01:00,PLANT-SH-01,False
U00686,R020,B05,A,VISUAL,INS07,NONE,0,2025-03-06 16:01:00,PLANT-SH-01,False
U00687,R020,B05,A,VISUAL,INS02,NONE,0,2025-03-06 16:01:00,PLANT-SH-01,False
U00688,R020,B05,A,VISUAL,INS05,NONE,0,2025-03-06 16:01:00,PLANT-SH-01,False
U00689,R020,B05,A,VISUAL,INS08,NONE,0,2025-03-06 16:01:00,PLANT-SH-01,False
U00690,R020,B05,A,VISUAL,INS02,NONE,0,2025-03-06 16:01:00,PLANT-SH-01,False
U00691,R020,B05,A,VISUAL,INS03,NONE,0,2025-03-06 16:01:00,PLANT-SH-01,False
U00692,R020,B05,A,XRAY,INS03,NONE,0,2025-03-06 16:01:00,PLANT-SH-01,False
U00693,R020,B05,A,VISUAL,INS06,NONE,0,2025-03-06 16:01:00,PLANT-SH-01,False
U00694,R020,B05,A,VISUAL,INS06,NONE,0,2025-03-06 16:01:00,PLANT-SH-01,False
U00695,R020,B05,A,VISUAL,INS07,NONE,0,2025-03-06 16:01:00,PLANT-SH-01,False
U00696,R020,B05,A,XRAY,INS04,NONE,0,2025-03-06 16:01:00,PLANT-SH-01,False
U00697,R020,B05,A,VISUAL,INS01,NONE,0,2025-03-06 16:01:00,PLANT-SH-01,False
U00698,R020,B05,A,VISUAL,INS05,NONE,0,2025-03-06 16:01:00,PLANT-SH-01,False
U00699,R020,B05,A,VISUAL,INS01,NONE,0,2025-03-06 16:01:00,PLANT-SH-01,False
U00700,R020,B05,A,VISUAL,INS05,NONE,0,2025-03-06 16:01:00,PLANT-SH-01,False
U00701,R020,B05,A,VISUAL,INS01,NONE,0,2025-03-06 16:01:00,PLANT-SH-01,False
U00702,R020,B05,A,VISUAL,INS03,NONE,0,2025-03-06 16:01:00,PLANT-SH-01,False
U00703,R020,B05,A,VISUAL,INS02,NONE,0,2025-03-06 16:01:00,PLANT-SH-01,False
U00704,R020,B05,A,XRAY,INS05,NONE,0,2025-03-06 16:01:00,PLANT-SH-01,False
U00705,R020,B05,A,XRAY,INS04,NONE,0,2025-03-06 16:01:00,PLANT-SH-01,False
U00706,R020,B05,A,VISUAL,INS03,NONE,0,2025-03-06 16:01:00,PLANT-SH-01,False
U00707,R020,B05,A,XRAY,INS03,NONE,0,2025-03-06 16:01:00,PLANT-SH-01,False
U00708,R021,B06,B,XRAY,INS05,NONE,0,2025-03-06 21:22:00,PLANT-SH-01,False
U00709,R021,B06,B,VISUAL,INS07,NONE,0,2025-03-06 21:22:00,PLANT-SH-01,False
U00710,R021,B06,B,VISUAL,INS06,NONE,0,2025-03-06 21:22:00,PLANT-SH-01,False
U00711,R021,B06,B,VISUAL,INS02,NONE,0,2025-03-06 21:22:00,PLANT-SH-01,False
U00712,R021,B06,B,VISUAL,INS04,NONE,0,2025-03-06 21:22:00,PLANT-SH-01,False
U00713,R021,B06,B,DIMENSION,INS06,NONE,0,2025-03-06 21:22:00,PLANT-SH-01,False
U00714,R021,B06,B,VISUAL,INS02,NONE,0,2025-03-06 21:22:00,PLANT-SH-01,False
U00715,R021,B06,B,DIMENSION,INS07,NONE,0,2025-03-06 21:22:00,PLANT-SH-01,False
U00716,R021,B06,B,DIMENSION,INS07,NONE,0,2025-03-06 21:22:00,PLANT-SH-01,False
U00717,R021,B06,B,DIMENSION,INS04,NONE,0,2025-03-06 21:22:00,PLANT-SH-01,False
U00718,R021,B06,B,VISUAL,INS08,NONE,0,2025-03-06 21:22:00,PLANT-SH-01,False
U00719,R021,B06,B,VISUAL,INS08,NONE,0,2025-03-06 21:22:00,PLANT-SH-01,False
U00720,R021,B06,B,XRAY,INS03,NONE,0,2025-03-06 21:22:00,PLANT-SH-01,False
U00721,R021,B06,B,VISUAL,INS04,NONE,0,2025-03-06 21:22:00,PLANT-SH-01,False
U00722,R021,B06,B,VISUAL,INS04,NONE,0,2025-03-06 21:22:00,PLANT-SH-01,False
U00723,R021,B06,B,VISUAL,INS06,NONE,0,2025-03-06 21:22:00,PLANT-SH-01,False
U00724,R021,B06,B,XRAY,INS04,NONE,0,2025-03-06 21:22:00,PLANT-SH-01,False
U00725,R021,B06,B,XRAY,INS06,NONE,0,2025-03-06 21:22:00,PLANT-SH-01,False
U00726,R021,B06,B,VISUAL,INS01,NONE,0,2025-03-06 21:22:00,PLANT-SH-01,False
U00727,R021,B06,B,DIMENSION,INS07,NONE,0,2025-03-06 21:22:00,PLANT-SH-01,False
U00728,R021,B06,B,XRAY,INS06,NONE,0,2025-03-06 21:22:00,PLANT-SH-01,False
U00729,R021,B06,B,XRAY,INS08,NONE,0,2025-03-06 21:22:00,PLANT-SH-01,False
U00730,R021,B06,B,VISUAL,INS02,NONE,0,2025-03-06 21:22:00,PLANT-SH-01,False
U00731,R021,B06,B,VISUAL,INS03,NONE,0,2025-03-06 21:22:00,PLANT-SH-01,False
U00732,R021,B06,B,XRAY,INS04,NONE,0,2025-03-06 21:22:00,PLANT-SH-01,False
U00733,R021,B06,B,VISUAL,INS06,NONE,0,2025-03-06 21:22:00,PLANT-SH-01,False
U00734,R021,B06,B,VISUAL,INS02,NONE,0,2025-03-06 21:22:00,PLANT-SH-01,False
U00735,R021,B06,B,VISUAL,INS02,NONE,0,2025-03-06 21:22:00,PLANT-SH-01,False
U00736,R021,B06,B,VISUAL,INS02,NONE,0,2025-03-06 21:22:00,PLANT-SH-01,False
U00737,R021,B06,B,VISUAL,INS04,NONE,0,2025-03-06 21:22:00,PLANT-SH-01,False
U00738,R022,B06,B,VISUAL,INS05,NONE,0,2025-03-07 00:13:00,PLANT-SH-01,False
U00739,R022,B06,B,VISUAL,INS04,NONE,0,2025-03-07 00:13:00,PLANT-SH-01,False
U00740,R022,B06,B,VISUAL,INS08,NONE,0,2025-03-07 00:13:00,PLANT-SH-01,False
U00741,R022,B06,B,VISUAL,INS02,NONE,0,2025-03-07 00:13:00,PLANT-SH-01,False
U00742,R022,B06,B,VISUAL,INS07,NONE,0,2025-03-07 00:13:00,PLANT-SH-01,False
U00743,R022,B06,B,DIMENSION,INS05,NONE,0,2025-03-07 00:13:00,PLANT-SH-01,False
U00744,R022,B06,B,VISUAL,INS05,NONE,0,2025-03-07 00:13:00,PLANT-SH-01,False
U00745,R022,B06,B,VISUAL,INS05,NONE,0,2025-03-07 00:13:00,PLANT-SH-01,False
U00746,R022,B06,B,VISUAL,INS02,NONE,0,2025-03-07 00:13:00,PLANT-SH-01,False
U00747,R022,B06,B,VISUAL,INS08,NONE,0,2025-03-07 00:13:00,PLANT-SH-01,False
U00748,R022,B06,B,VISUAL,INS03,NONE,0,2025-03-07 00:13:00,PLANT-SH-01,False
U00749,R022,B06,B,VISUAL,INS04,NONE,0,2025-03-07 00:13:00,PLANT-SH-01,False
U00750,R022,B06,B,VISUAL,INS06,NONE,0,2025-03-07 00:13:00,PLANT-SH-01,False
U00751,R022,B06,B,XRAY,INS06,NONE,0,2025-03-07 00:13:00,PLANT-SH-01,False
U00752,R022,B06,B,XRAY,INS05,NONE,0,2025-03-07 00:13:00,PLANT-SH-01,False
U00753,R022,B06,B,VISUAL,INS02,NONE,0,2025-03-07 00:13:00,PLANT-SH-01,False
U00754,R022,B06,B,XRAY,INS08,NONE,0,2025-03-07 00:13:00,PLANT-SH-01,False
U00755,R022,B06,B,DIMENSION,INS04,NONE,0,2025-03-07 00:13:00,PLANT-SH-01,False
U00756,R022,B06,B,DIMENSION,INS04,NONE,0,2025-03-07 00:13:00,PLANT-SH-01,False
U00757,R022,B06,B,VISUAL,INS03,NONE,0,2025-03-07 00:13:00,PLANT-SH-01,False
U00758,R022,B06,B,VISUAL,INS05,NONE,0,2025-03-07 00:13:00,PLANT-SH-01,False
U00759,R022,B06,B,VISUAL,INS01,NONE,0,2025-03-07 00:13:00,PLANT-SH-01,False
U00760,R022,B06,B,XRAY,INS01,NONE,0,2025-03-07 00:13:00,PLANT-SH-01,False
U00761,R022,B06,B,VISUAL,INS01,NONE,0,2025-03-07 00:13:00,PLANT-SH-01,False
U00762,R022,B06,B,VISUAL,INS03,NONE,0,2025-03-07 00:13:00,PLANT-SH-01,False
U00763,R022,B06,B,DIMENSION,INS02,NONE,0,2025-03-07 00:13:00,PLANT-SH-01,False
U00764,R022,B06,B,XRAY,INS07,NONE,0,2025-03-07 00:13:00,PLANT-SH-01,False
U00765,R022,B06,B,VISUAL,INS07,NONE,0,2025-03-07 00:13:00,PLANT-SH-01,False
U00766,R022,B06,B,VISUAL,INS06,NONE,0,2025-03-07 00:13:00,PLANT-SH-01,False
U00767,R022,B06,B,XRAY,INS03,NONE,0,2025-03-07 00:13:00,PLANT-SH-01,False
U00768,R022,B06,B,XRAY,INS01,NONE,0,2025-03-07 00:13:00,PLANT-SH-01,False
U00769,R022,B06,B,VISUAL,INS02,NONE,0,2025-03-07 00:13:00,PLANT-SH-01,False
U00770,R022,B06,B,VISUAL,INS03,NONE,0,2025-03-07 00:13:00,PLANT-SH-01,False
U00771,R022,B06,B,XRAY,INS03,NONE,0,2025-03-07 00:13:00,PLANT-SH-01,False
U00772,R022,B06,B,DIMENSION,INS02,NONE,0,2025-03-07 00:13:00,PLANT-SH-01,False
U00773,R022,B06,B,XRAY,INS01,NONE,0,2025-03-07 00:13:00,PLANT-SH-01,False
U00774,R022,B06,B,VISUAL,INS07,NONE,0,2025-03-07 00:13:00,PLANT-SH-01,False
U00775,R022,B06,B,VISUAL,INS02,NONE,0,2025-03-07 00:13:00,PLANT-SH-01,False
U00776,R023,B06,C,DIMENSION,INS03,NONE,0,2025-03-07 04:28:00,PLANT-SH-01,False
U00777,R023,B06,C,VISUAL,INS06,NONE,0,2025-03-07 04:28:00,PLANT-SH-01,False
U00778,R023,B06,C,XRAY,INS06,NONE,0,2025-03-07 04:28:00,PLANT-SH-01,False
U00779,R023,B06,C,DIMENSION,INS06,NONE,0,2025-03-07 04:28:00,PLANT-SH-01,False
U00780,R023,B06,C,VISUAL,INS06,NONE,0,2025-03-07 04:28:00,PLANT-SH-01,False
U00781,R023,B06,C,XRAY,INS06,NONE,0,2025-03-07 04:28:00,PLANT-SH-01,False
U00782,R023,B06,C,XRAY,INS05,NONE,0,2025-03-07 04:28:00,PLANT-SH-01,False
U00783,R023,B06,C,VISUAL,INS06,NONE,0,2025-03-07 04:28:00,PLANT-SH-01,False
U00784,R023,B06,C,VISUAL,INS07,NONE,0,2025-03-07 04:28:00,PLANT-SH-01,False
U00785,R023,B06,C,DIMENSION,INS01,NONE,0,2025-03-07 04:28:00,PLANT-SH-01,False
U00786,R023,B06,C,XRAY,INS08,NONE,0,2025-03-07 04:28:00,PLANT-SH-01,False
U00787,R023,B06,C,VISUAL,INS05,NONE,0,2025-03-07 04:28:00,PLANT-SH-01,False
U00788,R023,B06,C,VISUAL,INS03,NONE,0,2025-03-07 04:28:00,PLANT-SH-01,False
U00789,R023,B06,C,XRAY,INS03,NONE,0,2025-03-07 04:28:00,PLANT-SH-01,False
U00790,R023,B06,C,VISUAL,INS02,NONE,0,2025-03-07 04:28:00,PLANT-SH-01,False
U00791,R023,B06,C,DIMENSION,INS05,NONE,0,2025-03-07 04:28:00,PLANT-SH-01,False
U00792,R023,B06,C,VISUAL,INS04,NONE,0,2025-03-07 04:28:00,PLANT-SH-01,False
U00793,R023,B06,C,XRAY,INS08,NONE,0,2025-03-07 04:28:00,PLANT-SH-01,False
U00794,R023,B06,C,XRAY,INS02,NONE,0,2025-03-07 04:28:00,PLANT-SH-01,False
U00795,R023,B06,C,DIMENSION,INS02,NONE,0,2025-03-07 04:28:00,PLANT-SH-01,False
U00796,R023,B06,C,VISUAL,INS06,NONE,0,2025-03-07 04:28:00,PLANT-SH-01,False
U00797,R023,B06,C,XRAY,INS02,NONE,0,2025-03-07 04:28:00,PLANT-SH-01,False
U00798,R023,B06,C,VISUAL,INS03,NONE,0,2025-03-07 04:28:00,PLANT-SH-01,False
U00799,R023,B06,C,VISUAL,INS04,NONE,0,2025-03-07 04:28:00,PLANT-SH-01,False
U00800,R023,B06,C,XRAY,INS01,NONE,0,2025-03-07 04:28:00,PLANT-SH-01,False
U00801,R023,B06,C,VISUAL,INS03,NONE,0,2025-03-07 04:28:00,PLANT-SH-01,False
U00802,R023,B06,C,VISUAL,INS04,NONE,0,2025-03-07 04:28:00,PLANT-SH-01,False
U00803,R023,B06,C,XRAY,INS01,NONE,0,2025-03-07 04:28:00,PLANT-SH-01,False
U00804,R023,B06,C,XRAY,INS02,NONE,0,2025-03-07 04:28:00,PLANT-SH-01,False
U00805,R023,B06,C,VISUAL,INS03,NONE,0,2025-03-07 04:28:00,PLANT-SH-01,False
U00806,R023,B06,C,VISUAL,INS08,NONE,0,2025-03-07 04:28:00,PLANT-SH-01,False
U00807,R023,B06,C,DIMENSION,INS06,NONE,0,2025-03-07 04:28:00,PLANT-SH-01,False
U00808,R023,B06,C,VISUAL,INS05,NONE,0,2025-03-07 04:28:00,PLANT-SH-01,False
U00809,R023,B06,C,DIMENSION,INS03,NONE,0,2025-03-07 04:28:00,PLANT-SH-01,False
U00810,R023,B06,C,XRAY,INS06,NONE,0,2025-03-07 04:28:00,PLANT-SH-01,False
U00811,R023,B06,C,XRAY,INS04,NONE,0,2025-03-07 04:28:00,PLANT-SH-01,False
U00812,R023,B06,C,XRAY,INS01,NONE,0,2025-03-07 04:28:00,PLANT-SH-01,False
U00813,R023,B06,C,VISUAL,INS03,NONE,0,2025-03-07 04:28:00,PLANT-SH-01,False
U00814,R023,B06,C,VISUAL,INS05,NONE,0,2025-03-07 04:28:00,PLANT-SH-01,False
U00815,R024,B06,C,VISUAL,INS03,NONE,0,2025-03-07 08:53:00,PLANT-SH-01,False
U00816,R024,B06,C,XRAY,INS06,NONE,0,2025-03-07 08:53:00,PLANT-SH-01,False
U00817,R024,B06,C,VISUAL,INS01,NONE,0,2025-03-07 08:53:00,PLANT-SH-01,False
U00818,R024,B06,C,XRAY,INS05,NONE,0,2025-03-07 08:53:00,PLANT-SH-01,False
U00819,R024,B06,C,VISUAL,INS01,NONE,0,2025-03-07 08:53:00,PLANT-SH-01,False
U00820,R024,B06,C,XRAY,INS02,NONE,0,2025-03-07 08:53:00,PLANT-SH-01,False
U00821,R024,B06,C,DIMENSION,INS04,NONE,0,2025-03-07 08:53:00,PLANT-SH-01,False
U00822,R024,B06,C,VISUAL,INS08,NONE,0,2025-03-07 08:53:00,PLANT-SH-01,False
U00823,R024,B06,C,XRAY,INS04,NONE,0,2025-03-07 08:53:00,PLANT-SH-01,False
U00824,R024,B06,C,DIMENSION,INS01,NONE,0,2025-03-07 08:53:00,PLANT-SH-01,False
U00825,R024,B06,C,XRAY,INS08,NONE,0,2025-03-07 08:53:00,PLANT-SH-01,False
U00826,R024,B06,C,XRAY,INS02,NONE,0,2025-03-07 08:53:00,PLANT-SH-01,False
U00827,R024,B06,C,DIMENSION,INS06,NONE,0,2025-03-07 08:53:00,PLANT-SH-01,False
U00828,R024,B06,C,VISUAL,INS02,NONE,0,2025-03-07 08:53:00,PLANT-SH-01,False
U00829,R024,B06,C,DIMENSION,INS07,NONE,0,2025-03-07 08:53:00,PLANT-SH-01,False
U00830,R024,B06,C,DIMENSION,INS08,NONE,0,2025-03-07 08:53:00,PLANT-SH-01,False
U00831,R024,B06,C,VISUAL,INS08,NONE,0,2025-03-07 08:53:00,PLANT-SH-01,False
U00832,R024,B06,C,XRAY,INS02,NONE,0,2025-03-07 08:53:00,PLANT-SH-01,False
U00833,R024,B06,C,XRAY,INS03,CONTAMINATION,1,2025-03-07 08:53:00,PLANT-SH-01,False
U00834,R024,B06,C,VISUAL,INS06,NONE,0,2025-03-07 08:53:00,PLANT-SH-01,False
U00835,R024,B06,C,VISUAL,INS07,NONE,0,2025-03-07 08:53:00,PLANT-SH-01,False
U00836,R024,B06,C,DIMENSION,INS07,NONE,0,2025-03-07 08:53:00,PLANT-SH-01,False
U00837,R024,B06,C,DIMENSION,INS08,NONE,0,2025-03-07 08:53:00,PLANT-SH-01,False
U00838,R024,B06,C,XRAY,INS04,NONE,0,2025-03-07 08:53:00,PLANT-SH-01,False
U00839,R024,B06,C,VISUAL,INS01,NONE,0,2025-03-07 08:53:00,PLANT-SH-01,False
U00840,R024,B06,C,VISUAL,INS04,NONE,0,2025-03-07 08:53:00,PLANT-SH-01,False
U00841,R024,B06,C,VISUAL,INS07,NONE,0,2025-03-07 08:53:00,PLANT-SH-01,False
U00842,R024,B06,C,XRAY,INS03,NONE,0,2025-03-07 08:53:00,PLANT-SH-01,False
U00843,R024,B06,C,VISUAL,INS07,NONE,0,2025-03-07 08:53:00,PLANT-SH-01,False
U00844,R024,B06,C,DIMENSION,INS02,NONE,0,2025-03-07 08:53:00,PLANT-SH-01,False
U00845,R024,B06,C,XRAY,INS01,NONE,0,2025-03-07 08:53:00,PLANT-SH-01,False
U00846,R024,B06,C,XRAY,INS06,NONE,0,2025-03-07 08:53:00,PLANT-SH-01,False
U00847,R025,B07,A,VISUAL,INS01,CONTAMINATION,1,2025-03-07 12:53:00,PLANT-SH-01,False
U00848,R025,B07,A,VISUAL,INS07,NONE,0,2025-03-07 12:53:00,PLANT-SH-01,False
U00849,R025,B07,A,XRAY,INS05,NONE,0,2025-03-07 12:53:00,PLANT-SH-01,False
U00850,R025,B07,A,XRAY,INS02,NONE,0,2025-03-07 12:53:00,PLANT-SH-01,False
U00851,R025,B07,A,XRAY,INS06,NONE,0,2025-03-07 12:53:00,PLANT-SH-01,False
U00852,R025,B07,A,XRAY,INS08,NONE,0,2025-03-07 12:53:00,PLANT-SH-01,False
U00853,R025,B07,A,XRAY,INS01,NONE,0,2025-03-07 12:53:00,PLANT-SH-01,False
U00854,R025,B07,A,VISUAL,INS06,NONE,0,2025-03-07 12:53:00,PLANT-SH-01,False
U00855,R025,B07,A,VISUAL,INS04,NONE,0,2025-03-07 12:53:00,PLANT-SH-01,False
U00856,R025,B07,A,VISUAL,INS08,NONE,0,2025-03-07 12:53:00,PLANT-SH-01,False
U00857,R025,B07,A,DIMENSION,INS01,NONE,0,2025-03-07 12:53:00,PLANT-SH-01,False
U00858,R025,B07,A,DIMENSION,INS02,NONE,0,2025-03-07 12:53:00,PLANT-SH-01,False
U00859,R025,B07,A,VISUAL,INS08,NONE,0,2025-03-07 12:53:00,PLANT-SH-01,False
U00860,R025,B07,A,XRAY,INS08,NONE,0,2025-03-07 12:53:00,PLANT-SH-01,False
U00861,R025,B07,A,DIMENSION,INS06,NONE,0,2025-03-07 12:53:00,PLANT-SH-01,False
U00862,R025,B07,A,XRAY,INS07,NONE,0,2025-03-07 12:53:00,PLANT-SH-01,False
U00863,R025,B07,A,VISUAL,INS04,NONE,0,2025-03-07 12:53:00,PLANT-SH-01,False
U00864,R025,B07,A,DIMENSION,INS06,NONE,0,2025-03-07 12:53:00,PLANT-SH-01,False
U00865,R025,B07,A,VISUAL,INS05,DIMENSION,1,2025-03-07 12:53:00,PLANT-SH-01,False
U00866,R025,B07,A,DIMENSION,INS06,NONE,0,2025-03-07 12:53:00,PLANT-SH-01,False
U00867,R025,B07,A,VISUAL,INS05,NONE,0,2025-03-07 12:53:00,PLANT-SH-01,False
U00868,R025,B07,A,VISUAL,INS03,NONE,0,2025-03-07 12:53:00,PLANT-SH-01,False
U00869,R025,B07,A,VISUAL,INS02,NONE,0,2025-03-07 12:53:00,PLANT-SH-01,False
U00870,R025,B07,A,VISUAL,INS06,NONE,0,2025-03-07 12:53:00,PLANT-SH-01,False
U00871,R025,B07,A,VISUAL,INS01,NONE,0,2025-03-07 12:53:00,PLANT-SH-01,False
U00872,R025,B07,A,VISUAL,INS05,NONE,0,2025-03-07 12:53:00,PLANT-SH-01,False
U00873,R025,B07,A,VISUAL,INS08,PORE,1,2025-03-07 12:53:00,PLANT-SH-01,False
U00874,R025,B07,A,VISUAL,INS05,PORE,1,2025-03-07 12:53:00,PLANT-SH-01,False
U00875,R025,B07,A,VISUAL,INS03,NONE,0,2025-03-07 12:53:00,PLANT-SH-01,False
U00876,R025,B07,A,VISUAL,INS03,NONE,0,2025-03-07 12:53:00,PLANT-SH-01,False
U00877,R025,B07,A,VISUAL,INS01,PORE,1,2025-03-07 12:53:00,PLANT-SH-01,False
U00878,R025,B07,A,DIMENSION,INS05,NONE,0,2025-03-07 12:53:00,PLANT-SH-01,False
U00879,R025,B07,A,XRAY,INS04,NONE,0,2025-03-07 12:53:00,PLANT-SH-01,False
U00880,R026,B07,A,DIMENSION,INS02,NONE,0,2025-03-07 16:53:00,PLANT-SH-01,False
U00881,R026,B07,A,VISUAL,INS04,NONE,0,2025-03-07 16:53:00,PLANT-SH-01,False
U00882,R026,B07,A,VISUAL,INS04,NONE,0,2025-03-07 16:53:00,PLANT-SH-01,False
U00883,R026,B07,A,XRAY,INS06,NONE,0,2025-03-07 16:53:00,PLANT-SH-01,False
U00884,R026,B07,A,VISUAL,INS05,NONE,0,2025-03-07 16:53:00,PLANT-SH-01,False
U00885,R026,B07,A,VISUAL,INS05,NONE,0,2025-03-07 16:53:00,PLANT-SH-01,False
U00886,R026,B07,A,VISUAL,INS08,NONE,0,2025-03-07 16:53:00,PLANT-SH-01,False
U00887,R026,B07,A,VISUAL,INS01,PORE,1,2025-03-07 16:53:00,PLANT-SH-01,False
U00888,R026,B07,A,VISUAL,INS04,NONE,0,2025-03-07 16:53:00,PLANT-SH-01,False
U00889,R026,B07,A,VISUAL,INS05,NONE,0,2025-03-07 16:53:00,PLANT-SH-01,False
U00890,R026,B07,A,VISUAL,INS05,NONE,0,2025-03-07 16:53:00,PLANT-SH-01,False
U00891,R026,B07,A,VISUAL,INS07,NONE,0,2025-03-07 16:53:00,PLANT-SH-01,False
U00892,R026,B07,A,XRAY,INS06,NONE,0,2025-03-07 16:53:00,PLANT-SH-01,False
U00893,R026,B07,A,DIMENSION,INS08,NONE,0,2025-03-07 16:53:00,PLANT-SH-01,False
U00894,R026,B07,A,XRAY,INS03,NONE,0,2025-03-07 16:53:00,PLANT-SH-01,False
U00895,R026,B07,A,XRAY,INS06,PORE,1,2025-03-07 16:53:00,PLANT-SH-01,False
U00896,R026,B07,A,DIMENSION,INS02,NONE,0,2025-03-07 16:53:00,PLANT-SH-01,False
U00897,R026,B07,A,VISUAL,INS03,NONE,0,2025-03-07 16:53:00,PLANT-SH-01,False
U00898,R026,B07,A,VISUAL,INS07,NONE,0,2025-03-07 16:53:00,PLANT-SH-01,False
U00899,R026,B07,A,VISUAL,INS02,NONE,0,2025-03-07 16:53:00,PLANT-SH-01,False
U00900,R026,B07,A,XRAY,INS04,EDGE,1,2025-03-07 16:53:00,PLANT-SH-01,False
U00901,R026,B07,A,XRAY,INS03,NONE,0,2025-03-07 16:53:00,PLANT-SH-01,False
U00902,R026,B07,A,DIMENSION,INS04,PORE,1,2025-03-07 16:53:00,PLANT-SH-01,False
U00903,R026,B07,A,DIMENSION,INS02,NONE,0,2025-03-07 16:53:00,PLANT-SH-01,False
U00904,R026,B07,A,VISUAL,INS03,NONE,0,2025-03-07 16:53:00,PLANT-SH-01,False
U00905,R026,B07,A,XRAY,INS08,NONE,0,2025-03-07 16:53:00,PLANT-SH-01,False
U00906,R026,B07,A,VISUAL,INS04,PORE,1,2025-03-07 16:53:00,PLANT-SH-01,False
U00907,R026,B07,A,VISUAL,INS07,NONE,0,2025-03-07 16:53:00,PLANT-SH-01,False
U00908,R026,B07,A,VISUAL,INS05,EDGE,1,2025-03-07 16:53:00,PLANT-SH-01,False
U00909,R026,B07,A,VISUAL,INS07,NONE,0,2025-03-07 16:53:00,PLANT-SH-01,False
U00910,R027,B07,B,VISUAL,INS04,CRACK,1,2025-03-07 20:25:00,PLANT-SH-01,False
U00911,R027,B07,B,VISUAL,INS07,CRACK,1,2025-03-07 20:25:00,PLANT-SH-01,False
U00912,R027,B07,B,VISUAL,INS04,PORE,1,2025-03-07 20:25:00,PLANT-SH-01,False
U00913,R027,B07,B,DIMENSION,INS07,DIMENSION,1,2025-03-07 20:25:00,PLANT-SH-01,False
U00914,R027,B07,B,VISUAL,INS07,DIMENSION,1,2025-03-07 20:25:00,PLANT-SH-01,False
U00915,R027,B07,B,VISUAL,INS03,DIMENSION,1,2025-03-07 20:25:00,PLANT-SH-01,False
U00916,R027,B07,B,XRAY,INS06,NONE,0,2025-03-07 20:25:00,PLANT-SH-01,False
U00917,R027,B07,B,VISUAL,INS04,PORE,1,2025-03-07 20:25:00,PLANT-SH-01,False
U00918,R027,B07,B,XRAY,INS08,PORE,1,2025-03-07 20:25:00,PLANT-SH-01,False
U00919,R027,B07,B,VISUAL,INS02,EDGE,1,2025-03-07 20:25:00,PLANT-SH-01,False
U00920,R027,B07,B,VISUAL,INS06,CRACK,1,2025-03-07 20:25:00,PLANT-SH-01,False
U00921,R027,B07,B,VISUAL,INS04,NONE,0,2025-03-07 20:25:00,PLANT-SH-01,False
U00922,R027,B07,B,VISUAL,INS02,PORE,1,2025-03-07 20:25:00,PLANT-SH-01,False
U00923,R027,B07,B,VISUAL,INS05,CRACK,1,2025-03-07 20:25:00,PLANT-SH-01,False
U00924,R027,B07,B,XRAY,INS01,NONE,0,2025-03-07 20:25:00,PLANT-SH-01,False
U00925,R027,B07,B,VISUAL,INS03,PORE,1,2025-03-07 20:25:00,PLANT-SH-01,False
U00926,R027,B07,B,VISUAL,INS07,EDGE,1,2025-03-07 20:25:00,PLANT-SH-01,False
U00927,R027,B07,B,VISUAL,INS03,PORE,1,2025-03-07 20:25:00,PLANT-SH-01,False
U00928,R027,B07,B,VISUAL,INS06,PORE,1,2025-03-07 20:25:00,PLANT-SH-01,False
U00929,R027,B07,B,VISUAL,INS03,NONE,0,2025-03-07 20:25:00,PLANT-SH-01,False
U00930,R027,B07,B,VISUAL,INS07,PORE,1,2025-03-07 20:25:00,PLANT-SH-01,False
U00931,R027,B07,B,VISUAL,INS03,DIMENSION,1,2025-03-07 20:25:00,PLANT-SH-01,False
U00932,R027,B07,B,XRAY,INS03,PORE,1,2025-03-07 20:25:00,PLANT-SH-01,False
U00933,R027,B07,B,VISUAL,INS01,DIMENSION,1,2025-03-07 20:25:00,PLANT-SH-01,False
U00934,R027,B07,B,VISUAL,INS05,NONE,0,2025-03-07 20:25:00,PLANT-SH-01,False
U00935,R027,B07,B,XRAY,INS08,PORE,1,2025-03-07 20:25:00,PLANT-SH-01,False
U00936,R027,B07,B,VISUAL,INS01,NONE,0,2025-03-07 20:25:00,PLANT-SH-01,False
U00937,R027,B07,B,VISUAL,INS04,NONE,0,2025-03-07 20:25:00,PLANT-SH-01,False
U00938,R027,B07,B,XRAY,INS02,PORE,1,2025-03-07 20:25:00,PLANT-SH-01,False
U00939,R027,B07,B,VISUAL,INS02,PORE,1,2025-03-07 20:25:00,PLANT-SH-01,False
U00940,R027,B07,B,VISUAL,INS03,EDGE,1,2025-03-07 20:25:00,PLANT-SH-01,False
U00941,R027,B07,B,VISUAL,INS05,CONTAMINATION,1,2025-03-07 20:25:00,PLANT-SH-01,False
U00942,R028,B07,B,VISUAL,INS08,CONTAMINATION,1,2025-03-08 00:39:00,PLANT-SH-01,False
U00943,R028,B07,B,XRAY,INS08,NONE,0,2025-03-08 00:39:00,PLANT-SH-01,False
U00944,R028,B07,B,DIMENSION,INS08,DIMENSION,1,2025-03-08 00:39:00,PLANT-SH-01,False
U00945,R028,B07,B,VISUAL,INS06,DIMENSION,1,2025-03-08 00:39:00,PLANT-SH-01,False
U00946,R028,B07,B,XRAY,INS03,NONE,0,2025-03-08 00:39:00,PLANT-SH-01,False
U00947,R028,B07,B,VISUAL,INS05,PORE,1,2025-03-08 00:39:00,PLANT-SH-01,False
U00948,R028,B07,B,VISUAL,INS01,NONE,0,2025-03-08 00:39:00,PLANT-SH-01,False
U00949,R028,B07,B,XRAY,INS08,PORE,1,2025-03-08 00:39:00,PLANT-SH-01,False
U00950,R028,B07,B,XRAY,INS06,EDGE,1,2025-03-08 00:39:00,PLANT-SH-01,False
U00951,R028,B07,B,VISUAL,INS04,DIMENSION,1,2025-03-08 00:39:00,PLANT-SH-01,False
U00952,R028,B07,B,XRAY,INS08,PORE,1,2025-03-08 00:39:00,PLANT-SH-01,False
U00953,R028,B07,B,VISUAL,INS06,PORE,1,2025-03-08 00:39:00,PLANT-SH-01,False
U00954,R028,B07,B,VISUAL,INS04,NONE,0,2025-03-08 00:39:00,PLANT-SH-01,False
U00955,R028,B07,B,VISUAL,INS08,NONE,0,2025-03-08 00:39:00,PLANT-SH-01,False
U00956,R028,B07,B,XRAY,INS04,CRACK,1,2025-03-08 00:39:00,PLANT-SH-01,False
U00957,R028,B07,B,VISUAL,INS05,EDGE,1,2025-03-08 00:39:00,PLANT-SH-01,False
U00958,R028,B07,B,VISUAL,INS01,NONE,0,2025-03-08 00:39:00,PLANT-SH-01,False
U00959,R028,B07,B,DIMENSION,INS06,CRACK,1,2025-03-08 00:39:00,PLANT-SH-01,False
U00960,R028,B07,B,XRAY,INS05,NONE,0,2025-03-08 00:39:00,PLANT-SH-01,False
U00961,R028,B07,B,VISUAL,INS07,NONE,0,2025-03-08 00:39:00,PLANT-SH-01,False
U00962,R028,B07,B,XRAY,INS03,NONE,0,2025-03-08 00:39:00,PLANT-SH-01,False
U00963,R028,B07,B,VISUAL,INS07,NONE,0,2025-03-08 00:39:00,PLANT-SH-01,False
U00964,R028,B07,B,XRAY,INS08,PORE,1,2025-03-08 00:39:00,PLANT-SH-01,False
U00965,R028,B07,B,XRAY,INS02,NONE,0,2025-03-08 00:39:00,PLANT-SH-01,False
U00966,R028,B07,B,VISUAL,INS02,CONTAMINATION,1,2025-03-08 00:39:00,PLANT-SH-01,False
U00967,R028,B07,B,XRAY,INS08,CONTAMINATION,1,2025-03-08 00:39:00,PLANT-SH-01,False
U00968,R028,B07,B,VISUAL,INS08,NONE,0,2025-03-08 00:39:00,PLANT-SH-01,False
U00969,R028,B07,B,XRAY,INS07,NONE,0,2025-03-08 00:39:00,PLANT-SH-01,False
U00970,R028,B07,B,VISUAL,INS01,NONE,0,2025-03-08 00:39:00,PLANT-SH-01,False
U00971,R028,B07,B,VISUAL,INS03,CONTAMINATION,1,2025-03-08 00:39:00,PLANT-SH-01,False
U00972,R028,B07,B,VISUAL,INS02,NONE,0,2025-03-08 00:39:00,PLANT-SH-01,False
U00973,R028,B07,B,VISUAL,INS05,NONE,0,2025-03-08 00:39:00,PLANT-SH-01,False
U00974,R028,B07,B,VISUAL,INS01,NONE,0,2025-03-08 00:39:00,PLANT-SH-01,False
U00975,R029,B08,C,VISUAL,INS03,NONE,0,2025-03-08 04:27:00,PLANT-SH-01,False
U00976,R029,B08,C,VISUAL,INS01,NONE,0,2025-03-08 04:27:00,PLANT-SH-01,False
U00977,R029,B08,C,VISUAL,INS06,NONE,0,2025-03-08 04:27:00,PLANT-SH-01,False
U00978,R029,B08,C,XRAY,INS03,NONE,0,2025-03-08 04:27:00,PLANT-SH-01,False
U00979,R029,B08,C,VISUAL,INS03,NONE,0,2025-03-08 04:27:00,PLANT-SH-01,False
U00980,R029,B08,C,XRAY,INS02,NONE,0,2025-03-08 04:27:00,PLANT-SH-01,False
U00981,R029,B08,C,VISUAL,INS08,NONE,0,2025-03-08 04:27:00,PLANT-SH-01,False
U00982,R029,B08,C,VISUAL,INS07,NONE,0,2025-03-08 04:27:00,PLANT-SH-01,False
U00983,R029,B08,C,VISUAL,INS02,NONE,0,2025-03-08 04:27:00,PLANT-SH-01,False
U00984,R029,B08,C,VISUAL,INS04,NONE,0,2025-03-08 04:27:00,PLANT-SH-01,False
U00985,R029,B08,C,DIMENSION,INS01,NONE,0,2025-03-08 04:27:00,PLANT-SH-01,False
U00986,R029,B08,C,VISUAL,INS08,NONE,0,2025-03-08 04:27:00,PLANT-SH-01,False
U00987,R029,B08,C,VISUAL,INS06,NONE,0,2025-03-08 04:27:00,PLANT-SH-01,False
U00988,R029,B08,C,VISUAL,INS06,PORE,1,2025-03-08 04:27:00,PLANT-SH-01,False
U00989,R029,B08,C,DIMENSION,INS06,NONE,0,2025-03-08 04:27:00,PLANT-SH-01,False
U00990,R029,B08,C,VISUAL,INS03,NONE,0,2025-03-08 04:27:00,PLANT-SH-01,False
U00991,R029,B08,C,VISUAL,INS05,NONE,0,2025-03-08 04:27:00,PLANT-SH-01,False
U00992,R029,B08,C,VISUAL,INS02,NONE,0,2025-03-08 04:27:00,PLANT-SH-01,False
U00993,R029,B08,C,XRAY,INS04,NONE,0,2025-03-08 04:27:00,PLANT-SH-01,False
U00994,R029,B08,C,VISUAL,INS06,NONE,0,2025-03-08 04:27:00,PLANT-SH-01,False
U00995,R029,B08,C,VISUAL,INS08,NONE,0,2025-03-08 04:27:00,PLANT-SH-01,False
U00996,R029,B08,C,XRAY,INS07,NONE,0,2025-03-08 04:27:00,PLANT-SH-01,False
U00997,R029,B08,C,VISUAL,INS04,NONE,0,2025-03-08 04:27:00,PLANT-SH-01,False
U00998,R029,B08,C,VISUAL,INS02,NONE,0,2025-03-08 04:27:00,PLANT-SH-01,False
U00999,R029,B08,C,XRAY,INS01,NONE,0,2025-03-08 04:27:00,PLANT-SH-01,False
U01000,R029,B08,C,DIMENSION,INS01,NONE,0,2025-03-08 04:27:00,PLANT-SH-01,False
U01001,R029,B08,C,VISUAL,INS07,NONE,0,2025-03-08 04:27:00,PLANT-SH-01,False
U01002,R029,B08,C,VISUAL,INS03,NONE,0,2025-03-08 04:27:00,PLANT-SH-01,False
U01003,R029,B08,C,DIMENSION,INS03,NONE,0,2025-03-08 04:27:00,PLANT-SH-01,False
U01004,R029,B08,C,VISUAL,INS06,NONE,0,2025-03-08 04:27:00,PLANT-SH-01,False
U01005,R029,B08,C,XRAY,INS06,NONE,0,2025-03-08 04:27:00,PLANT-SH-01,False
U01006,R029,B08,C,VISUAL,INS01,NONE,0,2025-03-08 04:27:00,PLANT-SH-01,False
U01007,R029,B08,C,VISUAL,INS06,NONE,0,2025-03-08 04:27:00,PLANT-SH-01,False
U01008,R029,B08,C,VISUAL,INS08,NONE,0,2025-03-08 04:27:00,PLANT-SH-01,False
U01009,R029,B08,C,DIMENSION,INS06,NONE,0,2025-03-08 04:27:00,PLANT-SH-01,False
U01010,R029,B08,C,VISUAL,INS03,NONE,0,2025-03-08 04:27:00,PLANT-SH-01,False
U01011,R029,B08,C,VISUAL,INS01,NONE,0,2025-03-08 04:27:00,PLANT-SH-01,False
U01012,R030,B08,C,XRAY,INS05,NONE,0,2025-03-08 09:21:00,PLANT-SH-01,False
U01013,R030,B08,C,XRAY,INS07,NONE,0,2025-03-08 09:21:00,PLANT-SH-01,False
U01014,R030,B08,C,VISUAL,INS07,NONE,0,2025-03-08 09:21:00,PLANT-SH-01,False
U01015,R030,B08,C,XRAY,INS06,NONE,0,2025-03-08 09:21:00,PLANT-SH-01,False
U01016,R030,B08,C,VISUAL,INS07,NONE,0,2025-03-08 09:21:00,PLANT-SH-01,False
U01017,R030,B08,C,VISUAL,INS04,NONE,0,2025-03-08 09:21:00,PLANT-SH-01,False
U01018,R030,B08,C,VISUAL,INS03,NONE,0,2025-03-08 09:21:00,PLANT-SH-01,False
U01019,R030,B08,C,VISUAL,INS01,NONE,0,2025-03-08 09:21:00,PLANT-SH-01,False
U01020,R030,B08,C,VISUAL,INS07,NONE,0,2025-03-08 09:21:00,PLANT-SH-01,False
U01021,R030,B08,C,VISUAL,INS04,NONE,0,2025-03-08 09:21:00,PLANT-SH-01,False
U01022,R030,B08,C,DIMENSION,INS06,NONE,0,2025-03-08 09:21:00,PLANT-SH-01,False
U01023,R030,B08,C,DIMENSION,INS06,NONE,0,2025-03-08 09:21:00,PLANT-SH-01,False
U01024,R030,B08,C,XRAY,INS01,NONE,0,2025-03-08 09:21:00,PLANT-SH-01,False
U01025,R030,B08,C,VISUAL,INS02,NONE,0,2025-03-08 09:21:00,PLANT-SH-01,False
U01026,R030,B08,C,VISUAL,INS06,NONE,0,2025-03-08 09:21:00,PLANT-SH-01,False
U01027,R030,B08,C,XRAY,INS03,NONE,0,2025-03-08 09:21:00,PLANT-SH-01,False
U01028,R030,B08,C,VISUAL,INS04,NONE,0,2025-03-08 09:21:00,PLANT-SH-01,False
U01029,R030,B08,C,XRAY,INS02,NONE,0,2025-03-08 09:21:00,PLANT-SH-01,False
U01030,R030,B08,C,VISUAL,INS05,NONE,0,2025-03-08 09:21:00,PLANT-SH-01,False
U01031,R030,B08,C,VISUAL,INS06,NONE,0,2025-03-08 09:21:00,PLANT-SH-01,False
U01032,R030,B08,C,XRAY,INS07,NONE,0,2025-03-08 09:21:00,PLANT-SH-01,False
U01033,R030,B08,C,VISUAL,INS08,PORE,1,2025-03-08 09:21:00,PLANT-SH-01,False
U01034,R030,B08,C,VISUAL,INS04,NONE,0,2025-03-08 09:21:00,PLANT-SH-01,False
U01035,R030,B08,C,VISUAL,INS01,NONE,0,2025-03-08 09:21:00,PLANT-SH-01,False
U01036,R030,B08,C,VISUAL,INS01,NONE,0,2025-03-08 09:21:00,PLANT-SH-01,False
U01037,R030,B08,C,XRAY,INS04,NONE,0,2025-03-08 09:21:00,PLANT-SH-01,False
U01038,R030,B08,C,VISUAL,INS02,NONE,0,2025-03-08 09:21:00,PLANT-SH-01,False
U01039,R030,B08,C,VISUAL,INS07,NONE,0,2025-03-08 09:21:00,PLANT-SH-01,False
U01040,R030,B08,C,XRAY,INS06,NONE,0,2025-03-08 09:21:00,PLANT-SH-01,False
U01041,R030,B08,C,DIMENSION,INS03,NONE,0,2025-03-08 09:21:00,PLANT-SH-01,False
U01042,R030,B08,C,XRAY,INS07,NONE,0,2025-03-08 09:21:00,PLANT-SH-01,False
U01043,R030,B08,C,VISUAL,INS01,NONE,0,2025-03-08 09:21:00,PLANT-SH-01,False
U01044,R030,B08,C,VISUAL,INS04,NONE,0,2025-03-08 09:21:00,PLANT-SH-01,False
U01045,R030,B08,C,XRAY,INS08,NONE,0,2025-03-08 09:21:00,PLANT-SH-01,False
U01046,R030,B08,C,VISUAL,INS06,NONE,0,2025-03-08 09:21:00,PLANT-SH-01,False
U01047,R030,B08,C,XRAY,INS06,NONE,0,2025-03-08 09:21:00,PLANT-SH-01,False
U01048,R030,B08,C,VISUAL,INS05,NONE,0,2025-03-08 09:21:00,PLANT-SH-01,False
U01049,R030,B08,C,VISUAL,INS08,NONE,0,2025-03-08 09:21:00,PLANT-SH-01,False
U01050,R030,B08,C,VISUAL,INS06,NONE,0,2025-03-08 09:21:00,PLANT-SH-01,False
U01051,R030,B08,C,XRAY,INS04,NONE,0,2025-03-08 09:21:00,PLANT-SH-01,False
U01052,R031,B08,A,XRAY,INS03,NONE,0,2025-03-08 12:59:00,PLANT-SH-01,False
U01053,R031,B08,A,VISUAL,INS04,NONE,0,2025-03-08 12:59:00,PLANT-SH-01,False
U01054,R031,B08,A,VISUAL,INS05,DIMENSION,1,2025-03-08 12:59:00,PLANT-SH-01,False
U01055,R031,B08,A,VISUAL,INS08,NONE,0,2025-03-08 12:59:00,PLANT-SH-01,False
U01056,R031,B08,A,VISUAL,INS06,DIMENSION,1,2025-03-08 12:59:00,PLANT-SH-01,False
U01057,R031,B08,A,VISUAL,INS03,NONE,0,2025-03-08 12:59:00,PLANT-SH-01,False
U01058,R031,B08,A,VISUAL,INS03,PORE,1,2025-03-08 12:59:00,PLANT-SH-01,False
U01059,R031,B08,A,VISUAL,INS01,NONE,0,2025-03-08 12:59:00,PLANT-SH-01,False
U01060,R031,B08,A,DIMENSION,INS02,PORE,1,2025-03-08 12:59:00,PLANT-SH-01,False
U01061,R031,B08,A,VISUAL,INS01,NONE,0,2025-03-08 12:59:00,PLANT-SH-01,False
U01062,R031,B08,A,XRAY,INS05,NONE,0,2025-03-08 12:59:00,PLANT-SH-01,False
U01063,R031,B08,A,VISUAL,INS07,CONTAMINATION,1,2025-03-08 12:59:00,PLANT-SH-01,False
U01064,R031,B08,A,VISUAL,INS08,NONE,0,2025-03-08 12:59:00,PLANT-SH-01,False
U01065,R031,B08,A,XRAY,INS04,PORE,1,2025-03-08 12:59:00,PLANT-SH-01,False
U01066,R031,B08,A,DIMENSION,INS08,NONE,0,2025-03-08 12:59:00,PLANT-SH-01,False
U01067,R031,B08,A,VISUAL,INS01,PORE,1,2025-03-08 12:59:00,PLANT-SH-01,False
U01068,R031,B08,A,VISUAL,INS03,NONE,0,2025-03-08 12:59:00,PLANT-SH-01,False
U01069,R031,B08,A,VISUAL,INS04,DIMENSION,1,2025-03-08 12:59:00,PLANT-SH-01,False
U01070,R031,B08,A,VISUAL,INS03,NONE,0,2025-03-08 12:59:00,PLANT-SH-01,False
U01071,R031,B08,A,VISUAL,INS05,NONE,0,2025-03-08 12:59:00,PLANT-SH-01,False
U01072,R031,B08,A,VISUAL,INS05,NONE,0,2025-03-08 12:59:00,PLANT-SH-01,False
U01073,R031,B08,A,VISUAL,INS05,NONE,0,2025-03-08 12:59:00,PLANT-SH-01,False
U01074,R031,B08,A,VISUAL,INS04,NONE,0,2025-03-08 12:59:00,PLANT-SH-01,False
U01075,R031,B08,A,VISUAL,INS06,NONE,0,2025-03-08 12:59:00,PLANT-SH-01,False
U01076,R031,B08,A,XRAY,INS01,NONE,0,2025-03-08 12:59:00,PLANT-SH-01,False
U01077,R031,B08,A,VISUAL,INS08,EDGE,1,2025-03-08 12:59:00,PLANT-SH-01,False
U01078,R031,B08,A,VISUAL,INS07,NONE,0,2025-03-08 12:59:00,PLANT-SH-01,False
U01079,R031,B08,A,XRAY,INS08,NONE,0,2025-03-08 12:59:00,PLANT-SH-01,False
U01080,R031,B08,A,DIMENSION,INS07,NONE,0,2025-03-08 12:59:00,PLANT-SH-01,False
U01081,R031,B08,A,DIMENSION,INS05,NONE,0,2025-03-08 12:59:00,PLANT-SH-01,False
U01082,R031,B08,A,VISUAL,INS01,NONE,0,2025-03-08 12:59:00,PLANT-SH-01,False
U01083,R031,B08,A,VISUAL,INS05,CRACK,1,2025-03-08 12:59:00,PLANT-SH-01,False
U01084,R031,B08,A,VISUAL,INS01,NONE,0,2025-03-08 12:59:00,PLANT-SH-01,False
U01085,R031,B08,A,XRAY,INS04,NONE,0,2025-03-08 12:59:00,PLANT-SH-01,False
U01086,R031,B08,A,VISUAL,INS03,NONE,0,2025-03-08 12:59:00,PLANT-SH-01,False
U01087,R031,B08,A,XRAY,INS03,NONE,0,2025-03-08 12:59:00,PLANT-SH-01,False
U01088,R031,B08,A,VISUAL,INS02,NONE,0,2025-03-08 12:59:00,PLANT-SH-01,False
U01089,R031,B08,A,DIMENSION,INS02,NONE,0,2025-03-08 12:59:00,PLANT-SH-01,False
U01090,R031,B08,A,VISUAL,INS04,PORE,1,2025-03-08 12:59:00,PLANT-SH-01,False
U01091,R032,B08,A,XRAY,INS07,NONE,0,2025-03-08 17:23:00,PLANT-SH-01,False
U01092,R032,B08,A,VISUAL,INS08,NONE,0,2025-03-08 17:23:00,PLANT-SH-01,False
U01093,R032,B08,A,DIMENSION,INS01,NONE,0,2025-03-08 17:23:00,PLANT-SH-01,False
U01094,R032,B08,A,VISUAL,INS06,NONE,0,2025-03-08 17:23:00,PLANT-SH-01,False
U01095,R032,B08,A,VISUAL,INS06,NONE,0,2025-03-08 17:23:00,PLANT-SH-01,False
U01096,R032,B08,A,VISUAL,INS05,CRACK,1,2025-03-08 17:23:00,PLANT-SH-01,False
U01097,R032,B08,A,VISUAL,INS03,NONE,0,2025-03-08 17:23:00,PLANT-SH-01,False
U01098,R032,B08,A,XRAY,INS01,NONE,0,2025-03-08 17:23:00,PLANT-SH-01,False
U01099,R032,B08,A,DIMENSION,INS07,NONE,0,2025-03-08 17:23:00,PLANT-SH-01,False
U01100,R032,B08,A,VISUAL,INS07,NONE,0,2025-03-08 17:23:00,PLANT-SH-01,False
U01101,R032,B08,A,XRAY,INS06,CONTAMINATION,1,2025-03-08 17:23:00,PLANT-SH-01,False
U01102,R032,B08,A,DIMENSION,INS04,NONE,0,2025-03-08 17:23:00,PLANT-SH-01,False
U01103,R032,B08,A,DIMENSION,INS07,NONE,0,2025-03-08 17:23:00,PLANT-SH-01,False
U01104,R032,B08,A,VISUAL,INS05,NONE,0,2025-03-08 17:23:00,PLANT-SH-01,False
U01105,R032,B08,A,DIMENSION,INS01,PORE,1,2025-03-08 17:23:00,PLANT-SH-01,False
U01106,R032,B08,A,XRAY,INS02,DIMENSION,1,2025-03-08 17:23:00,PLANT-SH-01,False
U01107,R032,B08,A,VISUAL,INS03,NONE,0,2025-03-08 17:23:00,PLANT-SH-01,False
U01108,R032,B08,A,VISUAL,INS04,PORE,1,2025-03-08 17:23:00,PLANT-SH-01,False
U01109,R032,B08,A,XRAY,INS07,CRACK,1,2025-03-08 17:23:00,PLANT-SH-01,False
U01110,R032,B08,A,VISUAL,INS04,NONE,0,2025-03-08 17:23:00,PLANT-SH-01,False
U01111,R032,B08,A,VISUAL,INS07,CONTAMINATION,1,2025-03-08 17:23:00,PLANT-SH-01,False
U01112,R032,B08,A,XRAY,INS06,DIMENSION,1,2025-03-08 17:23:00,PLANT-SH-01,False
U01113,R032,B08,A,VISUAL,INS07,DIMENSION,1,2025-03-08 17:23:00,PLANT-SH-01,False
U01114,R032,B08,A,XRAY,INS07,EDGE,1,2025-03-08 17:23:00,PLANT-SH-01,False
U01115,R032,B08,A,VISUAL,INS07,DIMENSION,1,2025-03-08 17:23:00,PLANT-SH-01,False
U01116,R032,B08,A,VISUAL,INS05,NONE,0,2025-03-08 17:23:00,PLANT-SH-01,False
U01117,R032,B08,A,VISUAL,INS03,NONE,0,2025-03-08 17:23:00,PLANT-SH-01,False
U01118,R032,B08,A,VISUAL,INS04,EDGE,1,2025-03-08 17:23:00,PLANT-SH-01,False
U01119,R032,B08,A,DIMENSION,INS08,DIMENSION,1,2025-03-08 17:23:00,PLANT-SH-01,False
U01120,R032,B08,A,VISUAL,INS04,NONE,0,2025-03-08 17:23:00,PLANT-SH-01,False
U01121,R032,B08,A,XRAY,INS06,EDGE,1,2025-03-08 17:23:00,PLANT-SH-01,False
U01122,R033,B09,B,VISUAL,INS08,NONE,0,2025-03-08 20:11:00,PLANT-SH-01,False
U01123,R033,B09,B,XRAY,INS01,NONE,0,2025-03-08 20:11:00,PLANT-SH-01,False
U01124,R033,B09,B,VISUAL,INS01,NONE,0,2025-03-08 20:11:00,PLANT-SH-01,False
U01125,R033,B09,B,VISUAL,INS08,NONE,0,2025-03-08 20:11:00,PLANT-SH-01,False
U01126,R033,B09,B,XRAY,INS02,NONE,0,2025-03-08 20:11:00,PLANT-SH-01,False
U01127,R033,B09,B,XRAY,INS04,NONE,0,2025-03-08 20:11:00,PLANT-SH-01,False
U01128,R033,B09,B,VISUAL,INS07,NONE,0,2025-03-08 20:11:00,PLANT-SH-01,False
U01129,R033,B09,B,VISUAL,INS04,NONE,0,2025-03-08 20:11:00,PLANT-SH-01,False
U01130,R033,B09,B,VISUAL,INS01,NONE,0,2025-03-08 20:11:00,PLANT-SH-01,False
U01131,R033,B09,B,XRAY,INS04,NONE,0,2025-03-08 20:11:00,PLANT-SH-01,False
U01132,R033,B09,B,XRAY,INS01,NONE,0,2025-03-08 20:11:00,PLANT-SH-01,False
U01133,R033,B09,B,VISUAL,INS01,NONE,0,2025-03-08 20:11:00,PLANT-SH-01,False
U01134,R033,B09,B,VISUAL,INS06,NONE,0,2025-03-08 20:11:00,PLANT-SH-01,False
U01135,R033,B09,B,XRAY,INS01,NONE,0,2025-03-08 20:11:00,PLANT-SH-01,False
U01136,R033,B09,B,XRAY,INS03,NONE,0,2025-03-08 20:11:00,PLANT-SH-01,False
U01137,R033,B09,B,VISUAL,INS01,NONE,0,2025-03-08 20:11:00,PLANT-SH-01,False
U01138,R033,B09,B,VISUAL,INS08,NONE,0,2025-03-08 20:11:00,PLANT-SH-01,False
U01139,R033,B09,B,XRAY,INS06,NONE,0,2025-03-08 20:11:00,PLANT-SH-01,False
U01140,R033,B09,B,XRAY,INS07,NONE,0,2025-03-08 20:11:00,PLANT-SH-01,False
U01141,R033,B09,B,XRAY,INS05,NONE,0,2025-03-08 20:11:00,PLANT-SH-01,False
U01142,R033,B09,B,XRAY,INS02,NONE,0,2025-03-08 20:11:00,PLANT-SH-01,False
U01143,R033,B09,B,VISUAL,INS04,NONE,0,2025-03-08 20:11:00,PLANT-SH-01,False
U01144,R033,B09,B,VISUAL,INS08,NONE,0,2025-03-08 20:11:00,PLANT-SH-01,False
U01145,R033,B09,B,VISUAL,INS08,NONE,0,2025-03-08 20:11:00,PLANT-SH-01,False
U01146,R033,B09,B,XRAY,INS04,NONE,0,2025-03-08 20:11:00,PLANT-SH-01,False
U01147,R033,B09,B,DIMENSION,INS08,NONE,0,2025-03-08 20:11:00,PLANT-SH-01,False
U01148,R033,B09,B,XRAY,INS04,NONE,0,2025-03-08 20:11:00,PLANT-SH-01,False
U01149,R033,B09,B,VISUAL,INS07,NONE,0,2025-03-08 20:11:00,PLANT-SH-01,False
U01150,R033,B09,B,XRAY,INS07,NONE,0,2025-03-08 20:11:00,PLANT-SH-01,False
U01151,R033,B09,B,XRAY,INS02,NONE,0,2025-03-08 20:11:00,PLANT-SH-01,False
U01152,R033,B09,B,XRAY,INS06,NONE,0,2025-03-08 20:11:00,PLANT-SH-01,False
U01153,R033,B09,B,VISUAL,INS03,NONE,0,2025-03-08 20:11:00,PLANT-SH-01,False
U01154,R033,B09,B,XRAY,INS06,NONE,0,2025-03-08 20:11:00,PLANT-SH-01,False
U01155,R033,B09,B,XRAY,INS05,NONE,0,2025-03-08 20:11:00,PLANT-SH-01,False
U01156,R033,B09,B,XRAY,INS03,NONE,0,2025-03-08 20:11:00,PLANT-SH-01,False
U01157,R034,B09,B,XRAY,INS02,PORE,1,2025-03-09 00:01:00,PLANT-SH-01,False
U01158,R034,B09,B,XRAY,INS02,EDGE,1,2025-03-09 00:01:00,PLANT-SH-01,False
U01159,R034,B09,B,XRAY,INS07,CONTAMINATION,1,2025-03-09 00:01:00,PLANT-SH-01,False
U01160,R034,B09,B,VISUAL,INS01,EDGE,1,2025-03-09 00:01:00,PLANT-SH-01,False
U01161,R034,B09,B,DIMENSION,INS04,CONTAMINATION,1,2025-03-09 00:01:00,PLANT-SH-01,False
U01162,R034,B09,B,DIMENSION,INS05,PORE,1,2025-03-09 00:01:00,PLANT-SH-01,False
U01163,R034,B09,B,VISUAL,INS05,NONE,0,2025-03-09 00:01:00,PLANT-SH-01,False
U01164,R034,B09,B,VISUAL,INS01,NONE,0,2025-03-09 00:01:00,PLANT-SH-01,False
U01165,R034,B09,B,XRAY,INS01,EDGE,1,2025-03-09 00:01:00,PLANT-SH-01,False
U01166,R034,B09,B,XRAY,INS08,NONE,0,2025-03-09 00:01:00,PLANT-SH-01,False
U01167,R034,B09,B,VISUAL,INS07,NONE,0,2025-03-09 00:01:00,PLANT-SH-01,False
U01168,R034,B09,B,VISUAL,INS08,PORE,1,2025-03-09 00:01:00,PLANT-SH-01,False
U01169,R034,B09,B,XRAY,INS04,NONE,0,2025-03-09 00:01:00,PLANT-SH-01,False
U01170,R034,B09,B,VISUAL,INS01,DIMENSION,1,2025-03-09 00:01:00,PLANT-SH-01,False
U01171,R034,B09,B,XRAY,INS08,PORE,1,2025-03-09 00:01:00,PLANT-SH-01,False
U01172,R034,B09,B,DIMENSION,INS07,DIMENSION,1,2025-03-09 00:01:00,PLANT-SH-01,False
U01173,R034,B09,B,VISUAL,INS06,NONE,0,2025-03-09 00:01:00,PLANT-SH-01,False
U01174,R034,B09,B,XRAY,INS05,NONE,0,2025-03-09 00:01:00,PLANT-SH-01,False
U01175,R034,B09,B,XRAY,INS06,NONE,0,2025-03-09 00:01:00,PLANT-SH-01,False
U01176,R034,B09,B,XRAY,INS03,EDGE,1,2025-03-09 00:01:00,PLANT-SH-01,False
U01177,R034,B09,B,VISUAL,INS04,NONE,0,2025-03-09 00:01:00,PLANT-SH-01,False
U01178,R034,B09,B,VISUAL,INS05,CRACK,1,2025-03-09 00:01:00,PLANT-SH-01,False
U01179,R034,B09,B,VISUAL,INS08,NONE,0,2025-03-09 00:01:00,PLANT-SH-01,False
U01180,R034,B09,B,DIMENSION,INS05,PORE,1,2025-03-09 00:01:00,PLANT-SH-01,False
U01181,R034,B09,B,XRAY,INS02,DIMENSION,1,2025-03-09 00:01:00,PLANT-SH-01,False
U01182,R034,B09,B,VISUAL,INS07,NONE,0,2025-03-09 00:01:00,PLANT-SH-01,False
U01183,R034,B09,B,VISUAL,INS01,PORE,1,2025-03-09 00:01:00,PLANT-SH-01,False
U01184,R034,B09,B,VISUAL,INS06,NONE,0,2025-03-09 00:01:00,PLANT-SH-01,False
U01185,R034,B09,B,VISUAL,INS08,NONE,0,2025-03-09 00:01:00,PLANT-SH-01,False
U01186,R034,B09,B,VISUAL,INS08,PORE,1,2025-03-09 00:01:00,PLANT-SH-01,False
U01187,R034,B09,B,XRAY,INS06,NONE,0,2025-03-09 00:01:00,PLANT-SH-01,False
U01188,R034,B09,B,DIMENSION,INS08,PORE,1,2025-03-09 00:01:00,PLANT-SH-01,False
U01189,R034,B09,B,VISUAL,INS01,CRACK,1,2025-03-09 00:01:00,PLANT-SH-01,False
U01190,R034,B09,B,XRAY,INS05,CRACK,1,2025-03-09 00:01:00,PLANT-SH-01,False
U01191,R034,B09,B,VISUAL,INS05,EDGE,1,2025-03-09 00:01:00,PLANT-SH-01,False
U01192,R034,B09,B,VISUAL,INS01,PORE,1,2025-03-09 00:01:00,PLANT-SH-01,False
U01193,R034,B09,B,VISUAL,INS05,DIMENSION,1,2025-03-09 00:01:00,PLANT-SH-01,False
U01194,R035,B09,C,VISUAL,INS01,NONE,0,2025-03-09 04:35:00,PLANT-SH-01,False
U01195,R035,B09,C,VISUAL,INS01,NONE,0,2025-03-09 04:35:00,PLANT-SH-01,False
U01196,R035,B09,C,XRAY,INS01,NONE,0,2025-03-09 04:35:00,PLANT-SH-01,False
U01197,R035,B09,C,XRAY,INS05,NONE,0,2025-03-09 04:35:00,PLANT-SH-01,False
U01198,R035,B09,C,VISUAL,INS03,NONE,0,2025-03-09 04:35:00,PLANT-SH-01,False
U01199,R035,B09,C,XRAY,INS03,NONE,0,2025-03-09 04:35:00,PLANT-SH-01,False
U01200,R035,B09,C,VISUAL,INS04,NONE,0,2025-03-09 04:35:00,PLANT-SH-01,False
U01201,R035,B09,C,VISUAL,INS03,NONE,0,2025-03-09 04:35:00,PLANT-SH-01,False
U01202,R035,B09,C,XRAY,INS05,NONE,0,2025-03-09 04:35:00,PLANT-SH-01,False
U01203,R035,B09,C,VISUAL,INS06,NONE,0,2025-03-09 04:35:00,PLANT-SH-01,False
U01204,R035,B09,C,VISUAL,INS07,NONE,0,2025-03-09 04:35:00,PLANT-SH-01,False
U01205,R035,B09,C,VISUAL,INS03,NONE,0,2025-03-09 04:35:00,PLANT-SH-01,False
U01206,R035,B09,C,DIMENSION,INS03,NONE,0,2025-03-09 04:35:00,PLANT-SH-01,False
U01207,R035,B09,C,VISUAL,INS06,NONE,0,2025-03-09 04:35:00,PLANT-SH-01,False
U01208,R035,B09,C,VISUAL,INS03,NONE,0,2025-03-09 04:35:00,PLANT-SH-01,False
U01209,R035,B09,C,XRAY,INS02,NONE,0,2025-03-09 04:35:00,PLANT-SH-01,False
U01210,R035,B09,C,VISUAL,INS06,NONE,0,2025-03-09 04:35:00,PLANT-SH-01,False
U01211,R035,B09,C,VISUAL,INS02,NONE,0,2025-03-09 04:35:00,PLANT-SH-01,False
U01212,R035,B09,C,VISUAL,INS01,CRACK,1,2025-03-09 04:35:00,PLANT-SH-01,False
U01213,R035,B09,C,DIMENSION,INS05,CONTAMINATION,1,2025-03-09 04:35:00,PLANT-SH-01,False
U01214,R035,B09,C,VISUAL,INS08,NONE,0,2025-03-09 04:35:00,PLANT-SH-01,False
U01215,R035,B09,C,VISUAL,INS06,NONE,0,2025-03-09 04:35:00,PLANT-SH-01,False
U01216,R035,B09,C,VISUAL,INS02,NONE,0,2025-03-09 04:35:00,PLANT-SH-01,False
U01217,R035,B09,C,VISUAL,INS03,NONE,0,2025-03-09 04:35:00,PLANT-SH-01,False
U01218,R035,B09,C,DIMENSION,INS01,NONE,0,2025-03-09 04:35:00,PLANT-SH-01,False
U01219,R035,B09,C,VISUAL,INS02,NONE,0,2025-03-09 04:35:00,PLANT-SH-01,False
U01220,R035,B09,C,XRAY,INS01,NONE,0,2025-03-09 04:35:00,PLANT-SH-01,False
U01221,R035,B09,C,VISUAL,INS07,NONE,0,2025-03-09 04:35:00,PLANT-SH-01,False
U01222,R035,B09,C,XRAY,INS06,NONE,0,2025-03-09 04:35:00,PLANT-SH-01,False
U01223,R035,B09,C,VISUAL,INS07,NONE,0,2025-03-09 04:35:00,PLANT-SH-01,False
U01224,R035,B09,C,VISUAL,INS01,NONE,0,2025-03-09 04:35:00,PLANT-SH-01,False
U01225,R035,B09,C,XRAY,INS07,NONE,0,2025-03-09 04:35:00,PLANT-SH-01,False
U01226,R035,B09,C,VISUAL,INS04,NONE,0,2025-03-09 04:35:00,PLANT-SH-01,False
U01227,R035,B09,C,VISUAL,INS07,PORE,1,2025-03-09 04:35:00,PLANT-SH-01,False
U01228,R035,B09,C,VISUAL,INS04,EDGE,1,2025-03-09 04:35:00,PLANT-SH-01,False
U01229,R035,B09,C,VISUAL,INS06,NONE,0,2025-03-09 04:35:00,PLANT-SH-01,False
U01230,R035,B09,C,VISUAL,INS01,NONE,0,2025-03-09 04:35:00,PLANT-SH-01,False
U01231,R035,B09,C,VISUAL,INS07,NONE,0,2025-03-09 04:35:00,PLANT-SH-01,False
U01232,R035,B09,C,VISUAL,INS03,NONE,0,2025-03-09 04:35:00,PLANT-SH-01,False
U01233,R035,B09,C,DIMENSION,INS04,NONE,0,2025-03-09 04:35:00,PLANT-SH-01,False
U01234,R036,B09,C,DIMENSION,INS05,NONE,0,2025-03-09 08:14:00,PLANT-SH-01,False
U01235,R036,B09,C,XRAY,INS01,NONE,0,2025-03-09 08:14:00,PLANT-SH-01,False
U01236,R036,B09,C,VISUAL,INS08,NONE,0,2025-03-09 08:14:00,PLANT-SH-01,False
U01237,R036,B09,C,VISUAL,INS01,NONE,0,2025-03-09 08:14:00,PLANT-SH-01,False
U01238,R036,B09,C,VISUAL,INS04,NONE,0,2025-03-09 08:14:00,PLANT-SH-01,False
U01239,R036,B09,C,VISUAL,INS07,NONE,0,2025-03-09 08:14:00,PLANT-SH-01,False
U01240,R036,B09,C,VISUAL,INS08,NONE,0,2025-03-09 08:14:00,PLANT-SH-01,False
U01241,R036,B09,C,VISUAL,INS08,NONE,0,2025-03-09 08:14:00,PLANT-SH-01,False
U01242,R036,B09,C,VISUAL,INS05,NONE,0,2025-03-09 08:14:00,PLANT-SH-01,False
U01243,R036,B09,C,VISUAL,INS03,NONE,0,2025-03-09 08:14:00,PLANT-SH-01,False
U01244,R036,B09,C,VISUAL,INS03,NONE,0,2025-03-09 08:14:00,PLANT-SH-01,False
U01245,R036,B09,C,DIMENSION,INS05,NONE,0,2025-03-09 08:14:00,PLANT-SH-01,False
U01246,R036,B09,C,VISUAL,INS08,NONE,0,2025-03-09 08:14:00,PLANT-SH-01,False
U01247,R036,B09,C,VISUAL,INS02,NONE,0,2025-03-09 08:14:00,PLANT-SH-01,False
U01248,R036,B09,C,VISUAL,INS02,NONE,0,2025-03-09 08:14:00,PLANT-SH-01,False
U01249,R036,B09,C,VISUAL,INS01,NONE,0,2025-03-09 08:14:00,PLANT-SH-01,False
U01250,R036,B09,C,VISUAL,INS05,NONE,0,2025-03-09 08:14:00,PLANT-SH-01,False
U01251,R036,B09,C,VISUAL,INS04,NONE,0,2025-03-09 08:14:00,PLANT-SH-01,False
U01252,R036,B09,C,XRAY,INS06,NONE,0,2025-03-09 08:14:00,PLANT-SH-01,False
U01253,R036,B09,C,VISUAL,INS06,NONE,0,2025-03-09 08:14:00,PLANT-SH-01,False
U01254,R036,B09,C,VISUAL,INS05,NONE,0,2025-03-09 08:14:00,PLANT-SH-01,False
U01255,R036,B09,C,VISUAL,INS06,NONE,0,2025-03-09 08:14:00,PLANT-SH-01,False
U01256,R036,B09,C,XRAY,INS01,NONE,0,2025-03-09 08:14:00,PLANT-SH-01,False
U01257,R036,B09,C,XRAY,INS02,NONE,0,2025-03-09 08:14:00,PLANT-SH-01,False
U01258,R036,B09,C,VISUAL,INS08,NONE,0,2025-03-09 08:14:00,PLANT-SH-01,False
U01259,R036,B09,C,VISUAL,INS06,PORE,1,2025-03-09 08:14:00,PLANT-SH-01,False
U01260,R036,B09,C,VISUAL,INS06,NONE,0,2025-03-09 08:14:00,PLANT-SH-01,False
U01261,R036,B09,C,XRAY,INS04,PORE,1,2025-03-09 08:14:00,PLANT-SH-01,False
U01262,R036,B09,C,VISUAL,INS02,NONE,0,2025-03-09 08:14:00,PLANT-SH-01,False
U01263,R036,B09,C,XRAY,INS04,NONE,0,2025-03-09 08:14:00,PLANT-SH-01,False
U01264,R036,B09,C,VISUAL,INS07,NONE,0,2025-03-09 08:14:00,PLANT-SH-01,False
U01265,R036,B09,C,VISUAL,INS02,NONE,0,2025-03-09 08:14:00,PLANT-SH-01,False
U01266,R036,B09,C,DIMENSION,INS05,NONE,0,2025-03-09 08:14:00,PLANT-SH-01,False
U01267,R036,B09,C,XRAY,INS07,NONE,0,2025-03-09 08:14:00,PLANT-SH-01,False
U01268,R036,B09,C,XRAY,INS08,NONE,0,2025-03-09 08:14:00,PLANT-SH-01,False
U01269,R036,B09,C,VISUAL,INS07,NONE,0,2025-03-09 08:14:00,PLANT-SH-01,False
U01270,R036,B09,C,XRAY,INS07,NONE,0,2025-03-09 08:14:00,PLANT-SH-01,False
U01271,R037,B10,A,DIMENSION,INS06,NONE,0,2025-03-09 12:32:00,PLANT-SH-01,False
U01272,R037,B10,A,XRAY,INS08,NONE,0,2025-03-09 12:32:00,PLANT-SH-01,False
U01273,R037,B10,A,VISUAL,INS05,NONE,0,2025-03-09 12:32:00,PLANT-SH-01,False
U01274,R037,B10,A,DIMENSION,INS04,NONE,0,2025-03-09 12:32:00,PLANT-SH-01,False
U01275,R037,B10,A,VISUAL,INS01,NONE,0,2025-03-09 12:32:00,PLANT-SH-01,False
U01276,R037,B10,A,XRAY,INS05,NONE,0,2025-03-09 12:32:00,PLANT-SH-01,False
U01277,R037,B10,A,VISUAL,INS05,NONE,0,2025-03-09 12:32:00,PLANT-SH-01,False
U01278,R037,B10,A,VISUAL,INS07,NONE,0,2025-03-09 12:32:00,PLANT-SH-01,False
U01279,R037,B10,A,VISUAL,INS08,NONE,0,2025-03-09 12:32:00,PLANT-SH-01,False
U01280,R037,B10,A,VISUAL,INS06,NONE,0,2025-03-09 12:32:00,PLANT-SH-01,False
U01281,R037,B10,A,XRAY,INS06,NONE,0,2025-03-09 12:32:00,PLANT-SH-01,False
U01282,R037,B10,A,VISUAL,INS01,NONE,0,2025-03-09 12:32:00,PLANT-SH-01,False
U01283,R037,B10,A,VISUAL,INS05,NONE,0,2025-03-09 12:32:00,PLANT-SH-01,False
U01284,R037,B10,A,DIMENSION,INS07,NONE,0,2025-03-09 12:32:00,PLANT-SH-01,False
U01285,R037,B10,A,XRAY,INS03,NONE,0,2025-03-09 12:32:00,PLANT-SH-01,False
U01286,R037,B10,A,VISUAL,INS07,NONE,0,2025-03-09 12:32:00,PLANT-SH-01,False
U01287,R037,B10,A,XRAY,INS07,NONE,0,2025-03-09 12:32:00,PLANT-SH-01,False
U01288,R037,B10,A,VISUAL,INS03,NONE,0,2025-03-09 12:32:00,PLANT-SH-01,False
U01289,R037,B10,A,XRAY,INS02,NONE,0,2025-03-09 12:32:00,PLANT-SH-01,False
U01290,R037,B10,A,XRAY,INS03,NONE,0,2025-03-09 12:32:00,PLANT-SH-01,False
U01291,R037,B10,A,VISUAL,INS02,NONE,0,2025-03-09 12:32:00,PLANT-SH-01,False
U01292,R037,B10,A,VISUAL,INS02,NONE,0,2025-03-09 12:32:00,PLANT-SH-01,False
U01293,R037,B10,A,VISUAL,INS02,NONE,0,2025-03-09 12:32:00,PLANT-SH-01,False
U01294,R037,B10,A,VISUAL,INS06,NONE,0,2025-03-09 12:32:00,PLANT-SH-01,False
U01295,R037,B10,A,XRAY,INS04,CONTAMINATION,1,2025-03-09 12:32:00,PLANT-SH-01,False
U01296,R037,B10,A,DIMENSION,INS03,NONE,0,2025-03-09 12:32:00,PLANT-SH-01,False
U01297,R037,B10,A,XRAY,INS06,NONE,0,2025-03-09 12:32:00,PLANT-SH-01,False
U01298,R037,B10,A,VISUAL,INS07,NONE,0,2025-03-09 12:32:00,PLANT-SH-01,False
U01299,R037,B10,A,VISUAL,INS02,NONE,0,2025-03-09 12:32:00,PLANT-SH-01,False
U01300,R037,B10,A,XRAY,INS03,NONE,0,2025-03-09 12:32:00,PLANT-SH-01,False
U01301,R037,B10,A,DIMENSION,INS05,NONE,0,2025-03-09 12:32:00,PLANT-SH-01,False
U01302,R037,B10,A,VISUAL,INS06,NONE,0,2025-03-09 12:32:00,PLANT-SH-01,False
U01303,R037,B10,A,VISUAL,INS05,NONE,0,2025-03-09 12:32:00,PLANT-SH-01,False
U01304,R037,B10,A,XRAY,INS04,NONE,0,2025-03-09 12:32:00,PLANT-SH-01,False
U01305,R037,B10,A,XRAY,INS03,NONE,0,2025-03-09 12:32:00,PLANT-SH-01,False
U01306,R037,B10,A,VISUAL,INS02,NONE,0,2025-03-09 12:32:00,PLANT-SH-01,False
U01307,R037,B10,A,VISUAL,INS02,NONE,0,2025-03-09 12:32:00,PLANT-SH-01,False
U01308,R037,B10,A,XRAY,INS05,NONE,0,2025-03-09 12:32:00,PLANT-SH-01,False
U01309,R038,B10,A,VISUAL,INS01,NONE,0,2025-03-09 16:39:00,PLANT-SH-01,False
U01310,R038,B10,A,VISUAL,INS08,NONE,0,2025-03-09 16:39:00,PLANT-SH-01,False
U01311,R038,B10,A,XRAY,INS03,NONE,0,2025-03-09 16:39:00,PLANT-SH-01,False
U01312,R038,B10,A,VISUAL,INS04,NONE,0,2025-03-09 16:39:00,PLANT-SH-01,False
U01313,R038,B10,A,DIMENSION,INS01,NONE,0,2025-03-09 16:39:00,PLANT-SH-01,False
U01314,R038,B10,A,XRAY,INS05,NONE,0,2025-03-09 16:39:00,PLANT-SH-01,False
U01315,R038,B10,A,DIMENSION,INS05,NONE,0,2025-03-09 16:39:00,PLANT-SH-01,False
U01316,R038,B10,A,VISUAL,INS08,NONE,0,2025-03-09 16:39:00,PLANT-SH-01,False
U01317,R038,B10,A,DIMENSION,INS02,NONE,0,2025-03-09 16:39:00,PLANT-SH-01,False
U01318,R038,B10,A,XRAY,INS04,NONE,0,2025-03-09 16:39:00,PLANT-SH-01,False
U01319,R038,B10,A,XRAY,INS06,NONE,0,2025-03-09 16:39:00,PLANT-SH-01,False
U01320,R038,B10,A,VISUAL,INS07,NONE,0,2025-03-09 16:39:00,PLANT-SH-01,False
U01321,R038,B10,A,VISUAL,INS08,PORE,1,2025-03-09 16:39:00,PLANT-SH-01,False
U01322,R038,B10,A,XRAY,INS04,NONE,0,2025-03-09 16:39:00,PLANT-SH-01,False
U01323,R038,B10,A,VISUAL,INS03,NONE,0,2025-03-09 16:39:00,PLANT-SH-01,False
U01324,R038,B10,A,VISUAL,INS08,NONE,0,2025-03-09 16:39:00,PLANT-SH-01,False
U01325,R038,B10,A,XRAY,INS04,NONE,0,2025-03-09 16:39:00,PLANT-SH-01,False
U01326,R038,B10,A,VISUAL,INS05,NONE,0,2025-03-09 16:39:00,PLANT-SH-01,False
U01327,R038,B10,A,XRAY,INS08,NONE,0,2025-03-09 16:39:00,PLANT-SH-01,False
U01328,R038,B10,A,DIMENSION,INS06,NONE,0,2025-03-09 16:39:00,PLANT-SH-01,False
U01329,R038,B10,A,XRAY,INS01,NONE,0,2025-03-09 16:39:00,PLANT-SH-01,False
U01330,R038,B10,A,VISUAL,INS07,NONE,0,2025-03-09 16:39:00,PLANT-SH-01,False
U01331,R038,B10,A,XRAY,INS07,PORE,1,2025-03-09 16:39:00,PLANT-SH-01,False
U01332,R038,B10,A,XRAY,INS03,NONE,0,2025-03-09 16:39:00,PLANT-SH-01,False
U01333,R038,B10,A,XRAY,INS02,NONE,0,2025-03-09 16:39:00,PLANT-SH-01,False
U01334,R038,B10,A,VISUAL,INS08,PORE,1,2025-03-09 16:39:00,PLANT-SH-01,False
U01335,R038,B10,A,VISUAL,INS05,NONE,0,2025-03-09 16:39:00,PLANT-SH-01,False
U01336,R038,B10,A,VISUAL,INS05,NONE,0,2025-03-09 16:39:00,PLANT-SH-01,False
U01337,R038,B10,A,VISUAL,INS08,CONTAMINATION,1,2025-03-09 16:39:00,PLANT-SH-01,False
U01338,R038,B10,A,XRAY,INS05,NONE,0,2025-03-09 16:39:00,PLANT-SH-01,False
U01339,R038,B10,A,XRAY,INS01,NONE,0,2025-03-09 16:39:00,PLANT-SH-01,False
U01340,R038,B10,A,XRAY,INS07,NONE,0,2025-03-09 16:39:00,PLANT-SH-01,False
U01341,R038,B10,A,XRAY,INS05,NONE,0,2025-03-09 16:39:00,PLANT-SH-01,False
U01342,R039,B10,B,DIMENSION,INS07,NONE,0,2025-03-09 21:04:00,PLANT-SH-01,False
U01343,R039,B10,B,DIMENSION,INS04,NONE,0,2025-03-09 21:04:00,PLANT-SH-01,False
U01344,R039,B10,B,XRAY,INS02,NONE,0,2025-03-09 21:04:00,PLANT-SH-01,False
U01345,R039,B10,B,XRAY,INS01,NONE,0,2025-03-09 21:04:00,PLANT-SH-01,False
U01346,R039,B10,B,VISUAL,INS03,NONE,0,2025-03-09 21:04:00,PLANT-SH-01,False
U01347,R039,B10,B,XRAY,INS03,NONE,0,2025-03-09 21:04:00,PLANT-SH-01,False
U01348,R039,B10,B,VISUAL,INS01,NONE,0,2025-03-09 21:04:00,PLANT-SH-01,False
U01349,R039,B10,B,VISUAL,INS02,NONE,0,2025-03-09 21:04:00,PLANT-SH-01,False
U01350,R039,B10,B,DIMENSION,INS01,NONE,0,2025-03-09 21:04:00,PLANT-SH-01,False
U01351,R039,B10,B,VISUAL,INS02,NONE,0,2025-03-09 21:04:00,PLANT-SH-01,False
U01352,R039,B10,B,XRAY,INS07,NONE,0,2025-03-09 21:04:00,PLANT-SH-01,False
U01353,R039,B10,B,XRAY,INS06,NONE,0,2025-03-09 21:04:00,PLANT-SH-01,False
U01354,R039,B10,B,XRAY,INS03,NONE,0,2025-03-09 21:04:00,PLANT-SH-01,False
U01355,R039,B10,B,VISUAL,INS08,NONE,0,2025-03-09 21:04:00,PLANT-SH-01,False
U01356,R039,B10,B,VISUAL,INS04,NONE,0,2025-03-09 21:04:00,PLANT-SH-01,False
U01357,R039,B10,B,XRAY,INS06,NONE,0,2025-03-09 21:04:00,PLANT-SH-01,False
U01358,R039,B10,B,VISUAL,INS08,NONE,0,2025-03-09 21:04:00,PLANT-SH-01,False
U01359,R039,B10,B,VISUAL,INS01,NONE,0,2025-03-09 21:04:00,PLANT-SH-01,False
U01360,R039,B10,B,VISUAL,INS06,NONE,0,2025-03-09 21:04:00,PLANT-SH-01,False
U01361,R039,B10,B,XRAY,INS05,NONE,0,2025-03-09 21:04:00,PLANT-SH-01,False
U01362,R039,B10,B,VISUAL,INS07,NONE,0,2025-03-09 21:04:00,PLANT-SH-01,False
U01363,R039,B10,B,VISUAL,INS08,NONE,0,2025-03-09 21:04:00,PLANT-SH-01,False
U01364,R039,B10,B,XRAY,INS05,NONE,0,2025-03-09 21:04:00,PLANT-SH-01,False
U01365,R039,B10,B,VISUAL,INS03,NONE,0,2025-03-09 21:04:00,PLANT-SH-01,False
U01366,R039,B10,B,VISUAL,INS02,NONE,0,2025-03-09 21:04:00,PLANT-SH-01,False
U01367,R039,B10,B,VISUAL,INS06,NONE,0,2025-03-09 21:04:00,PLANT-SH-01,False
U01368,R039,B10,B,XRAY,INS08,NONE,0,2025-03-09 21:04:00,PLANT-SH-01,False
U01369,R039,B10,B,VISUAL,INS08,NONE,0,2025-03-09 21:04:00,PLANT-SH-01,False
U01370,R039,B10,B,XRAY,INS02,NONE,0,2025-03-09 21:04:00,PLANT-SH-01,False
U01371,R039,B10,B,VISUAL,INS06,NONE,0,2025-03-09 21:04:00,PLANT-SH-01,False
U01372,R039,B10,B,VISUAL,INS02,NONE,0,2025-03-09 21:04:00,PLANT-SH-01,False
U01373,R039,B10,B,VISUAL,INS03,NONE,0,2025-03-09 21:04:00,PLANT-SH-01,False
U01374,R039,B10,B,VISUAL,INS01,NONE,0,2025-03-09 21:04:00,PLANT-SH-01,False
U01375,R039,B10,B,VISUAL,INS07,NONE,0,2025-03-09 21:04:00,PLANT-SH-01,False
U01376,R039,B10,B,VISUAL,INS07,NONE,0,2025-03-09 21:04:00,PLANT-SH-01,False
U01377,R040,B10,B,VISUAL,INS04,NONE,0,2025-03-10 01:23:00,PLANT-SH-01,False
U01378,R040,B10,B,DIMENSION,INS01,PORE,1,2025-03-10 01:23:00,PLANT-SH-01,False
U01379,R040,B10,B,XRAY,INS05,PORE,1,2025-03-10 01:23:00,PLANT-SH-01,False
U01380,R040,B10,B,VISUAL,INS08,PORE,1,2025-03-10 01:23:00,PLANT-SH-01,False
U01381,R040,B10,B,XRAY,INS07,NONE,0,2025-03-10 01:23:00,PLANT-SH-01,False
U01382,R040,B10,B,VISUAL,INS03,DIMENSION,1,2025-03-10 01:23:00,PLANT-SH-01,False
U01383,R040,B10,B,XRAY,INS01,NONE,0,2025-03-10 01:23:00,PLANT-SH-01,False
U01384,R040,B10,B,VISUAL,INS05,DIMENSION,1,2025-03-10 01:23:00,PLANT-SH-01,False
U01385,R040,B10,B,XRAY,INS03,NONE,0,2025-03-10 01:23:00,PLANT-SH-01,False
U01386,R040,B10,B,VISUAL,INS04,NONE,0,2025-03-10 01:23:00,PLANT-SH-01,False
U01387,R040,B10,B,VISUAL,INS06,PORE,1,2025-03-10 01:23:00,PLANT-SH-01,False
U01388,R040,B10,B,VISUAL,INS02,NONE,0,2025-03-10 01:23:00,PLANT-SH-01,False
U01389,R040,B10,B,VISUAL,INS02,PORE,1,2025-03-10 01:23:00,PLANT-SH-01,False
U01390,R040,B10,B,VISUAL,INS04,EDGE,1,2025-03-10 01:23:00,PLANT-SH-01,False
U01391,R040,B10,B,VISUAL,INS08,CONTAMINATION,1,2025-03-10 01:23:00,PLANT-SH-01,False
U01392,R040,B10,B,VISUAL,INS01,PORE,1,2025-03-10 01:23:00,PLANT-SH-01,False
U01393,R040,B10,B,VISUAL,INS04,DIMENSION,1,2025-03-10 01:23:00,PLANT-SH-01,False
U01394,R040,B10,B,DIMENSION,INS07,NONE,0,2025-03-10 01:23:00,PLANT-SH-01,False
U01395,R040,B10,B,XRAY,INS04,PORE,1,2025-03-10 01:23:00,PLANT-SH-01,False
U01396,R040,B10,B,XRAY,INS07,NONE,0,2025-03-10 01:23:00,PLANT-SH-01,False
U01397,R040,B10,B,XRAY,INS01,NONE,0,2025-03-10 01:23:00,PLANT-SH-01,False
U01398,R040,B10,B,XRAY,INS03,DIMENSION,1,2025-03-10 01:23:00,PLANT-SH-01,False
U01399,R040,B10,B,XRAY,INS08,PORE,1,2025-03-10 01:23:00,PLANT-SH-01,False
U01400,R040,B10,B,XRAY,INS04,PORE,1,2025-03-10 01:23:00,PLANT-SH-01,False
U01401,R040,B10,B,XRAY,INS06,CRACK,1,2025-03-10 01:23:00,PLANT-SH-01,False
U01402,R040,B10,B,VISUAL,INS01,PORE,1,2025-03-10 01:23:00,PLANT-SH-01,False
U01403,R040,B10,B,XRAY,INS02,NONE,0,2025-03-10 01:23:00,PLANT-SH-01,False
U01404,R040,B10,B,VISUAL,INS07,NONE,0,2025-03-10 01:23:00,PLANT-SH-01,False
U01405,R040,B10,B,VISUAL,INS01,NONE,0,2025-03-10 01:23:00,PLANT-SH-01,False
U01406,R040,B10,B,XRAY,INS04,CONTAMINATION,1,2025-03-10 01:23:00,PLANT-SH-01,False
U01407,R040,B10,B,VISUAL,INS06,NONE,0,2025-03-10 01:23:00,PLANT-SH-01,False
U01408,R040,B10,B,VISUAL,INS06,PORE,1,2025-03-10 01:23:00,PLANT-SH-01,False
U01409,R041,B11,C,VISUAL,INS02,NONE,0,2025-03-10 05:24:00,PLANT-SH-01,False
U01410,R041,B11,C,XRAY,INS05,NONE,0,2025-03-10 05:24:00,PLANT-SH-01,False
U01411,R041,B11,C,VISUAL,INS04,NONE,0,2025-03-10 05:24:00,PLANT-SH-01,False
U01412,R041,B11,C,XRAY,INS01,NONE,0,2025-03-10 05:24:00,PLANT-SH-01,False
U01413,R041,B11,C,DIMENSION,INS04,NONE,0,2025-03-10 05:24:00,PLANT-SH-01,False
U01414,R041,B11,C,XRAY,INS05,NONE,0,2025-03-10 05:24:00,PLANT-SH-01,False
U01415,R041,B11,C,VISUAL,INS08,NONE,0,2025-03-10 05:24:00,PLANT-SH-01,False
U01416,R041,B11,C,XRAY,INS06,NONE,0,2025-03-10 05:24:00,PLANT-SH-01,False
U01417,R041,B11,C,VISUAL,INS08,NONE,0,2025-03-10 05:24:00,PLANT-SH-01,False
U01418,R041,B11,C,XRAY,INS02,NONE,0,2025-03-10 05:24:00,PLANT-SH-01,False
U01419,R041,B11,C,VISUAL,INS08,NONE,0,2025-03-10 05:24:00,PLANT-SH-01,False
U01420,R041,B11,C,VISUAL,INS03,NONE,0,2025-03-10 05:24:00,PLANT-SH-01,False
U01421,R041,B11,C,VISUAL,INS07,NONE,0,2025-03-10 05:24:00,PLANT-SH-01,False
U01422,R041,B11,C,XRAY,INS03,NONE,0,2025-03-10 05:24:00,PLANT-SH-01,False
U01423,R041,B11,C,XRAY,INS05,NONE,0,2025-03-10 05:24:00,PLANT-SH-01,False
U01424,R041,B11,C,VISUAL,INS08,NONE,0,2025-03-10 05:24:00,PLANT-SH-01,False
U01425,R041,B11,C,VISUAL,INS01,NONE,0,2025-03-10 05:24:00,PLANT-SH-01,False
U01426,R041,B11,C,XRAY,INS04,NONE,0,2025-03-10 05:24:00,PLANT-SH-01,False
U01427,R041,B11,C,VISUAL,INS06,NONE,0,2025-03-10 05:24:00,PLANT-SH-01,False
U01428,R041,B11,C,VISUAL,INS07,NONE,0,2025-03-10 05:24:00,PLANT-SH-01,False
U01429,R041,B11,C,DIMENSION,INS06,NONE,0,2025-03-10 05:24:00,PLANT-SH-01,False
U01430,R041,B11,C,DIMENSION,INS08,NONE,0,2025-03-10 05:24:00,PLANT-SH-01,False
U01431,R041,B11,C,DIMENSION,INS07,NONE,0,2025-03-10 05:24:00,PLANT-SH-01,False
U01432,R041,B11,C,VISUAL,INS07,NONE,0,2025-03-10 05:24:00,PLANT-SH-01,False
U01433,R041,B11,C,VISUAL,INS01,NONE,0,2025-03-10 05:24:00,PLANT-SH-01,False
U01434,R041,B11,C,VISUAL,INS01,NONE,0,2025-03-10 05:24:00,PLANT-SH-01,False
U01435,R041,B11,C,VISUAL,INS01,NONE,0,2025-03-10 05:24:00,PLANT-SH-01,False
U01436,R041,B11,C,VISUAL,INS04,NONE,0,2025-03-10 05:24:00,PLANT-SH-01,False
U01437,R041,B11,C,XRAY,INS07,NONE,0,2025-03-10 05:24:00,PLANT-SH-01,False
U01438,R041,B11,C,XRAY,INS07,NONE,0,2025-03-10 05:24:00,PLANT-SH-01,False
U01439,R041,B11,C,XRAY,INS08,NONE,0,2025-03-10 05:24:00,PLANT-SH-01,False
U01440,R042,B11,C,DIMENSION,INS08,NONE,0,2025-03-10 08:48:00,PLANT-SH-01,False
U01441,R042,B11,C,VISUAL,INS06,NONE,0,2025-03-10 08:48:00,PLANT-SH-01,False
U01442,R042,B11,C,VISUAL,INS03,NONE,0,2025-03-10 08:48:00,PLANT-SH-01,False
U01443,R042,B11,C,VISUAL,INS03,NONE,0,2025-03-10 08:48:00,PLANT-SH-01,False
U01444,R042,B11,C,XRAY,INS08,NONE,0,2025-03-10 08:48:00,PLANT-SH-01,False
U01445,R042,B11,C,XRAY,INS05,DIMENSION,1,2025-03-10 08:48:00,PLANT-SH-01,False
U01446,R042,B11,C,DIMENSION,INS07,NONE,0,2025-03-10 08:48:00,PLANT-SH-01,False
U01447,R042,B11,C,VISUAL,INS03,PORE,1,2025-03-10 08:48:00,PLANT-SH-01,False
U01448,R042,B11,C,VISUAL,INS08,PORE,1,2025-03-10 08:48:00,PLANT-SH-01,False
U01449,R042,B11,C,DIMENSION,INS04,NONE,0,2025-03-10 08:48:00,PLANT-SH-01,False
U01450,R042,B11,C,VISUAL,INS07,NONE,0,2025-03-10 08:48:00,PLANT-SH-01,False
U01451,R042,B11,C,XRAY,INS02,NONE,0,2025-03-10 08:48:00,PLANT-SH-01,False
U01452,R042,B11,C,XRAY,INS01,PORE,1,2025-03-10 08:48:00,PLANT-SH-01,False
U01453,R042,B11,C,VISUAL,INS01,NONE,0,2025-03-10 08:48:00,PLANT-SH-01,False
U01454,R042,B11,C,XRAY,INS04,CONTAMINATION,1,2025-03-10 08:48:00,PLANT-SH-01,False
U01455,R042,B11,C,VISUAL,INS05,PORE,1,2025-03-10 08:48:00,PLANT-SH-01,False
U01456,R042,B11,C,DIMENSION,INS02,NONE,0,2025-03-10 08:48:00,PLANT-SH-01,False
U01457,R042,B11,C,VISUAL,INS04,NONE,0,2025-03-10 08:48:00,PLANT-SH-01,False
U01458,R042,B11,C,VISUAL,INS03,NONE,0,2025-03-10 08:48:00,PLANT-SH-01,False
U01459,R042,B11,C,VISUAL,INS07,NONE,0,2025-03-10 08:48:00,PLANT-SH-01,False
U01460,R042,B11,C,XRAY,INS06,NONE,0,2025-03-10 08:48:00,PLANT-SH-01,False
U01461,R042,B11,C,VISUAL,INS07,CRACK,1,2025-03-10 08:48:00,PLANT-SH-01,False
U01462,R042,B11,C,VISUAL,INS03,NONE,0,2025-03-10 08:48:00,PLANT-SH-01,False
U01463,R042,B11,C,VISUAL,INS04,NONE,0,2025-03-10 08:48:00,PLANT-SH-01,False
U01464,R042,B11,C,VISUAL,INS04,CONTAMINATION,1,2025-03-10 08:48:00,PLANT-SH-01,False
U01465,R042,B11,C,DIMENSION,INS06,NONE,0,2025-03-10 08:48:00,PLANT-SH-01,False
U01466,R042,B11,C,VISUAL,INS02,NONE,0,2025-03-10 08:48:00,PLANT-SH-01,False
U01467,R042,B11,C,DIMENSION,INS01,NONE,0,2025-03-10 08:48:00,PLANT-SH-01,False
U01468,R042,B11,C,DIMENSION,INS07,NONE,0,2025-03-10 08:48:00,PLANT-SH-01,False
U01469,R042,B11,C,XRAY,INS06,NONE,0,2025-03-10 08:48:00,PLANT-SH-01,False
U01470,R042,B11,C,VISUAL,INS04,NONE,0,2025-03-10 08:48:00,PLANT-SH-01,False
U01471,R042,B11,C,VISUAL,INS04,NONE,0,2025-03-10 08:48:00,PLANT-SH-01,False
U01472,R042,B11,C,VISUAL,INS03,NONE,0,2025-03-10 08:48:00,PLANT-SH-01,False
U01473,R042,B11,C,VISUAL,INS03,NONE,0,2025-03-10 08:48:00,PLANT-SH-01,False
U01474,R042,B11,C,XRAY,INS07,NONE,0,2025-03-10 08:48:00,PLANT-SH-01,False
U01475,R042,B11,C,VISUAL,INS07,NONE,0,2025-03-10 08:48:00,PLANT-SH-01,False
U01476,R042,B11,C,VISUAL,INS05,NONE,0,2025-03-10 08:48:00,PLANT-SH-01,False
U01477,R042,B11,C,VISUAL,INS03,NONE,0,2025-03-10 08:48:00,PLANT-SH-01,False
U01478,R043,B11,A,XRAY,INS04,NONE,0,2025-03-10 12:17:00,PLANT-SH-01,False
U01479,R043,B11,A,XRAY,INS06,NONE,0,2025-03-10 12:17:00,PLANT-SH-01,False
U01480,R043,B11,A,VISUAL,INS06,NONE,0,2025-03-10 12:17:00,PLANT-SH-01,False
U01481,R043,B11,A,VISUAL,INS02,NONE,0,2025-03-10 12:17:00,PLANT-SH-01,False
U01482,R043,B11,A,DIMENSION,INS08,NONE,0,2025-03-10 12:17:00,PLANT-SH-01,False
U01483,R043,B11,A,DIMENSION,INS03,NONE,0,2025-03-10 12:17:00,PLANT-SH-01,False
U01484,R043,B11,A,VISUAL,INS02,NONE,0,2025-03-10 12:17:00,PLANT-SH-01,False
U01485,R043,B11,A,VISUAL,INS06,NONE,0,2025-03-10 12:17:00,PLANT-SH-01,False
U01486,R043,B11,A,XRAY,INS03,NONE,0,2025-03-10 12:17:00,PLANT-SH-01,False
U01487,R043,B11,A,VISUAL,INS03,NONE,0,2025-03-10 12:17:00,PLANT-SH-01,False
U01488,R043,B11,A,VISUAL,INS08,NONE,0,2025-03-10 12:17:00,PLANT-SH-01,False
U01489,R043,B11,A,VISUAL,INS06,NONE,0,2025-03-10 12:17:00,PLANT-SH-01,False
U01490,R043,B11,A,VISUAL,INS06,NONE,0,2025-03-10 12:17:00,PLANT-SH-01,False
U01491,R043,B11,A,VISUAL,INS08,NONE,0,2025-03-10 12:17:00,PLANT-SH-01,False
U01492,R043,B11,A,VISUAL,INS01,NONE,0,2025-03-10 12:17:00,PLANT-SH-01,False
U01493,R043,B11,A,XRAY,INS05,NONE,0,2025-03-10 12:17:00,PLANT-SH-01,False
U01494,R043,B11,A,XRAY,INS07,NONE,0,2025-03-10 12:17:00,PLANT-SH-01,False
U01495,R043,B11,A,VISUAL,INS01,NONE,0,2025-03-10 12:17:00,PLANT-SH-01,False
U01496,R043,B11,A,XRAY,INS06,NONE,0,2025-03-10 12:17:00,PLANT-SH-01,False
U01497,R043,B11,A,DIMENSION,INS08,NONE,0,2025-03-10 12:17:00,PLANT-SH-01,False
U01498,R043,B11,A,XRAY,INS03,NONE,0,2025-03-10 12:17:00,PLANT-SH-01,False
U01499,R043,B11,A,XRAY,INS08,NONE,0,2025-03-10 12:17:00,PLANT-SH-01,False
U01500,R043,B11,A,XRAY,INS07,NONE,0,2025-03-10 12:17:00,PLANT-SH-01,False
U01501,R043,B11,A,XRAY,INS03,NONE,0,2025-03-10 12:17:00,PLANT-SH-01,False
U01502,R043,B11,A,VISUAL,INS08,NONE,0,2025-03-10 12:17:00,PLANT-SH-01,False
U01503,R043,B11,A,XRAY,INS01,NONE,0,2025-03-10 12:17:00,PLANT-SH-01,False
U01504,R043,B11,A,XRAY,INS07,NONE,0,2025-03-10 12:17:00,PLANT-SH-01,False
U01505,R043,B11,A,XRAY,INS04,NONE,0,2025-03-10 12:17:00,PLANT-SH-01,False
U01506,R043,B11,A,VISUAL,INS07,NONE,0,2025-03-10 12:17:00,PLANT-SH-01,False
U01507,R043,B11,A,XRAY,INS01,NONE,0,2025-03-10 12:17:00,PLANT-SH-01,False
U01508,R044,B11,A,VISUAL,INS04,NONE,0,2025-03-10 16:04:00,PLANT-SH-01,False
U01509,R044,B11,A,XRAY,INS02,NONE,0,2025-03-10 16:04:00,PLANT-SH-01,False
U01510,R044,B11,A,VISUAL,INS05,NONE,0,2025-03-10 16:04:00,PLANT-SH-01,False
U01511,R044,B11,A,DIMENSION,INS07,NONE,0,2025-03-10 16:04:00,PLANT-SH-01,False
U01512,R044,B11,A,DIMENSION,INS02,NONE,0,2025-03-10 16:04:00,PLANT-SH-01,False
U01513,R044,B11,A,XRAY,INS03,NONE,0,2025-03-10 16:04:00,PLANT-SH-01,False
U01514,R044,B11,A,XRAY,INS05,NONE,0,2025-03-10 16:04:00,PLANT-SH-01,False
U01515,R044,B11,A,XRAY,INS06,NONE,0,2025-03-10 16:04:00,PLANT-SH-01,False
U01516,R044,B11,A,XRAY,INS02,NONE,0,2025-03-10 16:04:00,PLANT-SH-01,False
U01517,R044,B11,A,VISUAL,INS01,NONE,0,2025-03-10 16:04:00,PLANT-SH-01,False
U01518,R044,B11,A,VISUAL,INS08,NONE,0,2025-03-10 16:04:00,PLANT-SH-01,False
U01519,R044,B11,A,XRAY,INS02,NONE,0,2025-03-10 16:04:00,PLANT-SH-01,False
U01520,R044,B11,A,VISUAL,INS08,NONE,0,2025-03-10 16:04:00,PLANT-SH-01,False
U01521,R044,B11,A,XRAY,INS07,NONE,0,2025-03-10 16:04:00,PLANT-SH-01,False
U01522,R044,B11,A,VISUAL,INS06,NONE,0,2025-03-10 16:04:00,PLANT-SH-01,False
U01523,R044,B11,A,XRAY,INS02,NONE,0,2025-03-10 16:04:00,PLANT-SH-01,False
U01524,R044,B11,A,VISUAL,INS03,NONE,0,2025-03-10 16:04:00,PLANT-SH-01,False
U01525,R044,B11,A,VISUAL,INS05,NONE,0,2025-03-10 16:04:00,PLANT-SH-01,False
U01526,R044,B11,A,XRAY,INS03,NONE,0,2025-03-10 16:04:00,PLANT-SH-01,False
U01527,R044,B11,A,XRAY,INS02,DIMENSION,1,2025-03-10 16:04:00,PLANT-SH-01,False
U01528,R044,B11,A,VISUAL,INS07,NONE,0,2025-03-10 16:04:00,PLANT-SH-01,False
U01529,R044,B11,A,XRAY,INS07,NONE,0,2025-03-10 16:04:00,PLANT-SH-01,False
U01530,R044,B11,A,VISUAL,INS04,NONE,0,2025-03-10 16:04:00,PLANT-SH-01,False
U01531,R044,B11,A,DIMENSION,INS02,NONE,0,2025-03-10 16:04:00,PLANT-SH-01,False
U01532,R044,B11,A,VISUAL,INS02,NONE,0,2025-03-10 16:04:00,PLANT-SH-01,False
U01533,R044,B11,A,XRAY,INS03,NONE,0,2025-03-10 16:04:00,PLANT-SH-01,False
U01534,R044,B11,A,VISUAL,INS03,NONE,0,2025-03-10 16:04:00,PLANT-SH-01,False
U01535,R044,B11,A,VISUAL,INS04,NONE,0,2025-03-10 16:04:00,PLANT-SH-01,False
U01536,R044,B11,A,XRAY,INS07,NONE,0,2025-03-10 16:04:00,PLANT-SH-01,False
U01537,R044,B11,A,VISUAL,INS03,NONE,0,2025-03-10 16:04:00,PLANT-SH-01,False
U01538,R045,B12,B,XRAY,INS06,NONE,0,2025-03-10 21:26:00,PLANT-SH-01,False
U01539,R045,B12,B,VISUAL,INS07,NONE,0,2025-03-10 21:26:00,PLANT-SH-01,False
U01540,R045,B12,B,VISUAL,INS05,NONE,0,2025-03-10 21:26:00,PLANT-SH-01,False
U01541,R045,B12,B,VISUAL,INS03,NONE,0,2025-03-10 21:26:00,PLANT-SH-01,False
U01542,R045,B12,B,VISUAL,INS08,NONE,0,2025-03-10 21:26:00,PLANT-SH-01,False
U01543,R045,B12,B,VISUAL,INS08,NONE,0,2025-03-10 21:26:00,PLANT-SH-01,False
U01544,R045,B12,B,VISUAL,INS02,NONE,0,2025-03-10 21:26:00,PLANT-SH-01,False
U01545,R045,B12,B,VISUAL,INS01,NONE,0,2025-03-10 21:26:00,PLANT-SH-01,False
U01546,R045,B12,B,XRAY,INS02,NONE,0,2025-03-10 21:26:00,PLANT-SH-01,False
U01547,R045,B12,B,XRAY,INS05,NONE,0,2025-03-10 21:26:00,PLANT-SH-01,False
U01548,R045,B12,B,XRAY,INS01,NONE,0,2025-03-10 21:26:00,PLANT-SH-01,False
U01549,R045,B12,B,XRAY,INS08,NONE,0,2025-03-10 21:26:00,PLANT-SH-01,False
U01550,R045,B12,B,VISUAL,INS08,NONE,0,2025-03-10 21:26:00,PLANT-SH-01,False
U01551,R045,B12,B,VISUAL,INS03,NONE,0,2025-03-10 21:26:00,PLANT-SH-01,False
U01552,R045,B12,B,VISUAL,INS05,NONE,0,2025-03-10 21:26:00,PLANT-SH-01,False
U01553,R045,B12,B,VISUAL,INS05,NONE,0,2025-03-10 21:26:00,PLANT-SH-01,False
U01554,R045,B12,B,VISUAL,INS06,NONE,0,2025-03-10 21:26:00,PLANT-SH-01,False
U01555,R045,B12,B,VISUAL,INS03,NONE,0,2025-03-10 21:26:00,PLANT-SH-01,False
U01556,R045,B12,B,XRAY,INS07,NONE,0,2025-03-10 21:26:00,PLANT-SH-01,False
U01557,R045,B12,B,XRAY,INS08,NONE,0,2025-03-10 21:26:00,PLANT-SH-01,False
U01558,R045,B12,B,XRAY,INS06,NONE,0,2025-03-10 21:26:00,PLANT-SH-01,False
U01559,R045,B12,B,XRAY,INS08,NONE,0,2025-03-10 21:26:00,PLANT-SH-01,False
U01560,R045,B12,B,VISUAL,INS05,NONE,0,2025-03-10 21:26:00,PLANT-SH-01,False
U01561,R045,B12,B,XRAY,INS02,NONE,0,2025-03-10 21:26:00,PLANT-SH-01,False
U01562,R045,B12,B,VISUAL,INS01,NONE,0,2025-03-10 21:26:00,PLANT-SH-01,False
U01563,R045,B12,B,XRAY,INS01,NONE,0,2025-03-10 21:26:00,PLANT-SH-01,False
U01564,R045,B12,B,VISUAL,INS02,NONE,0,2025-03-10 21:26:00,PLANT-SH-01,False
U01565,R045,B12,B,VISUAL,INS01,NONE,0,2025-03-10 21:26:00,PLANT-SH-01,False
U01566,R045,B12,B,XRAY,INS08,NONE,0,2025-03-10 21:26:00,PLANT-SH-01,False
U01567,R045,B12,B,VISUAL,INS07,NONE,0,2025-03-10 21:26:00,PLANT-SH-01,False
U01568,R045,B12,B,VISUAL,INS05,NONE,0,2025-03-10 21:26:00,PLANT-SH-01,False
U01569,R045,B12,B,VISUAL,INS06,NONE,0,2025-03-10 21:26:00,PLANT-SH-01,False
U01570,R045,B12,B,VISUAL,INS07,NONE,0,2025-03-10 21:26:00,PLANT-SH-01,False
U01571,R045,B12,B,DIMENSION,INS03,NONE,0,2025-03-10 21:26:00,PLANT-SH-01,False
U01572,R045,B12,B,VISUAL,INS03,NONE,0,2025-03-10 21:26:00,PLANT-SH-01,False
U01573,R046,B12,B,XRAY,INS07,NONE,0,2025-03-11 00:15:00,PLANT-SH-01,False
U01574,R046,B12,B,DIMENSION,INS01,NONE,0,2025-03-11 00:15:00,PLANT-SH-01,False
U01575,R046,B12,B,DIMENSION,INS04,NONE,0,2025-03-11 00:15:00,PLANT-SH-01,False
U01576,R046,B12,B,XRAY,INS03,NONE,0,2025-03-11 00:15:00,PLANT-SH-01,False
U01577,R046,B12,B,XRAY,INS06,NONE,0,2025-03-11 00:15:00,PLANT-SH-01,False
U01578,R046,B12,B,VISUAL,INS05,NONE,0,2025-03-11 00:15:00,PLANT-SH-01,False
U01579,R046,B12,B,VISUAL,INS07,NONE,0,2025-03-11 00:15:00,PLANT-SH-01,False
U01580,R046,B12,B,VISUAL,INS04,NONE,0,2025-03-11 00:15:00,PLANT-SH-01,False
U01581,R046,B12,B,DIMENSION,INS07,NONE,0,2025-03-11 00:15:00,PLANT-SH-01,False
U01582,R046,B12,B,VISUAL,INS07,NONE,0,2025-03-11 00:15:00,PLANT-SH-01,False
U01583,R046,B12,B,VISUAL,INS01,NONE,0,2025-03-11 00:15:00,PLANT-SH-01,False
U01584,R046,B12,B,VISUAL,INS07,NONE,0,2025-03-11 00:15:00,PLANT-SH-01,False
U01585,R046,B12,B,VISUAL,INS03,NONE,0,2025-03-11 00:15:00,PLANT-SH-01,False
U01586,R046,B12,B,XRAY,INS03,NONE,0,2025-03-11 00:15:00,PLANT-SH-01,False
U01587,R046,B12,B,VISUAL,INS08,NONE,0,2025-03-11 00:15:00,PLANT-SH-01,False
U01588,R046,B12,B,VISUAL,INS07,NONE,0,2025-03-11 00:15:00,PLANT-SH-01,False
U01589,R046,B12,B,VISUAL,INS03,NONE,0,2025-03-11 00:15:00,PLANT-SH-01,False
U01590,R046,B12,B,VISUAL,INS04,NONE,0,2025-03-11 00:15:00,PLANT-SH-01,False
U01591,R046,B12,B,VISUAL,INS02,NONE,0,2025-03-11 00:15:00,PLANT-SH-01,False
U01592,R046,B12,B,VISUAL,INS02,NONE,0,2025-03-11 00:15:00,PLANT-SH-01,False
U01593,R046,B12,B,DIMENSION,INS05,NONE,0,2025-03-11 00:15:00,PLANT-SH-01,False
U01594,R046,B12,B,XRAY,INS03,NONE,0,2025-03-11 00:15:00,PLANT-SH-01,False
U01595,R046,B12,B,VISUAL,INS04,NONE,0,2025-03-11 00:15:00,PLANT-SH-01,False
U01596,R046,B12,B,VISUAL,INS01,NONE,0,2025-03-11 00:15:00,PLANT-SH-01,False
U01597,R046,B12,B,XRAY,INS02,NONE,0,2025-03-11 00:15:00,PLANT-SH-01,False
U01598,R046,B12,B,VISUAL,INS01,NONE,0,2025-03-11 00:15:00,PLANT-SH-01,False
U01599,R046,B12,B,DIMENSION,INS07,NONE,0,2025-03-11 00:15:00,PLANT-SH-01,False
U01600,R046,B12,B,VISUAL,INS07,NONE,0,2025-03-11 00:15:00,PLANT-SH-01,False
U01601,R046,B12,B,DIMENSION,INS07,NONE,0,2025-03-11 00:15:00,PLANT-SH-01,False
U01602,R046,B12,B,VISUAL,INS08,NONE,0,2025-03-11 00:15:00,PLANT-SH-01,False
U01603,R046,B12,B,VISUAL,INS06,NONE,0,2025-03-11 00:15:00,PLANT-SH-01,False
U01604,R046,B12,B,DIMENSION,INS06,NONE,0,2025-03-11 00:15:00,PLANT-SH-01,False
U01605,R046,B12,B,DIMENSION,INS02,NONE,0,2025-03-11 00:15:00,PLANT-SH-01,False
U01606,R046,B12,B,VISUAL,INS03,NONE,0,2025-03-11 00:15:00,PLANT-SH-01,False
U01607,R046,B12,B,VISUAL,INS01,NONE,0,2025-03-11 00:15:00,PLANT-SH-01,False
U01608,R046,B12,B,XRAY,INS02,NONE,0,2025-03-11 00:15:00,PLANT-SH-01,False
U01609,R047,B12,C,VISUAL,INS05,NONE,0,2025-03-11 04:05:00,PLANT-SH-01,False
U01610,R047,B12,C,VISUAL,INS01,PORE,1,2025-03-11 04:05:00,PLANT-SH-01,False
U01611,R047,B12,C,XRAY,INS07,NONE,0,2025-03-11 04:05:00,PLANT-SH-01,False
U01612,R047,B12,C,VISUAL,INS07,NONE,0,2025-03-11 04:05:00,PLANT-SH-01,False
U01613,R047,B12,C,XRAY,INS08,NONE,0,2025-03-11 04:05:00,PLANT-SH-01,False
U01614,R047,B12,C,XRAY,INS07,NONE,0,2025-03-11 04:05:00,PLANT-SH-01,False
U01615,R047,B12,C,DIMENSION,INS02,NONE,0,2025-03-11 04:05:00,PLANT-SH-01,False
U01616,R047,B12,C,DIMENSION,INS08,NONE,0,2025-03-11 04:05:00,PLANT-SH-01,False
U01617,R047,B12,C,XRAY,INS08,NONE,0,2025-03-11 04:05:00,PLANT-SH-01,False
U01618,R047,B12,C,VISUAL,INS06,NONE,0,2025-03-11 04:05:00,PLANT-SH-01,False
U01619,R047,B12,C,VISUAL,INS03,PORE,1,2025-03-11 04:05:00,PLANT-SH-01,False
U01620,R047,B12,C,VISUAL,INS08,PORE,1,2025-03-11 04:05:00,PLANT-SH-01,False
U01621,R047,B12,C,XRAY,INS06,NONE,0,2025-03-11 04:05:00,PLANT-SH-01,False
U01622,R047,B12,C,VISUAL,INS04,NONE,0,2025-03-11 04:05:00,PLANT-SH-01,False
U01623,R047,B12,C,DIMENSION,INS08,NONE,0,2025-03-11 04:05:00,PLANT-SH-01,False
U01624,R047,B12,C,DIMENSION,INS06,NONE,0,2025-03-11 04:05:00,PLANT-SH-01,False
U01625,R047,B12,C,VISUAL,INS04,NONE,0,2025-03-11 04:05:00,PLANT-SH-01,False
U01626,R047,B12,C,VISUAL,INS01,NONE,0,2025-03-11 04:05:00,PLANT-SH-01,False
U01627,R047,B12,C,VISUAL,INS08,CONTAMINATION,1,2025-03-11 04:05:00,PLANT-SH-01,False
U01628,R047,B12,C,VISUAL,INS03,PORE,1,2025-03-11 04:05:00,PLANT-SH-01,False
U01629,R047,B12,C,XRAY,INS02,NONE,0,2025-03-11 04:05:00,PLANT-SH-01,False
U01630,R047,B12,C,VISUAL,INS07,NONE,0,2025-03-11 04:05:00,PLANT-SH-01,False
U01631,R047,B12,C,XRAY,INS08,NONE,0,2025-03-11 04:05:00,PLANT-SH-01,False
U01632,R047,B12,C,VISUAL,INS01,NONE,0,2025-03-11 04:05:00,PLANT-SH-01,False
U01633,R047,B12,C,VISUAL,INS08,NONE,0,2025-03-11 04:05:00,PLANT-SH-01,False
U01634,R047,B12,C,VISUAL,INS03,PORE,1,2025-03-11 04:05:00,PLANT-SH-01,False
U01635,R047,B12,C,DIMENSION,INS02,NONE,0,2025-03-11 04:05:00,PLANT-SH-01,False
U01636,R047,B12,C,VISUAL,INS06,DIMENSION,1,2025-03-11 04:05:00,PLANT-SH-01,False
U01637,R047,B12,C,VISUAL,INS06,NONE,0,2025-03-11 04:05:00,PLANT-SH-01,False
U01638,R047,B12,C,VISUAL,INS08,NONE,0,2025-03-11 04:05:00,PLANT-SH-01,False
U01639,R048,B12,C,XRAY,INS04,NONE,0,2025-03-11 09:06:00,PLANT-SH-01,False
U01640,R048,B12,C,DIMENSION,INS03,NONE,0,2025-03-11 09:06:00,PLANT-SH-01,False
U01641,R048,B12,C,DIMENSION,INS07,NONE,0,2025-03-11 09:06:00,PLANT-SH-01,False
U01642,R048,B12,C,XRAY,INS03,NONE,0,2025-03-11 09:06:00,PLANT-SH-01,False
U01643,R048,B12,C,VISUAL,INS07,NONE,0,2025-03-11 09:06:00,PLANT-SH-01,False
U01644,R048,B12,C,XRAY,INS07,NONE,0,2025-03-11 09:06:00,PLANT-SH-01,False
U01645,R048,B12,C,VISUAL,INS03,NONE,0,2025-03-11 09:06:00,PLANT-SH-01,False
U01646,R048,B12,C,VISUAL,INS02,NONE,0,2025-03-11 09:06:00,PLANT-SH-01,False
U01647,R048,B12,C,VISUAL,INS02,NONE,0,2025-03-11 09:06:00,PLANT-SH-01,False
U01648,R048,B12,C,XRAY,INS07,NONE,0,2025-03-11 09:06:00,PLANT-SH-01,False
U01649,R048,B12,C,VISUAL,INS03,NONE,0,2025-03-11 09:06:00,PLANT-SH-01,False
U01650,R048,B12,C,XRAY,INS02,NONE,0,2025-03-11 09:06:00,PLANT-SH-01,False
U01651,R048,B12,C,VISUAL,INS03,NONE,0,2025-03-11 09:06:00,PLANT-SH-01,False
U01652,R048,B12,C,VISUAL,INS03,NONE,0,2025-03-11 09:06:00,PLANT-SH-01,False
U01653,R048,B12,C,VISUAL,INS03,NONE,0,2025-03-11 09:06:00,PLANT-SH-01,False
U01654,R048,B12,C,DIMENSION,INS06,NONE,0,2025-03-11 09:06:00,PLANT-SH-01,False
U01655,R048,B12,C,VISUAL,INS04,NONE,0,2025-03-11 09:06:00,PLANT-SH-01,False
U01656,R048,B12,C,VISUAL,INS02,NONE,0,2025-03-11 09:06:00,PLANT-SH-01,False
U01657,R048,B12,C,VISUAL,INS03,NONE,0,2025-03-11 09:06:00,PLANT-SH-01,False
U01658,R048,B12,C,VISUAL,INS05,NONE,0,2025-03-11 09:06:00,PLANT-SH-01,False
U01659,R048,B12,C,VISUAL,INS05,NONE,0,2025-03-11 09:06:00,PLANT-SH-01,False
U01660,R048,B12,C,XRAY,INS06,NONE,0,2025-03-11 09:06:00,PLANT-SH-01,False
U01661,R048,B12,C,XRAY,INS06,NONE,0,2025-03-11 09:06:00,PLANT-SH-01,False
U01662,R048,B12,C,XRAY,INS08,NONE,0,2025-03-11 09:06:00,PLANT-SH-01,False
U01663,R048,B12,C,VISUAL,INS05,NONE,0,2025-03-11 09:06:00,PLANT-SH-01,False
U01664,R048,B12,C,DIMENSION,INS05,NONE,0,2025-03-11 09:06:00,PLANT-SH-01,False
U01665,R048,B12,C,XRAY,INS06,NONE,0,2025-03-11 09:06:00,PLANT-SH-01,False
U01666,R048,B12,C,XRAY,INS02,NONE,0,2025-03-11 09:06:00,PLANT-SH-01,False
U01667,R048,B12,C,VISUAL,INS05,NONE,0,2025-03-11 09:06:00,PLANT-SH-01,False
U01668,R048,B12,C,DIMENSION,INS05,NONE,0,2025-03-11 09:06:00,PLANT-SH-01,False
U01669,R048,B12,C,VISUAL,INS02,NONE,0,2025-03-11 09:06:00,PLANT-SH-01,False
U01670,R048,B12,C,VISUAL,INS08,NONE,0,2025-03-11 09:06:00,PLANT-SH-01,False
U01671,R048,B12,C,VISUAL,INS07,NONE,0,2025-03-11 09:06:00,PLANT-SH-01,False
U01672,R048,B12,C,VISUAL,INS02,NONE,0,2025-03-11 09:06:00,PLANT-SH-01,False
U01673,R048,B12,C,VISUAL,INS02,NONE,0,2025-03-11 09:06:00,PLANT-SH-01,False
U01674,R048,B12,C,VISUAL,INS08,NONE,0,2025-03-11 09:06:00,PLANT-SH-01,False
U01675,R048,B12,C,VISUAL,INS05,NONE,0,2025-03-11 09:06:00,PLANT-SH-01,False
U01676,R049,B13,A,VISUAL,INS01,NONE,0,2025-03-11 12:42:00,PLANT-SH-01,False
U01677,R049,B13,A,VISUAL,INS07,NONE,0,2025-03-11 12:42:00,PLANT-SH-01,False
U01678,R049,B13,A,VISUAL,INS06,NONE,0,2025-03-11 12:42:00,PLANT-SH-01,False
U01679,R049,B13,A,VISUAL,INS03,NONE,0,2025-03-11 12:42:00,PLANT-SH-01,False
U01680,R049,B13,A,VISUAL,INS01,NONE,0,2025-03-11 12:42:00,PLANT-SH-01,False
U01681,R049,B13,A,VISUAL,INS01,NONE,0,2025-03-11 12:42:00,PLANT-SH-01,False
U01682,R049,B13,A,VISUAL,INS06,NONE,0,2025-03-11 12:42:00,PLANT-SH-01,False
U01683,R049,B13,A,DIMENSION,INS07,NONE,0,2025-03-11 12:42:00,PLANT-SH-01,False
U01684,R049,B13,A,VISUAL,INS07,NONE,0,2025-03-11 12:42:00,PLANT-SH-01,False
U01685,R049,B13,A,VISUAL,INS06,NONE,0,2025-03-11 12:42:00,PLANT-SH-01,False
U01686,R049,B13,A,XRAY,INS04,NONE,0,2025-03-11 12:42:00,PLANT-SH-01,False
U01687,R049,B13,A,XRAY,INS05,NONE,0,2025-03-11 12:42:00,PLANT-SH-01,False
U01688,R049,B13,A,VISUAL,INS05,NONE,0,2025-03-11 12:42:00,PLANT-SH-01,False
U01689,R049,B13,A,VISUAL,INS06,NONE,0,2025-03-11 12:42:00,PLANT-SH-01,False
U01690,R049,B13,A,XRAY,INS07,NONE,0,2025-03-11 12:42:00,PLANT-SH-01,False
U01691,R049,B13,A,VISUAL,INS03,NONE,0,2025-03-11 12:42:00,PLANT-SH-01,False
U01692,R049,B13,A,XRAY,INS03,NONE,0,2025-03-11 12:42:00,PLANT-SH-01,False
U01693,R049,B13,A,VISUAL,INS01,NONE,0,2025-03-11 12:42:00,PLANT-SH-01,False
U01694,R049,B13,A,DIMENSION,INS05,NONE,0,2025-03-11 12:42:00,PLANT-SH-01,False
U01695,R049,B13,A,VISUAL,INS04,NONE,0,2025-03-11 12:42:00,PLANT-SH-01,False
U01696,R049,B13,A,VISUAL,INS02,NONE,0,2025-03-11 12:42:00,PLANT-SH-01,False
U01697,R049,B13,A,VISUAL,INS05,NONE,0,2025-03-11 12:42:00,PLANT-SH-01,False
U01698,R049,B13,A,XRAY,INS02,NONE,0,2025-03-11 12:42:00,PLANT-SH-01,False
U01699,R049,B13,A,VISUAL,INS02,NONE,0,2025-03-11 12:42:00,PLANT-SH-01,False
U01700,R049,B13,A,XRAY,INS07,NONE,0,2025-03-11 12:42:00,PLANT-SH-01,False
U01701,R049,B13,A,XRAY,INS06,NONE,0,2025-03-11 12:42:00,PLANT-SH-01,False
U01702,R049,B13,A,VISUAL,INS07,NONE,0,2025-03-11 12:42:00,PLANT-SH-01,False
U01703,R049,B13,A,VISUAL,INS06,NONE,0,2025-03-11 12:42:00,PLANT-SH-01,False
U01704,R049,B13,A,VISUAL,INS04,NONE,0,2025-03-11 12:42:00,PLANT-SH-01,False
U01705,R049,B13,A,VISUAL,INS04,NONE,0,2025-03-11 12:42:00,PLANT-SH-01,False
U01706,R049,B13,A,DIMENSION,INS02,NONE,0,2025-03-11 12:42:00,PLANT-SH-01,False
U01707,R049,B13,A,VISUAL,INS06,NONE,0,2025-03-11 12:42:00,PLANT-SH-01,False
U01708,R049,B13,A,XRAY,INS05,NONE,0,2025-03-11 12:42:00,PLANT-SH-01,False
U01709,R049,B13,A,VISUAL,INS06,NONE,0,2025-03-11 12:42:00,PLANT-SH-01,False
U01710,R050,B13,A,VISUAL,INS05,NONE,0,2025-03-11 16:06:00,PLANT-SH-01,False
U01711,R050,B13,A,XRAY,INS06,NONE,0,2025-03-11 16:06:00,PLANT-SH-01,False
U01712,R050,B13,A,VISUAL,INS03,NONE,0,2025-03-11 16:06:00,PLANT-SH-01,False
U01713,R050,B13,A,DIMENSION,INS05,NONE,0,2025-03-11 16:06:00,PLANT-SH-01,False
U01714,R050,B13,A,XRAY,INS06,PORE,1,2025-03-11 16:06:00,PLANT-SH-01,False
U01715,R050,B13,A,VISUAL,INS03,CRACK,1,2025-03-11 16:06:00,PLANT-SH-01,False
U01716,R050,B13,A,XRAY,INS04,NONE,0,2025-03-11 16:06:00,PLANT-SH-01,False
U01717,R050,B13,A,VISUAL,INS04,NONE,0,2025-03-11 16:06:00,PLANT-SH-01,False
U01718,R050,B13,A,VISUAL,INS03,NONE,0,2025-03-11 16:06:00,PLANT-SH-01,False
U01719,R050,B13,A,DIMENSION,INS02,NONE,0,2025-03-11 16:06:00,PLANT-SH-01,False
U01720,R050,B13,A,VISUAL,INS04,NONE,0,2025-03-11 16:06:00,PLANT-SH-01,False
U01721,R050,B13,A,XRAY,INS02,DIMENSION,1,2025-03-11 16:06:00,PLANT-SH-01,False
U01722,R050,B13,A,DIMENSION,INS06,DIMENSION,1,2025-03-11 16:06:00,PLANT-SH-01,False
U01723,R050,B13,A,VISUAL,INS05,NONE,0,2025-03-11 16:06:00,PLANT-SH-01,False
U01724,R050,B13,A,VISUAL,INS04,NONE,0,2025-03-11 16:06:00,PLANT-SH-01,False
U01725,R050,B13,A,VISUAL,INS07,NONE,0,2025-03-11 16:06:00,PLANT-SH-01,False
U01726,R050,B13,A,VISUAL,INS07,NONE,0,2025-03-11 16:06:00,PLANT-SH-01,False
U01727,R050,B13,A,DIMENSION,INS05,NONE,0,2025-03-11 16:06:00,PLANT-SH-01,False
U01728,R050,B13,A,VISUAL,INS08,NONE,0,2025-03-11 16:06:00,PLANT-SH-01,False
U01729,R050,B13,A,XRAY,INS05,NONE,0,2025-03-11 16:06:00,PLANT-SH-01,False
U01730,R050,B13,A,VISUAL,INS04,CONTAMINATION,1,2025-03-11 16:06:00,PLANT-SH-01,False
U01731,R050,B13,A,VISUAL,INS04,CRACK,1,2025-03-11 16:06:00,PLANT-SH-01,False
U01732,R050,B13,A,XRAY,INS02,NONE,0,2025-03-11 16:06:00,PLANT-SH-01,False
U01733,R050,B13,A,VISUAL,INS01,NONE,0,2025-03-11 16:06:00,PLANT-SH-01,False
U01734,R050,B13,A,VISUAL,INS08,PORE,1,2025-03-11 16:06:00,PLANT-SH-01,False
U01735,R050,B13,A,VISUAL,INS04,CONTAMINATION,1,2025-03-11 16:06:00,PLANT-SH-01,False
U01736,R050,B13,A,VISUAL,INS02,PORE,1,2025-03-11 16:06:00,PLANT-SH-01,False
U01737,R050,B13,A,DIMENSION,INS07,NONE,0,2025-03-11 16:06:00,PLANT-SH-01,False
U01738,R050,B13,A,VISUAL,INS06,CRACK,1,2025-03-11 16:06:00,PLANT-SH-01,False
U01739,R050,B13,A,VISUAL,INS08,NONE,0,2025-03-11 16:06:00,PLANT-SH-01,False
U01740,R051,B13,B,VISUAL,INS02,NONE,0,2025-03-11 20:26:00,PLANT-SH-01,False
U01741,R051,B13,B,VISUAL,INS07,NONE,0,2025-03-11 20:26:00,PLANT-SH-01,False
U01742,R051,B13,B,XRAY,INS02,NONE,0,2025-03-11 20:26:00,PLANT-SH-01,False
U01743,R051,B13,B,VISUAL,INS02,NONE,0,2025-03-11 20:26:00,PLANT-SH-01,False
U01744,R051,B13,B,VISUAL,INS02,NONE,0,2025-03-11 20:26:00,PLANT-SH-01,False
U01745,R051,B13,B,XRAY,INS06,NONE,0,2025-03-11 20:26:00,PLANT-SH-01,False
U01746,R051,B13,B,XRAY,INS08,NONE,0,2025-03-11 20:26:00,PLANT-SH-01,False
U01747,R051,B13,B,XRAY,INS03,NONE,0,2025-03-11 20:26:00,PLANT-SH-01,False
U01748,R051,B13,B,XRAY,INS05,NONE,0,2025-03-11 20:26:00,PLANT-SH-01,False
U01749,R051,B13,B,VISUAL,INS08,NONE,0,2025-03-11 20:26:00,PLANT-SH-01,False
U01750,R051,B13,B,VISUAL,INS05,NONE,0,2025-03-11 20:26:00,PLANT-SH-01,False
U01751,R051,B13,B,VISUAL,INS07,NONE,0,2025-03-11 20:26:00,PLANT-SH-01,False
U01752,R051,B13,B,VISUAL,INS02,NONE,0,2025-03-11 20:26:00,PLANT-SH-01,False
U01753,R051,B13,B,XRAY,INS03,NONE,0,2025-03-11 20:26:00,PLANT-SH-01,False
U01754,R051,B13,B,VISUAL,INS04,NONE,0,2025-03-11 20:26:00,PLANT-SH-01,False
U01755,R051,B13,B,XRAY,INS04,NONE,0,2025-03-11 20:26:00,PLANT-SH-01,False
U01756,R051,B13,B,VISUAL,INS07,NONE,0,2025-03-11 20:26:00,PLANT-SH-01,False
U01757,R051,B13,B,VISUAL,INS04,NONE,0,2025-03-11 20:26:00,PLANT-SH-01,False
U01758,R051,B13,B,VISUAL,INS08,NONE,0,2025-03-11 20:26:00,PLANT-SH-01,False
U01759,R051,B13,B,XRAY,INS03,NONE,0,2025-03-11 20:26:00,PLANT-SH-01,False
U01760,R051,B13,B,DIMENSION,INS05,NONE,0,2025-03-11 20:26:00,PLANT-SH-01,False
U01761,R051,B13,B,VISUAL,INS08,NONE,0,2025-03-11 20:26:00,PLANT-SH-01,False
U01762,R051,B13,B,VISUAL,INS04,NONE,0,2025-03-11 20:26:00,PLANT-SH-01,False
U01763,R051,B13,B,XRAY,INS01,NONE,0,2025-03-11 20:26:00,PLANT-SH-01,False
U01764,R051,B13,B,DIMENSION,INS07,NONE,0,2025-03-11 20:26:00,PLANT-SH-01,False
U01765,R051,B13,B,VISUAL,INS04,NONE,0,2025-03-11 20:26:00,PLANT-SH-01,False
U01766,R051,B13,B,XRAY,INS02,NONE,0,2025-03-11 20:26:00,PLANT-SH-01,False
U01767,R051,B13,B,DIMENSION,INS05,NONE,0,2025-03-11 20:26:00,PLANT-SH-01,False
U01768,R051,B13,B,XRAY,INS02,NONE,0,2025-03-11 20:26:00,PLANT-SH-01,False
U01769,R051,B13,B,VISUAL,INS07,NONE,0,2025-03-11 20:26:00,PLANT-SH-01,False
U01770,R051,B13,B,VISUAL,INS03,NONE,0,2025-03-11 20:26:00,PLANT-SH-01,False
U01771,R051,B13,B,VISUAL,INS02,NONE,0,2025-03-11 20:26:00,PLANT-SH-01,False
U01772,R051,B13,B,VISUAL,INS07,NONE,0,2025-03-11 20:26:00,PLANT-SH-01,False
U01773,R051,B13,B,DIMENSION,INS05,NONE,0,2025-03-11 20:26:00,PLANT-SH-01,False
U01774,R051,B13,B,XRAY,INS04,NONE,0,2025-03-11 20:26:00,PLANT-SH-01,False
U01775,R051,B13,B,DIMENSION,INS07,NONE,0,2025-03-11 20:26:00,PLANT-SH-01,False
U01776,R051,B13,B,VISUAL,INS07,NONE,0,2025-03-11 20:26:00,PLANT-SH-01,False
U01777,R051,B13,B,XRAY,INS07,NONE,0,2025-03-11 20:26:00,PLANT-SH-01,False
U01778,R052,B13,B,VISUAL,INS06,NONE,0,2025-03-12 00:08:00,PLANT-SH-01,False
U01779,R052,B13,B,VISUAL,INS05,NONE,0,2025-03-12 00:08:00,PLANT-SH-01,False
U01780,R052,B13,B,VISUAL,INS08,NONE,0,2025-03-12 00:08:00,PLANT-SH-01,False
U01781,R052,B13,B,VISUAL,INS08,NONE,0,2025-03-12 00:08:00,PLANT-SH-01,False
U01782,R052,B13,B,XRAY,INS08,NONE,0,2025-03-12 00:08:00,PLANT-SH-01,False
U01783,R052,B13,B,VISUAL,INS08,NONE,0,2025-03-12 00:08:00,PLANT-SH-01,False
U01784,R052,B13,B,VISUAL,INS01,NONE,0,2025-03-12 00:08:00,PLANT-SH-01,False
U01785,R052,B13,B,VISUAL,INS03,NONE,0,2025-03-12 00:08:00,PLANT-SH-01,False
U01786,R052,B13,B,DIMENSION,INS01,DIMENSION,1,2025-03-12 00:08:00,PLANT-SH-01,False
U01787,R052,B13,B,XRAY,INS07,NONE,0,2025-03-12 00:08:00,PLANT-SH-01,False
U01788,R052,B13,B,DIMENSION,INS04,NONE,0,2025-03-12 00:08:00,PLANT-SH-01,False
U01789,R052,B13,B,VISUAL,INS04,NONE,0,2025-03-12 00:08:00,PLANT-SH-01,False
U01790,R052,B13,B,XRAY,INS02,NONE,0,2025-03-12 00:08:00,PLANT-SH-01,False
U01791,R052,B13,B,XRAY,INS08,NONE,0,2025-03-12 00:08:00,PLANT-SH-01,False
U01792,R052,B13,B,VISUAL,INS04,NONE,0,2025-03-12 00:08:00,PLANT-SH-01,False
U01793,R052,B13,B,VISUAL,INS05,NONE,0,2025-03-12 00:08:00,PLANT-SH-01,False
U01794,R052,B13,B,XRAY,INS04,NONE,0,2025-03-12 00:08:00,PLANT-SH-01,False
U01795,R052,B13,B,VISUAL,INS06,NONE,0,2025-03-12 00:08:00,PLANT-SH-01,False
U01796,R052,B13,B,VISUAL,INS01,NONE,0,2025-03-12 00:08:00,PLANT-SH-01,False
U01797,R052,B13,B,DIMENSION,INS06,NONE,0,2025-03-12 00:08:00,PLANT-SH-01,False
U01798,R052,B13,B,XRAY,INS02,NONE,0,2025-03-12 00:08:00,PLANT-SH-01,False
U01799,R052,B13,B,XRAY,INS06,NONE,0,2025-03-12 00:08:00,PLANT-SH-01,False
U01800,R052,B13,B,XRAY,INS02,NONE,0,2025-03-12 00:08:00,PLANT-SH-01,False
U01801,R052,B13,B,VISUAL,INS05,NONE,0,2025-03-12 00:08:00,PLANT-SH-01,False
U01802,R052,B13,B,VISUAL,INS05,NONE,0,2025-03-12 00:08:00,PLANT-SH-01,False
U01803,R052,B13,B,VISUAL,INS08,NONE,0,2025-03-12 00:08:00,PLANT-SH-01,False
U01804,R052,B13,B,VISUAL,INS01,NONE,0,2025-03-12 00:08:00,PLANT-SH-01,False
U01805,R052,B13,B,VISUAL,INS03,NONE,0,2025-03-12 00:08:00,PLANT-SH-01,False
U01806,R052,B13,B,XRAY,INS02,NONE,0,2025-03-12 00:08:00,PLANT-SH-01,False
U01807,R052,B13,B,VISUAL,INS05,NONE,0,2025-03-12 00:08:00,PLANT-SH-01,False
U01808,R052,B13,B,VISUAL,INS02,NONE,0,2025-03-12 00:08:00,PLANT-SH-01,False
U01809,R052,B13,B,XRAY,INS03,NONE,0,2025-03-12 00:08:00,PLANT-SH-01,False
U01810,R053,B14,C,XRAY,INS02,NONE,0,2025-03-12 05:05:00,PLANT-SH-01,False
U01811,R053,B14,C,VISUAL,INS05,NONE,0,2025-03-12 05:05:00,PLANT-SH-01,False
U01812,R053,B14,C,VISUAL,INS04,NONE,0,2025-03-12 05:05:00,PLANT-SH-01,False
U01813,R053,B14,C,XRAY,INS04,NONE,0,2025-03-12 05:05:00,PLANT-SH-01,False
U01814,R053,B14,C,DIMENSION,INS01,NONE,0,2025-03-12 05:05:00,PLANT-SH-01,False
U01815,R053,B14,C,DIMENSION,INS04,NONE,0,2025-03-12 05:05:00,PLANT-SH-01,False
U01816,R053,B14,C,VISUAL,INS02,NONE,0,2025-03-12 05:05:00,PLANT-SH-01,False
U01817,R053,B14,C,VISUAL,INS01,NONE,0,2025-03-12 05:05:00,PLANT-SH-01,False
U01818,R053,B14,C,VISUAL,INS01,NONE,0,2025-03-12 05:05:00,PLANT-SH-01,False
U01819,R053,B14,C,XRAY,INS06,NONE,0,2025-03-12 05:05:00,PLANT-SH-01,False
U01820,R053,B14,C,XRAY,INS06,NONE,0,2025-03-12 05:05:00,PLANT-SH-01,False
U01821,R053,B14,C,DIMENSION,INS04,NONE,0,2025-03-12 05:05:00,PLANT-SH-01,False
U01822,R053,B14,C,VISUAL,INS06,NONE,0,2025-03-12 05:05:00,PLANT-SH-01,False
U01823,R053,B14,C,VISUAL,INS01,NONE,0,2025-03-12 05:05:00,PLANT-SH-01,False
U01824,R053,B14,C,DIMENSION,INS05,NONE,0,2025-03-12 05:05:00,PLANT-SH-01,False
U01825,R053,B14,C,VISUAL,INS06,NONE,0,2025-03-12 05:05:00,PLANT-SH-01,False
U01826,R053,B14,C,VISUAL,INS04,NONE,0,2025-03-12 05:05:00,PLANT-SH-01,False
U01827,R053,B14,C,VISUAL,INS08,NONE,0,2025-03-12 05:05:00,PLANT-SH-01,False
U01828,R053,B14,C,VISUAL,INS04,NONE,0,2025-03-12 05:05:00,PLANT-SH-01,False
U01829,R053,B14,C,VISUAL,INS05,NONE,0,2025-03-12 05:05:00,PLANT-SH-01,False
U01830,R053,B14,C,DIMENSION,INS07,NONE,0,2025-03-12 05:05:00,PLANT-SH-01,False
U01831,R053,B14,C,XRAY,INS04,NONE,0,2025-03-12 05:05:00,PLANT-SH-01,False
U01832,R053,B14,C,VISUAL,INS03,NONE,0,2025-03-12 05:05:00,PLANT-SH-01,False
U01833,R053,B14,C,VISUAL,INS07,NONE,0,2025-03-12 05:05:00,PLANT-SH-01,False
U01834,R053,B14,C,VISUAL,INS05,NONE,0,2025-03-12 05:05:00,PLANT-SH-01,False
U01835,R053,B14,C,XRAY,INS03,NONE,0,2025-03-12 05:05:00,PLANT-SH-01,False
U01836,R053,B14,C,VISUAL,INS04,NONE,0,2025-03-12 05:05:00,PLANT-SH-01,False
U01837,R053,B14,C,VISUAL,INS08,NONE,0,2025-03-12 05:05:00,PLANT-SH-01,False
U01838,R053,B14,C,VISUAL,INS04,NONE,0,2025-03-12 05:05:00,PLANT-SH-01,False
U01839,R053,B14,C,XRAY,INS02,NONE,0,2025-03-12 05:05:00,PLANT-SH-01,False
U01840,R053,B14,C,VISUAL,INS05,NONE,0,2025-03-12 05:05:00,PLANT-SH-01,False
U01841,R053,B14,C,DIMENSION,INS04,NONE,0,2025-03-12 05:05:00,PLANT-SH-01,False
U01842,R053,B14,C,XRAY,INS07,NONE,0,2025-03-12 05:05:00,PLANT-SH-01,False
U01843,R053,B14,C,XRAY,INS04,NONE,0,2025-03-12 05:05:00,PLANT-SH-01,False
U01844,R053,B14,C,DIMENSION,INS02,NONE,0,2025-03-12 05:05:00,PLANT-SH-01,False
U01845,R054,B14,C,VISUAL,INS04,NONE,0,2025-03-12 09:26:00,PLANT-SH-01,False
U01846,R054,B14,C,VISUAL,INS04,NONE,0,2025-03-12 09:26:00,PLANT-SH-01,False
U01847,R054,B14,C,VISUAL,INS07,NONE,0,2025-03-12 09:26:00,PLANT-SH-01,False
U01848,R054,B14,C,VISUAL,INS01,NONE,0,2025-03-12 09:26:00,PLANT-SH-01,False
U01849,R054,B14,C,VISUAL,INS04,NONE,0,2025-03-12 09:26:00,PLANT-SH-01,False
U01850,R054,B14,C,XRAY,INS02,NONE,0,2025-03-12 09:26:00,PLANT-SH-01,False
U01851,R054,B14,C,DIMENSION,INS08,NONE,0,2025-03-12 09:26:00,PLANT-SH-01,False
U01852,R054,B14,C,VISUAL,INS02,NONE,0,2025-03-12 09:26:00,PLANT-SH-01,False
U01853,R054,B14,C,VISUAL,INS08,NONE,0,2025-03-12 09:26:00,PLANT-SH-01,False
U01854,R054,B14,C,XRAY,INS03,NONE,0,2025-03-12 09:26:00,PLANT-SH-01,False
U01855,R054,B14,C,VISUAL,INS03,NONE,0,2025-03-12 09:26:00,PLANT-SH-01,False
U01856,R054,B14,C,XRAY,INS02,NONE,0,2025-03-12 09:26:00,PLANT-SH-01,False
U01857,R054,B14,C,XRAY,INS03,NONE,0,2025-03-12 09:26:00,PLANT-SH-01,False
U01858,R054,B14,C,VISUAL,INS08,NONE,0,2025-03-12 09:26:00,PLANT-SH-01,False
U01859,R054,B14,C,VISUAL,INS06,NONE,0,2025-03-12 09:26:00,PLANT-SH-01,False
U01860,R054,B14,C,VISUAL,INS06,NONE,0,2025-03-12 09:26:00,PLANT-SH-01,False
U01861,R054,B14,C,XRAY,INS06,NONE,0,2025-03-12 09:26:00,PLANT-SH-01,False
U01862,R054,B14,C,XRAY,INS02,NONE,0,2025-03-12 09:26:00,PLANT-SH-01,False
U01863,R054,B14,C,VISUAL,INS08,NONE,0,2025-03-12 09:26:00,PLANT-SH-01,False
U01864,R054,B14,C,XRAY,INS04,NONE,0,2025-03-12 09:26:00,PLANT-SH-01,False
U01865,R054,B14,C,VISUAL,INS03,NONE,0,2025-03-12 09:26:00,PLANT-SH-01,False
U01866,R054,B14,C,VISUAL,INS03,NONE,0,2025-03-12 09:26:00,PLANT-SH-01,False
U01867,R054,B14,C,XRAY,INS04,NONE,0,2025-03-12 09:26:00,PLANT-SH-01,False
U01868,R054,B14,C,VISUAL,INS08,NONE,0,2025-03-12 09:26:00,PLANT-SH-01,False
U01869,R054,B14,C,XRAY,INS02,NONE,0,2025-03-12 09:26:00,PLANT-SH-01,False
U01870,R054,B14,C,XRAY,INS01,NONE,0,2025-03-12 09:26:00,PLANT-SH-01,False
U01871,R054,B14,C,VISUAL,INS07,NONE,0,2025-03-12 09:26:00,PLANT-SH-01,False
U01872,R054,B14,C,VISUAL,INS07,NONE,0,2025-03-12 09:26:00,PLANT-SH-01,False
U01873,R054,B14,C,XRAY,INS02,NONE,0,2025-03-12 09:26:00,PLANT-SH-01,False
U01874,R054,B14,C,VISUAL,INS06,NONE,0,2025-03-12 09:26:00,PLANT-SH-01,False
U01875,R054,B14,C,VISUAL,INS04,NONE,0,2025-03-12 09:26:00,PLANT-SH-01,False
U01876,R054,B14,C,VISUAL,INS06,NONE,0,2025-03-12 09:26:00,PLANT-SH-01,False
U01877,R054,B14,C,VISUAL,INS01,NONE,0,2025-03-12 09:26:00,PLANT-SH-01,False
U01878,R054,B14,C,VISUAL,INS04,NONE,0,2025-03-12 09:26:00,PLANT-SH-01,False
U01879,R055,B14,A,XRAY,INS05,NONE,0,2025-03-12 12:36:00,PLANT-SH-01,False
U01880,R055,B14,A,VISUAL,INS08,NONE,0,2025-03-12 12:36:00,PLANT-SH-01,False
U01881,R055,B14,A,VISUAL,INS01,NONE,0,2025-03-12 12:36:00,PLANT-SH-01,False
U01882,R055,B14,A,VISUAL,INS03,NONE,0,2025-03-12 12:36:00,PLANT-SH-01,False
U01883,R055,B14,A,XRAY,INS01,NONE,0,2025-03-12 12:36:00,PLANT-SH-01,False
U01884,R055,B14,A,VISUAL,INS07,CONTAMINATION,1,2025-03-12 12:36:00,PLANT-SH-01,False
U01885,R055,B14,A,VISUAL,INS05,NONE,0,2025-03-12 12:36:00,PLANT-SH-01,False
U01886,R055,B14,A,VISUAL,INS08,PORE,1,2025-03-12 12:36:00,PLANT-SH-01,False
U01887,R055,B14,A,XRAY,INS07,NONE,0,2025-03-12 12:36:00,PLANT-SH-01,False
U01888,R055,B14,A,XRAY,INS02,DIMENSION,1,2025-03-12 12:36:00,PLANT-SH-01,False
U01889,R055,B14,A,XRAY,INS04,NONE,0,2025-03-12 12:36:00,PLANT-SH-01,False
U01890,R055,B14,A,VISUAL,INS04,NONE,0,2025-03-12 12:36:00,PLANT-SH-01,False
U01891,R055,B14,A,DIMENSION,INS06,NONE,0,2025-03-12 12:36:00,PLANT-SH-01,False
U01892,R055,B14,A,VISUAL,INS08,NONE,0,2025-03-12 12:36:00,PLANT-SH-01,False
U01893,R055,B14,A,VISUAL,INS04,NONE,0,2025-03-12 12:36:00,PLANT-SH-01,False
U01894,R055,B14,A,VISUAL,INS06,NONE,0,2025-03-12 12:36:00,PLANT-SH-01,False
U01895,R055,B14,A,VISUAL,INS07,NONE,0,2025-03-12 12:36:00,PLANT-SH-01,False
U01896,R055,B14,A,XRAY,INS04,EDGE,1,2025-03-12 12:36:00,PLANT-SH-01,False
U01897,R055,B14,A,VISUAL,INS08,NONE,0,2025-03-12 12:36:00,PLANT-SH-01,False
U01898,R055,B14,A,VISUAL,INS05,NONE,0,2025-03-12 12:36:00,PLANT-SH-01,False
U01899,R055,B14,A,VISUAL,INS01,NONE,0,2025-03-12 12:36:00,PLANT-SH-01,False
U01900,R055,B14,A,VISUAL,INS01,NONE,0,2025-03-12 12:36:00,PLANT-SH-01,False
U01901,R055,B14,A,VISUAL,INS08,NONE,0,2025-03-12 12:36:00,PLANT-SH-01,False
U01902,R055,B14,A,VISUAL,INS06,DIMENSION,1,2025-03-12 12:36:00,PLANT-SH-01,False
U01903,R055,B14,A,VISUAL,INS03,NONE,0,2025-03-12 12:36:00,PLANT-SH-01,False
U01904,R055,B14,A,VISUAL,INS06,NONE,0,2025-03-12 12:36:00,PLANT-SH-01,False
U01905,R055,B14,A,VISUAL,INS05,NONE,0,2025-03-12 12:36:00,PLANT-SH-01,False
U01906,R055,B14,A,XRAY,INS04,NONE,0,2025-03-12 12:36:00,PLANT-SH-01,False
U01907,R055,B14,A,VISUAL,INS08,NONE,0,2025-03-12 12:36:00,PLANT-SH-01,False
U01908,R055,B14,A,VISUAL,INS08,NONE,0,2025-03-12 12:36:00,PLANT-SH-01,False
U01909,R055,B14,A,VISUAL,INS04,DIMENSION,1,2025-03-12 12:36:00,PLANT-SH-01,False
U01910,R055,B14,A,DIMENSION,INS01,NONE,0,2025-03-12 12:36:00,PLANT-SH-01,False
U01911,R055,B14,A,DIMENSION,INS06,NONE,0,2025-03-12 12:36:00,PLANT-SH-01,False
U01912,R055,B14,A,VISUAL,INS01,NONE,0,2025-03-12 12:36:00,PLANT-SH-01,False
U01913,R055,B14,A,VISUAL,INS05,NONE,0,2025-03-12 12:36:00,PLANT-SH-01,False
U01914,R055,B14,A,XRAY,INS05,NONE,0,2025-03-12 12:36:00,PLANT-SH-01,False
U01915,R056,B14,A,VISUAL,INS05,NONE,0,2025-03-12 16:44:00,PLANT-SH-01,False
U01916,R056,B14,A,XRAY,INS08,NONE,0,2025-03-12 16:44:00,PLANT-SH-01,False
U01917,R056,B14,A,VISUAL,INS03,NONE,0,2025-03-12 16:44:00,PLANT-SH-01,False
U01918,R056,B14,A,XRAY,INS08,NONE,0,2025-03-12 16:44:00,PLANT-SH-01,False
U01919,R056,B14,A,VISUAL,INS06,NONE,0,2025-03-12 16:44:00,PLANT-SH-01,False
U01920,R056,B14,A,VISUAL,INS01,NONE,0,2025-03-12 16:44:00,PLANT-SH-01,False
U01921,R056,B14,A,XRAY,INS07,NONE,0,2025-03-12 16:44:00,PLANT-SH-01,False
U01922,R056,B14,A,XRAY,INS07,NONE,0,2025-03-12 16:44:00,PLANT-SH-01,False
U01923,R056,B14,A,VISUAL,INS01,NONE,0,2025-03-12 16:44:00,PLANT-SH-01,False
U01924,R056,B14,A,VISUAL,INS02,NONE,0,2025-03-12 16:44:00,PLANT-SH-01,False
U01925,R056,B14,A,XRAY,INS07,NONE,0,2025-03-12 16:44:00,PLANT-SH-01,False
U01926,R056,B14,A,VISUAL,INS02,NONE,0,2025-03-12 16:44:00,PLANT-SH-01,False
U01927,R056,B14,A,XRAY,INS07,NONE,0,2025-03-12 16:44:00,PLANT-SH-01,False
U01928,R056,B14,A,XRAY,INS01,NONE,0,2025-03-12 16:44:00,PLANT-SH-01,False
U01929,R056,B14,A,VISUAL,INS06,NONE,0,2025-03-12 16:44:00,PLANT-SH-01,False
U01930,R056,B14,A,VISUAL,INS02,NONE,0,2025-03-12 16:44:00,PLANT-SH-01,False
U01931,R056,B14,A,XRAY,INS03,NONE,0,2025-03-12 16:44:00,PLANT-SH-01,False
U01932,R056,B14,A,DIMENSION,INS01,NONE,0,2025-03-12 16:44:00,PLANT-SH-01,False
U01933,R056,B14,A,XRAY,INS01,NONE,0,2025-03-12 16:44:00,PLANT-SH-01,False
U01934,R056,B14,A,VISUAL,INS03,NONE,0,2025-03-12 16:44:00,PLANT-SH-01,False
U01935,R056,B14,A,XRAY,INS08,NONE,0,2025-03-12 16:44:00,PLANT-SH-01,False
U01936,R056,B14,A,XRAY,INS05,NONE,0,2025-03-12 16:44:00,PLANT-SH-01,False
U01937,R056,B14,A,DIMENSION,INS04,NONE,0,2025-03-12 16:44:00,PLANT-SH-01,False
U01938,R056,B14,A,VISUAL,INS06,NONE,0,2025-03-12 16:44:00,PLANT-SH-01,False
U01939,R056,B14,A,VISUAL,INS03,NONE,0,2025-03-12 16:44:00,PLANT-SH-01,False
U01940,R056,B14,A,VISUAL,INS02,NONE,0,2025-03-12 16:44:00,PLANT-SH-01,False
U01941,R056,B14,A,XRAY,INS08,NONE,0,2025-03-12 16:44:00,PLANT-SH-01,False
U01942,R056,B14,A,XRAY,INS03,NONE,0,2025-03-12 16:44:00,PLANT-SH-01,False
U01943,R056,B14,A,VISUAL,INS08,NONE,0,2025-03-12 16:44:00,PLANT-SH-01,False
U01944,R056,B14,A,XRAY,INS06,NONE,0,2025-03-12 16:44:00,PLANT-SH-01,False
U01945,R056,B14,A,VISUAL,INS01,NONE,0,2025-03-12 16:44:00,PLANT-SH-01,False
U01946,R056,B14,A,XRAY,INS03,NONE,0,2025-03-12 16:44:00,PLANT-SH-01,False
U01947,R056,B14,A,VISUAL,INS04,NONE,0,2025-03-12 16:44:00,PLANT-SH-01,False
U01948,R056,B14,A,VISUAL,INS02,NONE,0,2025-03-12 16:44:00,PLANT-SH-01,False
U01949,R056,B14,A,VISUAL,INS02,NONE,0,2025-03-12 16:44:00,PLANT-SH-01,False
U01950,R056,B14,A,VISUAL,INS08,NONE,0,2025-03-12 16:44:00,PLANT-SH-01,False
U01951,R056,B14,A,VISUAL,INS02,NONE,0,2025-03-12 16:44:00,PLANT-SH-01,False
U01952,R056,B14,A,XRAY,INS05,NONE,0,2025-03-12 16:44:00,PLANT-SH-01,False
U01953,R057,B15,B,VISUAL,INS07,NONE,0,2025-03-12 20:44:00,PLANT-SH-01,False
U01954,R057,B15,B,VISUAL,INS03,NONE,0,2025-03-12 20:44:00,PLANT-SH-01,False
U01955,R057,B15,B,VISUAL,INS05,NONE,0,2025-03-12 20:44:00,PLANT-SH-01,False
U01956,R057,B15,B,XRAY,INS02,NONE,0,2025-03-12 20:44:00,PLANT-SH-01,False
U01957,R057,B15,B,VISUAL,INS05,NONE,0,2025-03-12 20:44:00,PLANT-SH-01,False
U01958,R057,B15,B,XRAY,INS05,NONE,0,2025-03-12 20:44:00,PLANT-SH-01,False
U01959,R057,B15,B,XRAY,INS08,NONE,0,2025-03-12 20:44:00,PLANT-SH-01,False
U01960,R057,B15,B,DIMENSION,INS06,NONE,0,2025-03-12 20:44:00,PLANT-SH-01,False
U01961,R057,B15,B,XRAY,INS02,NONE,0,2025-03-12 20:44:00,PLANT-SH-01,False
U01962,R057,B15,B,VISUAL,INS01,NONE,0,2025-03-12 20:44:00,PLANT-SH-01,False
U01963,R057,B15,B,VISUAL,INS01,NONE,0,2025-03-12 20:44:00,PLANT-SH-01,False
U01964,R057,B15,B,DIMENSION,INS02,NONE,0,2025-03-12 20:44:00,PLANT-SH-01,False
U01965,R057,B15,B,DIMENSION,INS08,NONE,0,2025-03-12 20:44:00,PLANT-SH-01,False
U01966,R057,B15,B,VISUAL,INS06,NONE,0,2025-03-12 20:44:00,PLANT-SH-01,False
U01967,R057,B15,B,VISUAL,INS07,NONE,0,2025-03-12 20:44:00,PLANT-SH-01,False
U01968,R057,B15,B,XRAY,INS03,NONE,0,2025-03-12 20:44:00,PLANT-SH-01,False
U01969,R057,B15,B,VISUAL,INS01,NONE,0,2025-03-12 20:44:00,PLANT-SH-01,False
U01970,R057,B15,B,VISUAL,INS06,NONE,0,2025-03-12 20:44:00,PLANT-SH-01,False
U01971,R057,B15,B,XRAY,INS05,NONE,0,2025-03-12 20:44:00,PLANT-SH-01,False
U01972,R057,B15,B,VISUAL,INS03,NONE,0,2025-03-12 20:44:00,PLANT-SH-01,False
U01973,R057,B15,B,VISUAL,INS03,NONE,0,2025-03-12 20:44:00,PLANT-SH-01,False
U01974,R057,B15,B,VISUAL,INS07,NONE,0,2025-03-12 20:44:00,PLANT-SH-01,False
U01975,R057,B15,B,XRAY,INS08,NONE,0,2025-03-12 20:44:00,PLANT-SH-01,False
U01976,R057,B15,B,XRAY,INS01,NONE,0,2025-03-12 20:44:00,PLANT-SH-01,False
U01977,R057,B15,B,VISUAL,INS08,NONE,0,2025-03-12 20:44:00,PLANT-SH-01,False
U01978,R057,B15,B,VISUAL,INS02,NONE,0,2025-03-12 20:44:00,PLANT-SH-01,False
U01979,R057,B15,B,XRAY,INS02,NONE,0,2025-03-12 20:44:00,PLANT-SH-01,False
U01980,R057,B15,B,XRAY,INS06,NONE,0,2025-03-12 20:44:00,PLANT-SH-01,False
U01981,R057,B15,B,VISUAL,INS06,NONE,0,2025-03-12 20:44:00,PLANT-SH-01,False
U01982,R057,B15,B,XRAY,INS08,NONE,0,2025-03-12 20:44:00,PLANT-SH-01,False
U01983,R058,B15,B,XRAY,INS07,NONE,0,2025-03-13 01:29:00,PLANT-SH-01,False
U01984,R058,B15,B,VISUAL,INS02,NONE,0,2025-03-13 01:29:00,PLANT-SH-01,False
U01985,R058,B15,B,DIMENSION,INS02,NONE,0,2025-03-13 01:29:00,PLANT-SH-01,False
U01986,R058,B15,B,DIMENSION,INS03,NONE,0,2025-03-13 01:29:00,PLANT-SH-01,False
U01987,R058,B15,B,VISUAL,INS02,NONE,0,2025-03-13 01:29:00,PLANT-SH-01,False
U01988,R058,B15,B,VISUAL,INS03,NONE,0,2025-03-13 01:29:00,PLANT-SH-01,False
U01989,R058,B15,B,VISUAL,INS03,NONE,0,2025-03-13 01:29:00,PLANT-SH-01,False
U01990,R058,B15,B,VISUAL,INS01,NONE,0,2025-03-13 01:29:00,PLANT-SH-01,False
U01991,R058,B15,B,VISUAL,INS03,NONE,0,2025-03-13 01:29:00,PLANT-SH-01,False
U01992,R058,B15,B,VISUAL,INS04,NONE,0,2025-03-13 01:29:00,PLANT-SH-01,False
U01993,R058,B15,B,VISUAL,INS01,NONE,0,2025-03-13 01:29:00,PLANT-SH-01,False
U01994,R058,B15,B,XRAY,INS07,NONE,0,2025-03-13 01:29:00,PLANT-SH-01,False
U01995,R058,B15,B,VISUAL,INS05,NONE,0,2025-03-13 01:29:00,PLANT-SH-01,False
U01996,R058,B15,B,VISUAL,INS06,NONE,0,2025-03-13 01:29:00,PLANT-SH-01,False
U01997,R058,B15,B,XRAY,INS04,NONE,0,2025-03-13 01:29:00,PLANT-SH-01,False
U01998,R058,B15,B,XRAY,INS05,NONE,0,2025-03-13 01:29:00,PLANT-SH-01,False
U01999,R058,B15,B,XRAY,INS07,NONE,0,2025-03-13 01:29:00,PLANT-SH-01,False
U02000,R058,B15,B,XRAY,INS04,NONE,0,2025-03-13 01:29:00,PLANT-SH-01,False
U02001,R058,B15,B,XRAY,INS02,NONE,0,2025-03-13 01:29:00,PLANT-SH-01,False
U02002,R058,B15,B,VISUAL,INS07,NONE,0,2025-03-13 01:29:00,PLANT-SH-01,False
U02003,R058,B15,B,VISUAL,INS01,NONE,0,2025-03-13 01:29:00,PLANT-SH-01,False
U02004,R058,B15,B,DIMENSION,INS02,NONE,0,2025-03-13 01:29:00,PLANT-SH-01,False
U02005,R058,B15,B,DIMENSION,INS05,NONE,0,2025-03-13 01:29:00,PLANT-SH-01,False
U02006,R058,B15,B,VISUAL,INS03,NONE,0,2025-03-13 01:29:00,PLANT-SH-01,False
U02007,R058,B15,B,XRAY,INS02,NONE,0,2025-03-13 01:29:00,PLANT-SH-01,False
U02008,R058,B15,B,VISUAL,INS05,NONE,0,2025-03-13 01:29:00,PLANT-SH-01,False
U02009,R058,B15,B,VISUAL,INS04,NONE,0,2025-03-13 01:29:00,PLANT-SH-01,False
U02010,R058,B15,B,XRAY,INS06,NONE,0,2025-03-13 01:29:00,PLANT-SH-01,False
U02011,R058,B15,B,VISUAL,INS05,NONE,0,2025-03-13 01:29:00,PLANT-SH-01,False
U02012,R058,B15,B,VISUAL,INS08,NONE,0,2025-03-13 01:29:00,PLANT-SH-01,False
U02013,R058,B15,B,DIMENSION,INS04,NONE,0,2025-03-13 01:29:00,PLANT-SH-01,False
U02014,R058,B15,B,VISUAL,INS07,NONE,0,2025-03-13 01:29:00,PLANT-SH-01,False
U02015,R058,B15,B,VISUAL,INS08,NONE,0,2025-03-13 01:29:00,PLANT-SH-01,False
U02016,R059,B15,C,VISUAL,INS08,NONE,0,2025-03-13 04:36:00,PLANT-SH-01,False
U02017,R059,B15,C,VISUAL,INS01,NONE,0,2025-03-13 04:36:00,PLANT-SH-01,False
U02018,R059,B15,C,VISUAL,INS06,NONE,0,2025-03-13 04:36:00,PLANT-SH-01,False
U02019,R059,B15,C,XRAY,INS06,NONE,0,2025-03-13 04:36:00,PLANT-SH-01,False
U02020,R059,B15,C,XRAY,INS04,NONE,0,2025-03-13 04:36:00,PLANT-SH-01,False
U02021,R059,B15,C,XRAY,INS03,NONE,0,2025-03-13 04:36:00,PLANT-SH-01,False
U02022,R059,B15,C,VISUAL,INS06,NONE,0,2025-03-13 04:36:00,PLANT-SH-01,False
U02023,R059,B15,C,VISUAL,INS06,NONE,0,2025-03-13 04:36:00,PLANT-SH-01,False
U02024,R059,B15,C,DIMENSION,INS07,NONE,0,2025-03-13 04:36:00,PLANT-SH-01,False
U02025,R059,B15,C,VISUAL,INS04,NONE,0,2025-03-13 04:36:00,PLANT-SH-01,False
U02026,R059,B15,C,XRAY,INS07,NONE,0,2025-03-13 04:36:00,PLANT-SH-01,False
U02027,R059,B15,C,VISUAL,INS02,NONE,0,2025-03-13 04:36:00,PLANT-SH-01,False
U02028,R059,B15,C,VISUAL,INS07,NONE,0,2025-03-13 04:36:00,PLANT-SH-01,False
U02029,R059,B15,C,VISUAL,INS04,NONE,0,2025-03-13 04:36:00,PLANT-SH-01,False
U02030,R059,B15,C,VISUAL,INS04,NONE,0,2025-03-13 04:36:00,PLANT-SH-01,False
U02031,R059,B15,C,XRAY,INS08,NONE,0,2025-03-13 04:36:00,PLANT-SH-01,False
U02032,R059,B15,C,XRAY,INS06,NONE,0,2025-03-13 04:36:00,PLANT-SH-01,False
U02033,R059,B15,C,XRAY,INS03,NONE,0,2025-03-13 04:36:00,PLANT-SH-01,False
U02034,R059,B15,C,VISUAL,INS02,NONE,0,2025-03-13 04:36:00,PLANT-SH-01,False
U02035,R059,B15,C,VISUAL,INS02,NONE,0,2025-03-13 04:36:00,PLANT-SH-01,False
U02036,R059,B15,C,VISUAL,INS04,NONE,0,2025-03-13 04:36:00,PLANT-SH-01,False
U02037,R059,B15,C,VISUAL,INS06,NONE,0,2025-03-13 04:36:00,PLANT-SH-01,False
U02038,R059,B15,C,VISUAL,INS08,NONE,0,2025-03-13 04:36:00,PLANT-SH-01,False
U02039,R059,B15,C,VISUAL,INS01,NONE,0,2025-03-13 04:36:00,PLANT-SH-01,False
U02040,R059,B15,C,DIMENSION,INS01,NONE,0,2025-03-13 04:36:00,PLANT-SH-01,False
U02041,R059,B15,C,VISUAL,INS02,NONE,0,2025-03-13 04:36:00,PLANT-SH-01,False
U02042,R059,B15,C,VISUAL,INS07,NONE,0,2025-03-13 04:36:00,PLANT-SH-01,False
U02043,R059,B15,C,XRAY,INS08,NONE,0,2025-03-13 04:36:00,PLANT-SH-01,False
U02044,R059,B15,C,VISUAL,INS02,NONE,0,2025-03-13 04:36:00,PLANT-SH-01,False
U02045,R059,B15,C,XRAY,INS02,NONE,0,2025-03-13 04:36:00,PLANT-SH-01,False
U02046,R059,B15,C,VISUAL,INS03,NONE,0,2025-03-13 04:36:00,PLANT-SH-01,False
U02047,R059,B15,C,VISUAL,INS06,NONE,0,2025-03-13 04:36:00,PLANT-SH-01,False
U02048,R059,B15,C,DIMENSION,INS03,NONE,0,2025-03-13 04:36:00,PLANT-SH-01,False
U02049,R059,B15,C,VISUAL,INS08,NONE,0,2025-03-13 04:36:00,PLANT-SH-01,False
U02050,R059,B15,C,VISUAL,INS01,NONE,0,2025-03-13 04:36:00,PLANT-SH-01,False
U02051,R060,B15,C,XRAY,INS05,NONE,0,2025-03-13 08:52:00,PLANT-SH-01,False
U02052,R060,B15,C,VISUAL,INS01,NONE,0,2025-03-13 08:52:00,PLANT-SH-01,False
U02053,R060,B15,C,VISUAL,INS04,NONE,0,2025-03-13 08:52:00,PLANT-SH-01,False
U02054,R060,B15,C,VISUAL,INS04,NONE,0,2025-03-13 08:52:00,PLANT-SH-01,False
U02055,R060,B15,C,VISUAL,INS04,NONE,0,2025-03-13 08:52:00,PLANT-SH-01,False
U02056,R060,B15,C,VISUAL,INS06,NONE,0,2025-03-13 08:52:00,PLANT-SH-01,False
U02057,R060,B15,C,VISUAL,INS02,NONE,0,2025-03-13 08:52:00,PLANT-SH-01,False
U02058,R060,B15,C,VISUAL,INS04,NONE,0,2025-03-13 08:52:00,PLANT-SH-01,False
U02059,R060,B15,C,DIMENSION,INS03,NONE,0,2025-03-13 08:52:00,PLANT-SH-01,False
U02060,R060,B15,C,VISUAL,INS03,NONE,0,2025-03-13 08:52:00,PLANT-SH-01,False
U02061,R060,B15,C,VISUAL,INS04,NONE,0,2025-03-13 08:52:00,PLANT-SH-01,False
U02062,R060,B15,C,VISUAL,INS07,NONE,0,2025-03-13 08:52:00,PLANT-SH-01,False
U02063,R060,B15,C,VISUAL,INS08,NONE,0,2025-03-13 08:52:00,PLANT-SH-01,False
U02064,R060,B15,C,VISUAL,INS05,NONE,0,2025-03-13 08:52:00,PLANT-SH-01,False
U02065,R060,B15,C,VISUAL,INS04,NONE,0,2025-03-13 08:52:00,PLANT-SH-01,False
U02066,R060,B15,C,VISUAL,INS07,NONE,0,2025-03-13 08:52:00,PLANT-SH-01,False
U02067,R060,B15,C,VISUAL,INS06,NONE,0,2025-03-13 08:52:00,PLANT-SH-01,False
U02068,R060,B15,C,XRAY,INS01,DIMENSION,1,2025-03-13 08:52:00,PLANT-SH-01,False
U02069,R060,B15,C,VISUAL,INS05,NONE,0,2025-03-13 08:52:00,PLANT-SH-01,False
U02070,R060,B15,C,XRAY,INS07,NONE,0,2025-03-13 08:52:00,PLANT-SH-01,False
U02071,R060,B15,C,VISUAL,INS04,NONE,0,2025-03-13 08:52:00,PLANT-SH-01,False
U02072,R060,B15,C,VISUAL,INS03,NONE,0,2025-03-13 08:52:00,PLANT-SH-01,False
U02073,R060,B15,C,VISUAL,INS06,NONE,0,2025-03-13 08:52:00,PLANT-SH-01,False
U02074,R060,B15,C,XRAY,INS08,NONE,0,2025-03-13 08:52:00,PLANT-SH-01,False
U02075,R060,B15,C,XRAY,INS08,NONE,0,2025-03-13 08:52:00,PLANT-SH-01,False
U02076,R060,B15,C,VISUAL,INS07,NONE,0,2025-03-13 08:52:00,PLANT-SH-01,False
U02077,R060,B15,C,VISUAL,INS07,NONE,0,2025-03-13 08:52:00,PLANT-SH-01,False
U02078,R060,B15,C,VISUAL,INS08,NONE,0,2025-03-13 08:52:00,PLANT-SH-01,False
U02079,R060,B15,C,DIMENSION,INS05,NONE,0,2025-03-13 08:52:00,PLANT-SH-01,False
U02080,R060,B15,C,XRAY,INS06,NONE,0,2025-03-13 08:52:00,PLANT-SH-01,False
U02081,R060,B15,C,VISUAL,INS04,NONE,0,2025-03-13 08:52:00,PLANT-SH-01,False
U02082,R060,B15,C,VISUAL,INS03,NONE,0,2025-03-13 08:52:00,PLANT-SH-01,False
U02083,R060,B15,C,XRAY,INS06,NONE,0,2025-03-13 08:52:00,PLANT-SH-01,False
U02084,R060,B15,C,VISUAL,INS07,NONE,0,2025-03-13 08:52:00,PLANT-SH-01,False
U02085,R060,B15,C,XRAY,INS02,NONE,0,2025-03-13 08:52:00,PLANT-SH-01,False
U02086,R060,B15,C,XRAY,INS05,NONE,0,2025-03-13 08:52:00,PLANT-SH-01,False
U02087,R060,B15,C,XRAY,INS08,NONE,0,2025-03-13 08:52:00,PLANT-SH-01,False
U02088,R060,B15,C,XRAY,INS04,NONE,0,2025-03-13 08:52:00,PLANT-SH-01,False
U02089,R061,B16,A,VISUAL,INS05,NONE,0,2025-03-13 13:02:00,PLANT-SH-01,False
U02090,R061,B16,A,VISUAL,INS03,NONE,0,2025-03-13 13:02:00,PLANT-SH-01,False
U02091,R061,B16,A,VISUAL,INS02,NONE,0,2025-03-13 13:02:00,PLANT-SH-01,False
U02092,R061,B16,A,VISUAL,INS04,NONE,0,2025-03-13 13:02:00,PLANT-SH-01,False
U02093,R061,B16,A,VISUAL,INS01,NONE,0,2025-03-13 13:02:00,PLANT-SH-01,False
U02094,R061,B16,A,VISUAL,INS05,NONE,0,2025-03-13 13:02:00,PLANT-SH-01,False
U02095,R061,B16,A,XRAY,INS08,NONE,0,2025-03-13 13:02:00,PLANT-SH-01,False
U02096,R061,B16,A,XRAY,INS02,EDGE,1,2025-03-13 13:02:00,PLANT-SH-01,False
U02097,R061,B16,A,VISUAL,INS08,NONE,0,2025-03-13 13:02:00,PLANT-SH-01,False
U02098,R061,B16,A,VISUAL,INS06,NONE,0,2025-03-13 13:02:00,PLANT-SH-01,False
U02099,R061,B16,A,VISUAL,INS08,NONE,0,2025-03-13 13:02:00,PLANT-SH-01,False
U02100,R061,B16,A,DIMENSION,INS08,NONE,0,2025-03-13 13:02:00,PLANT-SH-01,False
U02101,R061,B16,A,VISUAL,INS03,NONE,0,2025-03-13 13:02:00,PLANT-SH-01,False
U02102,R061,B16,A,XRAY,INS02,NONE,0,2025-03-13 13:02:00,PLANT-SH-01,False
U02103,R061,B16,A,VISUAL,INS03,NONE,0,2025-03-13 13:02:00,PLANT-SH-01,False
U02104,R061,B16,A,VISUAL,INS02,NONE,0,2025-03-13 13:02:00,PLANT-SH-01,False
U02105,R061,B16,A,VISUAL,INS05,NONE,0,2025-03-13 13:02:00,PLANT-SH-01,False
U02106,R061,B16,A,XRAY,INS02,NONE,0,2025-03-13 13:02:00,PLANT-SH-01,False
U02107,R061,B16,A,VISUAL,INS05,NONE,0,2025-03-13 13:02:00,PLANT-SH-01,False
U02108,R061,B16,A,XRAY,INS02,NONE,0,2025-03-13 13:02:00,PLANT-SH-01,False
U02109,R061,B16,A,VISUAL,INS06,DIMENSION,1,2025-03-13 13:02:00,PLANT-SH-01,False
U02110,R061,B16,A,DIMENSION,INS04,NONE,0,2025-03-13 13:02:00,PLANT-SH-01,False
U02111,R061,B16,A,XRAY,INS04,NONE,0,2025-03-13 13:02:00,PLANT-SH-01,False
U02112,R061,B16,A,DIMENSION,INS05,NONE,0,2025-03-13 13:02:00,PLANT-SH-01,False
U02113,R061,B16,A,VISUAL,INS06,NONE,0,2025-03-13 13:02:00,PLANT-SH-01,False
U02114,R061,B16,A,VISUAL,INS01,NONE,0,2025-03-13 13:02:00,PLANT-SH-01,False
U02115,R061,B16,A,VISUAL,INS07,NONE,0,2025-03-13 13:02:00,PLANT-SH-01,False
U02116,R061,B16,A,XRAY,INS07,NONE,0,2025-03-13 13:02:00,PLANT-SH-01,False
U02117,R061,B16,A,XRAY,INS05,PORE,1,2025-03-13 13:02:00,PLANT-SH-01,False
U02118,R061,B16,A,VISUAL,INS05,NONE,0,2025-03-13 13:02:00,PLANT-SH-01,False
U02119,R061,B16,A,VISUAL,INS07,CONTAMINATION,1,2025-03-13 13:02:00,PLANT-SH-01,False
U02120,R061,B16,A,VISUAL,INS05,NONE,0,2025-03-13 13:02:00,PLANT-SH-01,False
U02121,R061,B16,A,XRAY,INS08,NONE,0,2025-03-13 13:02:00,PLANT-SH-01,False
U02122,R061,B16,A,VISUAL,INS05,PORE,1,2025-03-13 13:02:00,PLANT-SH-01,False
U02123,R061,B16,A,XRAY,INS08,NONE,0,2025-03-13 13:02:00,PLANT-SH-01,False
U02124,R061,B16,A,VISUAL,INS07,NONE,0,2025-03-13 13:02:00,PLANT-SH-01,False
U02125,R061,B16,A,VISUAL,INS05,NONE,0,2025-03-13 13:02:00,PLANT-SH-01,False
U02126,R061,B16,A,VISUAL,INS07,PORE,1,2025-03-13 13:02:00,PLANT-SH-01,False
U02127,R061,B16,A,XRAY,INS08,NONE,0,2025-03-13 13:02:00,PLANT-SH-01,False
U02128,R062,B16,A,VISUAL,INS07,NONE,0,2025-03-13 16:16:00,PLANT-SH-01,False
U02129,R062,B16,A,DIMENSION,INS04,NONE,0,2025-03-13 16:16:00,PLANT-SH-01,False
U02130,R062,B16,A,VISUAL,INS06,NONE,0,2025-03-13 16:16:00,PLANT-SH-01,False
U02131,R062,B16,A,VISUAL,INS06,NONE,0,2025-03-13 16:16:00,PLANT-SH-01,False
U02132,R062,B16,A,VISUAL,INS07,NONE,0,2025-03-13 16:16:00,PLANT-SH-01,False
U02133,R062,B16,A,VISUAL,INS01,NONE,0,2025-03-13 16:16:00,PLANT-SH-01,False
U02134,R062,B16,A,VISUAL,INS02,NONE,0,2025-03-13 16:16:00,PLANT-SH-01,False
U02135,R062,B16,A,VISUAL,INS04,NONE,0,2025-03-13 16:16:00,PLANT-SH-01,False
U02136,R062,B16,A,VISUAL,INS03,NONE,0,2025-03-13 16:16:00,PLANT-SH-01,False
U02137,R062,B16,A,VISUAL,INS02,NONE,0,2025-03-13 16:16:00,PLANT-SH-01,False
U02138,R062,B16,A,VISUAL,INS06,NONE,0,2025-03-13 16:16:00,PLANT-SH-01,False
U02139,R062,B16,A,VISUAL,INS04,NONE,0,2025-03-13 16:16:00,PLANT-SH-01,False
U02140,R062,B16,A,VISUAL,INS08,NONE,0,2025-03-13 16:16:00,PLANT-SH-01,False
U02141,R062,B16,A,VISUAL,INS06,NONE,0,2025-03-13 16:16:00,PLANT-SH-01,False
U02142,R062,B16,A,VISUAL,INS01,NONE,0,2025-03-13 16:16:00,PLANT-SH-01,False
U02143,R062,B16,A,VISUAL,INS03,NONE,0,2025-03-13 16:16:00,PLANT-SH-01,False
U02144,R062,B16,A,XRAY,INS03,NONE,0,2025-03-13 16:16:00,PLANT-SH-01,False
U02145,R062,B16,A,VISUAL,INS05,NONE,0,2025-03-13 16:16:00,PLANT-SH-01,False
U02146,R062,B16,A,XRAY,INS06,NONE,0,2025-03-13 16:16:00,PLANT-SH-01,False
U02147,R062,B16,A,XRAY,INS04,NONE,0,2025-03-13 16:16:00,PLANT-SH-01,False
U02148,R062,B16,A,VISUAL,INS03,NONE,0,2025-03-13 16:16:00,PLANT-SH-01,False
U02149,R062,B16,A,VISUAL,INS05,NONE,0,2025-03-13 16:16:00,PLANT-SH-01,False
U02150,R062,B16,A,XRAY,INS07,NONE,0,2025-03-13 16:16:00,PLANT-SH-01,False
U02151,R062,B16,A,VISUAL,INS03,NONE,0,2025-03-13 16:16:00,PLANT-SH-01,False
U02152,R062,B16,A,VISUAL,INS07,NONE,0,2025-03-13 16:16:00,PLANT-SH-01,False
U02153,R062,B16,A,XRAY,INS02,NONE,0,2025-03-13 16:16:00,PLANT-SH-01,False
U02154,R062,B16,A,VISUAL,INS03,NONE,0,2025-03-13 16:16:00,PLANT-SH-01,False
U02155,R062,B16,A,XRAY,INS05,NONE,0,2025-03-13 16:16:00,PLANT-SH-01,False
U02156,R062,B16,A,DIMENSION,INS05,NONE,0,2025-03-13 16:16:00,PLANT-SH-01,False
U02157,R062,B16,A,VISUAL,INS02,NONE,0,2025-03-13 16:16:00,PLANT-SH-01,False
U02158,R062,B16,A,VISUAL,INS06,NONE,0,2025-03-13 16:16:00,PLANT-SH-01,False
U02159,R062,B16,A,XRAY,INS01,NONE,0,2025-03-13 16:16:00,PLANT-SH-01,False
U02160,R063,B16,B,DIMENSION,INS07,NONE,0,2025-03-13 20:50:00,PLANT-SH-01,False
U02161,R063,B16,B,VISUAL,INS04,NONE,0,2025-03-13 20:50:00,PLANT-SH-01,False
U02162,R063,B16,B,VISUAL,INS02,NONE,0,2025-03-13 20:50:00,PLANT-SH-01,False
U02163,R063,B16,B,XRAY,INS01,NONE,0,2025-03-13 20:50:00,PLANT-SH-01,False
U02164,R063,B16,B,XRAY,INS03,NONE,0,2025-03-13 20:50:00,PLANT-SH-01,False
U02165,R063,B16,B,VISUAL,INS01,CRACK,1,2025-03-13 20:50:00,PLANT-SH-01,False
U02166,R063,B16,B,XRAY,INS03,NONE,0,2025-03-13 20:50:00,PLANT-SH-01,False
U02167,R063,B16,B,VISUAL,INS05,DIMENSION,1,2025-03-13 20:50:00,PLANT-SH-01,False
U02168,R063,B16,B,VISUAL,INS05,NONE,0,2025-03-13 20:50:00,PLANT-SH-01,False
U02169,R063,B16,B,VISUAL,INS03,NONE,0,2025-03-13 20:50:00,PLANT-SH-01,False
U02170,R063,B16,B,XRAY,INS05,NONE,0,2025-03-13 20:50:00,PLANT-SH-01,False
U02171,R063,B16,B,XRAY,INS06,NONE,0,2025-03-13 20:50:00,PLANT-SH-01,False
U02172,R063,B16,B,VISUAL,INS07,NONE,0,2025-03-13 20:50:00,PLANT-SH-01,False
U02173,R063,B16,B,DIMENSION,INS02,NONE,0,2025-03-13 20:50:00,PLANT-SH-01,False
U02174,R063,B16,B,XRAY,INS08,NONE,0,2025-03-13 20:50:00,PLANT-SH-01,False
U02175,R063,B16,B,VISUAL,INS05,NONE,0,2025-03-13 20:50:00,PLANT-SH-01,False
U02176,R063,B16,B,XRAY,INS02,EDGE,1,2025-03-13 20:50:00,PLANT-SH-01,False
U02177,R063,B16,B,XRAY,INS05,NONE,0,2025-03-13 20:50:00,PLANT-SH-01,False
U02178,R063,B16,B,VISUAL,INS06,NONE,0,2025-03-13 20:50:00,PLANT-SH-01,False
U02179,R063,B16,B,VISUAL,INS08,PORE,1,2025-03-13 20:50:00,PLANT-SH-01,False
U02180,R063,B16,B,VISUAL,INS04,DIMENSION,1,2025-03-13 20:50:00,PLANT-SH-01,False
U02181,R063,B16,B,VISUAL,INS07,NONE,0,2025-03-13 20:50:00,PLANT-SH-01,False
U02182,R063,B16,B,VISUAL,INS02,DIMENSION,1,2025-03-13 20:50:00,PLANT-SH-01,False
U02183,R063,B16,B,VISUAL,INS01,NONE,0,2025-03-13 20:50:00,PLANT-SH-01,False
U02184,R063,B16,B,VISUAL,INS06,NONE,0,2025-03-13 20:50:00,PLANT-SH-01,False
U02185,R063,B16,B,XRAY,INS05,NONE,0,2025-03-13 20:50:00,PLANT-SH-01,False
U02186,R063,B16,B,XRAY,INS05,NONE,0,2025-03-13 20:50:00,PLANT-SH-01,False
U02187,R063,B16,B,VISUAL,INS01,NONE,0,2025-03-13 20:50:00,PLANT-SH-01,False
U02188,R063,B16,B,VISUAL,INS05,PORE,1,2025-03-13 20:50:00,PLANT-SH-01,False
U02189,R063,B16,B,VISUAL,INS06,NONE,0,2025-03-13 20:50:00,PLANT-SH-01,False
U02190,R063,B16,B,VISUAL,INS01,NONE,0,2025-03-13 20:50:00,PLANT-SH-01,False
U02191,R063,B16,B,VISUAL,INS04,NONE,0,2025-03-13 20:50:00,PLANT-SH-01,False
U02192,R063,B16,B,DIMENSION,INS08,NONE,0,2025-03-13 20:50:00,PLANT-SH-01,False
U02193,R064,B16,B,XRAY,INS01,NONE,0,2025-03-14 00:51:00,PLANT-SH-01,False
U02194,R064,B16,B,XRAY,INS02,NONE,0,2025-03-14 00:51:00,PLANT-SH-01,False
U02195,R064,B16,B,DIMENSION,INS05,NONE,0,2025-03-14 00:51:00,PLANT-SH-01,False
U02196,R064,B16,B,VISUAL,INS07,NONE,0,2025-03-14 00:51:00,PLANT-SH-01,False
U02197,R064,B16,B,VISUAL,INS01,NONE,0,2025-03-14 00:51:00,PLANT-SH-01,False
U02198,R064,B16,B,VISUAL,INS04,NONE,0,2025-03-14 00:51:00,PLANT-SH-01,False
U02199,R064,B16,B,VISUAL,INS03,NONE,0,2025-03-14 00:51:00,PLANT-SH-01,False
U02200,R064,B16,B,XRAY,INS08,NONE,0,2025-03-14 00:51:00,PLANT-SH-01,False
U02201,R064,B16,B,VISUAL,INS04,NONE,0,2025-03-14 00:51:00,PLANT-SH-01,False
U02202,R064,B16,B,VISUAL,INS03,NONE,0,2025-03-14 00:51:00,PLANT-SH-01,False
U02203,R064,B16,B,XRAY,INS05,NONE,0,2025-03-14 00:51:00,PLANT-SH-01,False
U02204,R064,B16,B,XRAY,INS02,NONE,0,2025-03-14 00:51:00,PLANT-SH-01,False
U02205,R064,B16,B,VISUAL,INS01,NONE,0,2025-03-14 00:51:00,PLANT-SH-01,False
U02206,R064,B16,B,VISUAL,INS01,NONE,0,2025-03-14 00:51:00,PLANT-SH-01,False
U02207,R064,B16,B,VISUAL,INS07,NONE,0,2025-03-14 00:51:00,PLANT-SH-01,False
U02208,R064,B16,B,DIMENSION,INS03,NONE,0,2025-03-14 00:51:00,PLANT-SH-01,False
U02209,R064,B16,B,VISUAL,INS08,NONE,0,2025-03-14 00:51:00,PLANT-SH-01,False
U02210,R064,B16,B,XRAY,INS07,NONE,0,2025-03-14 00:51:00,PLANT-SH-01,False
U02211,R064,B16,B,VISUAL,INS07,NONE,0,2025-03-14 00:51:00,PLANT-SH-01,False
U02212,R064,B16,B,VISUAL,INS01,NONE,0,2025-03-14 00:51:00,PLANT-SH-01,False
U02213,R064,B16,B,VISUAL,INS04,NONE,0,2025-03-14 00:51:00,PLANT-SH-01,False
U02214,R064,B16,B,VISUAL,INS02,NONE,0,2025-03-14 00:51:00,PLANT-SH-01,False
U02215,R064,B16,B,DIMENSION,INS03,NONE,0,2025-03-14 00:51:00,PLANT-SH-01,False
U02216,R064,B16,B,XRAY,INS06,NONE,0,2025-03-14 00:51:00,PLANT-SH-01,False
U02217,R064,B16,B,XRAY,INS01,NONE,0,2025-03-14 00:51:00,PLANT-SH-01,False
U02218,R064,B16,B,VISUAL,INS05,NONE,0,2025-03-14 00:51:00,PLANT-SH-01,False
U02219,R064,B16,B,XRAY,INS02,NONE,0,2025-03-14 00:51:00,PLANT-SH-01,False
U02220,R064,B16,B,XRAY,INS04,NONE,0,2025-03-14 00:51:00,PLANT-SH-01,False
U02221,R064,B16,B,DIMENSION,INS07,NONE,0,2025-03-14 00:51:00,PLANT-SH-01,False
U02222,R064,B16,B,VISUAL,INS08,NONE,0,2025-03-14 00:51:00,PLANT-SH-01,False
U02223,R064,B16,B,DIMENSION,INS05,NONE,0,2025-03-14 00:51:00,PLANT-SH-01,False
U02224,R064,B16,B,VISUAL,INS03,NONE,0,2025-03-14 00:51:00,PLANT-SH-01,False
U02225,R064,B16,B,VISUAL,INS01,NONE,0,2025-03-14 00:51:00,PLANT-SH-01,False
U02226,R064,B16,B,XRAY,INS05,NONE,0,2025-03-14 00:51:00,PLANT-SH-01,False
U02227,R064,B16,B,VISUAL,INS05,NONE,0,2025-03-14 00:51:00,PLANT-SH-01,False
U02228,R064,B16,B,VISUAL,INS03,NONE,0,2025-03-14 00:51:00,PLANT-SH-01,False
U02229,R064,B16,B,VISUAL,INS03,NONE,0,2025-03-14 00:51:00,PLANT-SH-01,False
U02230,R065,B17,C,VISUAL,INS03,NONE,0,2025-03-14 04:23:00,PLANT-SH-01,False
U02231,R065,B17,C,XRAY,INS08,NONE,0,2025-03-14 04:23:00,PLANT-SH-01,False
U02232,R065,B17,C,XRAY,INS05,NONE,0,2025-03-14 04:23:00,PLANT-SH-01,False
U02233,R065,B17,C,XRAY,INS04,NONE,0,2025-03-14 04:23:00,PLANT-SH-01,False
U02234,R065,B17,C,VISUAL,INS04,NONE,0,2025-03-14 04:23:00,PLANT-SH-01,False
U02235,R065,B17,C,VISUAL,INS06,NONE,0,2025-03-14 04:23:00,PLANT-SH-01,False
U02236,R065,B17,C,VISUAL,INS01,NONE,0,2025-03-14 04:23:00,PLANT-SH-01,False
U02237,R065,B17,C,VISUAL,INS04,PORE,1,2025-03-14 04:23:00,PLANT-SH-01,False
U02238,R065,B17,C,VISUAL,INS05,NONE,0,2025-03-14 04:23:00,PLANT-SH-01,False
U02239,R065,B17,C,DIMENSION,INS07,NONE,0,2025-03-14 04:23:00,PLANT-SH-01,False
U02240,R065,B17,C,VISUAL,INS06,NONE,0,2025-03-14 04:23:00,PLANT-SH-01,False
U02241,R065,B17,C,VISUAL,INS04,NONE,0,2025-03-14 04:23:00,PLANT-SH-01,False
U02242,R065,B17,C,VISUAL,INS03,NONE,0,2025-03-14 04:23:00,PLANT-SH-01,False
U02243,R065,B17,C,DIMENSION,INS08,NONE,0,2025-03-14 04:23:00,PLANT-SH-01,False
U02244,R065,B17,C,DIMENSION,INS08,NONE,0,2025-03-14 04:23:00,PLANT-SH-01,False
U02245,R065,B17,C,VISUAL,INS04,NONE,0,2025-03-14 04:23:00,PLANT-SH-01,False
U02246,R065,B17,C,VISUAL,INS03,NONE,0,2025-03-14 04:23:00,PLANT-SH-01,False
U02247,R065,B17,C,VISUAL,INS07,NONE,0,2025-03-14 04:23:00,PLANT-SH-01,False
U02248,R065,B17,C,VISUAL,INS01,NONE,0,2025-03-14 04:23:00,PLANT-SH-01,False
U02249,R065,B17,C,VISUAL,INS07,NONE,0,2025-03-14 04:23:00,PLANT-SH-01,False
U02250,R065,B17,C,XRAY,INS02,NONE,0,2025-03-14 04:23:00,PLANT-SH-01,False
U02251,R065,B17,C,VISUAL,INS03,NONE,0,2025-03-14 04:23:00,PLANT-SH-01,False
U02252,R065,B17,C,VISUAL,INS03,NONE,0,2025-03-14 04:23:00,PLANT-SH-01,False
U02253,R065,B17,C,XRAY,INS06,NONE,0,2025-03-14 04:23:00,PLANT-SH-01,False
U02254,R065,B17,C,XRAY,INS08,DIMENSION,1,2025-03-14 04:23:00,PLANT-SH-01,False
U02255,R065,B17,C,XRAY,INS04,NONE,0,2025-03-14 04:23:00,PLANT-SH-01,False
U02256,R065,B17,C,VISUAL,INS02,NONE,0,2025-03-14 04:23:00,PLANT-SH-01,False
U02257,R065,B17,C,VISUAL,INS08,NONE,0,2025-03-14 04:23:00,PLANT-SH-01,False
U02258,R065,B17,C,XRAY,INS08,NONE,0,2025-03-14 04:23:00,PLANT-SH-01,False
U02259,R065,B17,C,XRAY,INS01,NONE,0,2025-03-14 04:23:00,PLANT-SH-01,False
U02260,R065,B17,C,VISUAL,INS03,NONE,0,2025-03-14 04:23:00,PLANT-SH-01,False
U02261,R065,B17,C,XRAY,INS04,NONE,0,2025-03-14 04:23:00,PLANT-SH-01,False
U02262,R065,B17,C,VISUAL,INS05,NONE,0,2025-03-14 04:23:00,PLANT-SH-01,False
U02263,R065,B17,C,VISUAL,INS04,NONE,0,2025-03-14 04:23:00,PLANT-SH-01,False
U02264,R065,B17,C,VISUAL,INS07,NONE,0,2025-03-14 04:23:00,PLANT-SH-01,False
U02265,R065,B17,C,XRAY,INS01,NONE,0,2025-03-14 04:23:00,PLANT-SH-01,False
U02266,R066,B17,C,VISUAL,INS02,NONE,0,2025-03-14 08:37:00,PLANT-SH-01,False
U02267,R066,B17,C,VISUAL,INS08,NONE,0,2025-03-14 08:37:00,PLANT-SH-01,False
U02268,R066,B17,C,XRAY,INS02,NONE,0,2025-03-14 08:37:00,PLANT-SH-01,False
U02269,R066,B17,C,VISUAL,INS06,NONE,0,2025-03-14 08:37:00,PLANT-SH-01,False
U02270,R066,B17,C,VISUAL,INS02,NONE,0,2025-03-14 08:37:00,PLANT-SH-01,False
U02271,R066,B17,C,VISUAL,INS08,NONE,0,2025-03-14 08:37:00,PLANT-SH-01,False
U02272,R066,B17,C,XRAY,INS02,NONE,0,2025-03-14 08:37:00,PLANT-SH-01,False
U02273,R066,B17,C,VISUAL,INS01,NONE,0,2025-03-14 08:37:00,PLANT-SH-01,False
U02274,R066,B17,C,XRAY,INS06,NONE,0,2025-03-14 08:37:00,PLANT-SH-01,False
U02275,R066,B17,C,VISUAL,INS05,NONE,0,2025-03-14 08:37:00,PLANT-SH-01,False
U02276,R066,B17,C,XRAY,INS07,NONE,0,2025-03-14 08:37:00,PLANT-SH-01,False
U02277,R066,B17,C,XRAY,INS02,NONE,0,2025-03-14 08:37:00,PLANT-SH-01,False
U02278,R066,B17,C,VISUAL,INS01,NONE,0,2025-03-14 08:37:00,PLANT-SH-01,False
U02279,R066,B17,C,VISUAL,INS06,NONE,0,2025-03-14 08:37:00,PLANT-SH-01,False
U02280,R066,B17,C,VISUAL,INS06,NONE,0,2025-03-14 08:37:00,PLANT-SH-01,False
U02281,R066,B17,C,VISUAL,INS06,NONE,0,2025-03-14 08:37:00,PLANT-SH-01,False
U02282,R066,B17,C,VISUAL,INS02,NONE,0,2025-03-14 08:37:00,PLANT-SH-01,False
U02283,R066,B17,C,DIMENSION,INS05,NONE,0,2025-03-14 08:37:00,PLANT-SH-01,False
U02284,R066,B17,C,VISUAL,INS05,NONE,0,2025-03-14 08:37:00,PLANT-SH-01,False
U02285,R066,B17,C,XRAY,INS04,NONE,0,2025-03-14 08:37:00,PLANT-SH-01,False
U02286,R066,B17,C,XRAY,INS04,NONE,0,2025-03-14 08:37:00,PLANT-SH-01,False
U02287,R066,B17,C,VISUAL,INS05,NONE,0,2025-03-14 08:37:00,PLANT-SH-01,False
U02288,R066,B17,C,VISUAL,INS07,NONE,0,2025-03-14 08:37:00,PLANT-SH-01,False
U02289,R066,B17,C,VISUAL,INS04,NONE,0,2025-03-14 08:37:00,PLANT-SH-01,False
U02290,R066,B17,C,VISUAL,INS08,NONE,0,2025-03-14 08:37:00,PLANT-SH-01,False
U02291,R066,B17,C,VISUAL,INS06,NONE,0,2025-03-14 08:37:00,PLANT-SH-01,False
U02292,R066,B17,C,VISUAL,INS06,NONE,0,2025-03-14 08:37:00,PLANT-SH-01,False
U02293,R066,B17,C,VISUAL,INS05,NONE,0,2025-03-14 08:37:00,PLANT-SH-01,False
U02294,R066,B17,C,VISUAL,INS02,NONE,0,2025-03-14 08:37:00,PLANT-SH-01,False
U02295,R066,B17,C,XRAY,INS08,NONE,0,2025-03-14 08:37:00,PLANT-SH-01,False
U02296,R066,B17,C,XRAY,INS04,NONE,0,2025-03-14 08:37:00,PLANT-SH-01,False
U02297,R066,B17,C,XRAY,INS02,NONE,0,2025-03-14 08:37:00,PLANT-SH-01,False
U02298,R066,B17,C,VISUAL,INS08,NONE,0,2025-03-14 08:37:00,PLANT-SH-01,False
U02299,R067,B17,A,XRAY,INS02,NONE,0,2025-03-14 13:02:00,PLANT-SH-01,False
U02300,R067,B17,A,VISUAL,INS03,NONE,0,2025-03-14 13:02:00,PLANT-SH-01,False
U02301,R067,B17,A,XRAY,INS07,NONE,0,2025-03-14 13:02:00,PLANT-SH-01,False
U02302,R067,B17,A,VISUAL,INS04,NONE,0,2025-03-14 13:02:00,PLANT-SH-01,False
U02303,R067,B17,A,DIMENSION,INS05,NONE,0,2025-03-14 13:02:00,PLANT-SH-01,False
U02304,R067,B17,A,VISUAL,INS06,NONE,0,2025-03-14 13:02:00,PLANT-SH-01,False
U02305,R067,B17,A,VISUAL,INS06,NONE,0,2025-03-14 13:02:00,PLANT-SH-01,False
U02306,R067,B17,A,XRAY,INS05,NONE,0,2025-03-14 13:02:00,PLANT-SH-01,False
U02307,R067,B17,A,VISUAL,INS08,NONE,0,2025-03-14 13:02:00,PLANT-SH-01,False
U02308,R067,B17,A,VISUAL,INS08,NONE,0,2025-03-14 13:02:00,PLANT-SH-01,False
U02309,R067,B17,A,XRAY,INS01,NONE,0,2025-03-14 13:02:00,PLANT-SH-01,False
U02310,R067,B17,A,VISUAL,INS02,NONE,0,2025-03-14 13:02:00,PLANT-SH-01,False
U02311,R067,B17,A,XRAY,INS08,NONE,0,2025-03-14 13:02:00,PLANT-SH-01,False
U02312,R067,B17,A,XRAY,INS01,NONE,0,2025-03-14 13:02:00,PLANT-SH-01,False
U02313,R067,B17,A,XRAY,INS02,NONE,0,2025-03-14 13:02:00,PLANT-SH-01,False
U02314,R067,B17,A,VISUAL,INS06,NONE,0,2025-03-14 13:02:00,PLANT-SH-01,False
U02315,R067,B17,A,VISUAL,INS07,NONE,0,2025-03-14 13:02:00,PLANT-SH-01,False
U02316,R067,B17,A,VISUAL,INS08,NONE,0,2025-03-14 13:02:00,PLANT-SH-01,False
U02317,R067,B17,A,XRAY,INS01,NONE,0,2025-03-14 13:02:00,PLANT-SH-01,False
U02318,R067,B17,A,VISUAL,INS02,NONE,0,2025-03-14 13:02:00,PLANT-SH-01,False
U02319,R067,B17,A,VISUAL,INS03,NONE,0,2025-03-14 13:02:00,PLANT-SH-01,False
U02320,R067,B17,A,VISUAL,INS05,NONE,0,2025-03-14 13:02:00,PLANT-SH-01,False
U02321,R067,B17,A,XRAY,INS01,NONE,0,2025-03-14 13:02:00,PLANT-SH-01,False
U02322,R067,B17,A,DIMENSION,INS08,NONE,0,2025-03-14 13:02:00,PLANT-SH-01,False
U02323,R067,B17,A,VISUAL,INS06,NONE,0,2025-03-14 13:02:00,PLANT-SH-01,False
U02324,R067,B17,A,VISUAL,INS05,NONE,0,2025-03-14 13:02:00,PLANT-SH-01,False
U02325,R067,B17,A,DIMENSION,INS07,NONE,0,2025-03-14 13:02:00,PLANT-SH-01,False
U02326,R067,B17,A,VISUAL,INS05,NONE,0,2025-03-14 13:02:00,PLANT-SH-01,False
U02327,R067,B17,A,XRAY,INS03,NONE,0,2025-03-14 13:02:00,PLANT-SH-01,False
U02328,R067,B17,A,VISUAL,INS01,NONE,0,2025-03-14 13:02:00,PLANT-SH-01,False
U02329,R067,B17,A,VISUAL,INS02,NONE,0,2025-03-14 13:02:00,PLANT-SH-01,False
U02330,R067,B17,A,VISUAL,INS02,NONE,0,2025-03-14 13:02:00,PLANT-SH-01,False
U02331,R067,B17,A,VISUAL,INS08,NONE,0,2025-03-14 13:02:00,PLANT-SH-01,False
U02332,R067,B17,A,VISUAL,INS08,NONE,0,2025-03-14 13:02:00,PLANT-SH-01,False
U02333,R067,B17,A,DIMENSION,INS01,NONE,0,2025-03-14 13:02:00,PLANT-SH-01,False
U02334,R067,B17,A,XRAY,INS07,NONE,0,2025-03-14 13:02:00,PLANT-SH-01,False
U02335,R067,B17,A,XRAY,INS01,NONE,0,2025-03-14 13:02:00,PLANT-SH-01,False
U02336,R067,B17,A,DIMENSION,INS05,NONE,0,2025-03-14 13:02:00,PLANT-SH-01,False
U02337,R067,B17,A,VISUAL,INS08,NONE,0,2025-03-14 13:02:00,PLANT-SH-01,False
U02338,R067,B17,A,VISUAL,INS04,NONE,0,2025-03-14 13:02:00,PLANT-SH-01,False
U02339,R068,B17,A,XRAY,INS06,NONE,0,2025-03-14 17:13:00,PLANT-SH-01,False
U02340,R068,B17,A,VISUAL,INS08,NONE,0,2025-03-14 17:13:00,PLANT-SH-01,False
U02341,R068,B17,A,VISUAL,INS04,NONE,0,2025-03-14 17:13:00,PLANT-SH-01,False
U02342,R068,B17,A,XRAY,INS04,NONE,0,2025-03-14 17:13:00,PLANT-SH-01,False
U02343,R068,B17,A,VISUAL,INS04,NONE,0,2025-03-14 17:13:00,PLANT-SH-01,False
U02344,R068,B17,A,VISUAL,INS04,NONE,0,2025-03-14 17:13:00,PLANT-SH-01,False
U02345,R068,B17,A,VISUAL,INS04,NONE,0,2025-03-14 17:13:00,PLANT-SH-01,False
U02346,R068,B17,A,XRAY,INS02,NONE,0,2025-03-14 17:13:00,PLANT-SH-01,False
U02347,R068,B17,A,VISUAL,INS07,NONE,0,2025-03-14 17:13:00,PLANT-SH-01,False
U02348,R068,B17,A,XRAY,INS01,NONE,0,2025-03-14 17:13:00,PLANT-SH-01,False
U02349,R068,B17,A,VISUAL,INS03,NONE,0,2025-03-14 17:13:00,PLANT-SH-01,False
U02350,R068,B17,A,DIMENSION,INS03,NONE,0,2025-03-14 17:13:00,PLANT-SH-01,False
U02351,R068,B17,A,XRAY,INS03,NONE,0,2025-03-14 17:13:00,PLANT-SH-01,False
U02352,R068,B17,A,VISUAL,INS08,NONE,0,2025-03-14 17:13:00,PLANT-SH-01,False
U02353,R068,B17,A,XRAY,INS05,NONE,0,2025-03-14 17:13:00,PLANT-SH-01,False
U02354,R068,B17,A,XRAY,INS01,NONE,0,2025-03-14 17:13:00,PLANT-SH-01,False
U02355,R068,B17,A,XRAY,INS05,NONE,0,2025-03-14 17:13:00,PLANT-SH-01,False
U02356,R068,B17,A,XRAY,INS03,NONE,0,2025-03-14 17:13:00,PLANT-SH-01,False
U02357,R068,B17,A,XRAY,INS04,NONE,0,2025-03-14 17:13:00,PLANT-SH-01,False
U02358,R068,B17,A,VISUAL,INS05,NONE,0,2025-03-14 17:13:00,PLANT-SH-01,False
U02359,R068,B17,A,XRAY,INS07,NONE,0,2025-03-14 17:13:00,PLANT-SH-01,False
U02360,R068,B17,A,VISUAL,INS06,NONE,0,2025-03-14 17:13:00,PLANT-SH-01,False
U02361,R068,B17,A,XRAY,INS07,NONE,0,2025-03-14 17:13:00,PLANT-SH-01,False
U02362,R068,B17,A,VISUAL,INS08,NONE,0,2025-03-14 17:13:00,PLANT-SH-01,False
U02363,R068,B17,A,XRAY,INS08,NONE,0,2025-03-14 17:13:00,PLANT-SH-01,False
U02364,R068,B17,A,VISUAL,INS04,EDGE,1,2025-03-14 17:13:00,PLANT-SH-01,False
U02365,R068,B17,A,VISUAL,INS01,NONE,0,2025-03-14 17:13:00,PLANT-SH-01,False
U02366,R068,B17,A,DIMENSION,INS03,NONE,0,2025-03-14 17:13:00,PLANT-SH-01,False
U02367,R068,B17,A,XRAY,INS03,NONE,0,2025-03-14 17:13:00,PLANT-SH-01,False
U02368,R068,B17,A,VISUAL,INS07,NONE,0,2025-03-14 17:13:00,PLANT-SH-01,False
U02369,R068,B17,A,XRAY,INS02,NONE,0,2025-03-14 17:13:00,PLANT-SH-01,False
U02370,R068,B17,A,VISUAL,INS07,NONE,0,2025-03-14 17:13:00,PLANT-SH-01,False
U02371,R068,B17,A,XRAY,INS08,NONE,0,2025-03-14 17:13:00,PLANT-SH-01,False
U02372,R068,B17,A,VISUAL,INS03,NONE,0,2025-03-14 17:13:00,PLANT-SH-01,False
U02373,R068,B17,A,VISUAL,INS03,NONE,0,2025-03-14 17:13:00,PLANT-SH-01,False
U02374,R068,B17,A,XRAY,INS03,NONE,0,2025-03-14 17:13:00,PLANT-SH-01,False
U02375,R068,B17,A,VISUAL,INS07,NONE,0,2025-03-14 17:13:00,PLANT-SH-01,False
U02376,R068,B17,A,VISUAL,INS05,NONE,0,2025-03-14 17:13:00,PLANT-SH-01,False
U02377,R068,B17,A,XRAY,INS06,NONE,0,2025-03-14 17:13:00,PLANT-SH-01,False
U02378,R068,B17,A,VISUAL,INS08,NONE,0,2025-03-14 17:13:00,PLANT-SH-01,False
U02379,R069,B18,B,VISUAL,INS07,NONE,0,2025-03-14 21:15:00,PLANT-SH-01,False
U02380,R069,B18,B,VISUAL,INS01,NONE,0,2025-03-14 21:15:00,PLANT-SH-01,False
U02381,R069,B18,B,DIMENSION,INS08,NONE,0,2025-03-14 21:15:00,PLANT-SH-01,False
U02382,R069,B18,B,VISUAL,INS06,NONE,0,2025-03-14 21:15:00,PLANT-SH-01,False
U02383,R069,B18,B,XRAY,INS01,NONE,0,2025-03-14 21:15:00,PLANT-SH-01,False
U02384,R069,B18,B,DIMENSION,INS06,NONE,0,2025-03-14 21:15:00,PLANT-SH-01,False
U02385,R069,B18,B,XRAY,INS02,NONE,0,2025-03-14 21:15:00,PLANT-SH-01,False
U02386,R069,B18,B,VISUAL,INS02,NONE,0,2025-03-14 21:15:00,PLANT-SH-01,False
U02387,R069,B18,B,VISUAL,INS04,NONE,0,2025-03-14 21:15:00,PLANT-SH-01,False
U02388,R069,B18,B,VISUAL,INS07,NONE,0,2025-03-14 21:15:00,PLANT-SH-01,False
U02389,R069,B18,B,XRAY,INS03,NONE,0,2025-03-14 21:15:00,PLANT-SH-01,False
U02390,R069,B18,B,VISUAL,INS07,NONE,0,2025-03-14 21:15:00,PLANT-SH-01,False
U02391,R069,B18,B,VISUAL,INS02,NONE,0,2025-03-14 21:15:00,PLANT-SH-01,False
U02392,R069,B18,B,XRAY,INS01,NONE,0,2025-03-14 21:15:00,PLANT-SH-01,False
U02393,R069,B18,B,VISUAL,INS01,NONE,0,2025-03-14 21:15:00,PLANT-SH-01,False
U02394,R069,B18,B,VISUAL,INS03,CRACK,1,2025-03-14 21:15:00,PLANT-SH-01,False
U02395,R069,B18,B,XRAY,INS02,NONE,0,2025-03-14 21:15:00,PLANT-SH-01,False
U02396,R069,B18,B,XRAY,INS01,NONE,0,2025-03-14 21:15:00,PLANT-SH-01,False
U02397,R069,B18,B,DIMENSION,INS04,NONE,0,2025-03-14 21:15:00,PLANT-SH-01,False
U02398,R069,B18,B,XRAY,INS05,NONE,0,2025-03-14 21:15:00,PLANT-SH-01,False
U02399,R069,B18,B,VISUAL,INS03,NONE,0,2025-03-14 21:15:00,PLANT-SH-01,False
U02400,R069,B18,B,XRAY,INS05,NONE,0,2025-03-14 21:15:00,PLANT-SH-01,False
U02401,R069,B18,B,XRAY,INS04,NONE,0,2025-03-14 21:15:00,PLANT-SH-01,False
U02402,R069,B18,B,VISUAL,INS06,NONE,0,2025-03-14 21:15:00,PLANT-SH-01,False
U02403,R069,B18,B,XRAY,INS03,NONE,0,2025-03-14 21:15:00,PLANT-SH-01,False
U02404,R069,B18,B,XRAY,INS05,NONE,0,2025-03-14 21:15:00,PLANT-SH-01,False
U02405,R069,B18,B,VISUAL,INS03,NONE,0,2025-03-14 21:15:00,PLANT-SH-01,False
U02406,R069,B18,B,VISUAL,INS04,NONE,0,2025-03-14 21:15:00,PLANT-SH-01,False
U02407,R069,B18,B,VISUAL,INS06,NONE,0,2025-03-14 21:15:00,PLANT-SH-01,False
U02408,R069,B18,B,VISUAL,INS05,NONE,0,2025-03-14 21:15:00,PLANT-SH-01,False
U02409,R069,B18,B,XRAY,INS08,NONE,0,2025-03-14 21:15:00,PLANT-SH-01,False
U02410,R069,B18,B,VISUAL,INS04,NONE,0,2025-03-14 21:15:00,PLANT-SH-01,False
U02411,R070,B18,B,VISUAL,INS02,NONE,0,2025-03-15 00:44:00,PLANT-SH-01,False
U02412,R070,B18,B,VISUAL,INS06,NONE,0,2025-03-15 00:44:00,PLANT-SH-01,False
U02413,R070,B18,B,DIMENSION,INS01,NONE,0,2025-03-15 00:44:00,PLANT-SH-01,False
U02414,R070,B18,B,VISUAL,INS06,NONE,0,2025-03-15 00:44:00,PLANT-SH-01,False
U02415,R070,B18,B,VISUAL,INS02,NONE,0,2025-03-15 00:44:00,PLANT-SH-01,False
U02416,R070,B18,B,VISUAL,INS08,NONE,0,2025-03-15 00:44:00,PLANT-SH-01,False
U02417,R070,B18,B,DIMENSION,INS04,NONE,0,2025-03-15 00:44:00,PLANT-SH-01,False
U02418,R070,B18,B,DIMENSION,INS05,NONE,0,2025-03-15 00:44:00,PLANT-SH-01,False
U02419,R070,B18,B,DIMENSION,INS06,NONE,0,2025-03-15 00:44:00,PLANT-SH-01,False
U02420,R070,B18,B,VISUAL,INS07,NONE,0,2025-03-15 00:44:00,PLANT-SH-01,False
U02421,R070,B18,B,VISUAL,INS03,NONE,0,2025-03-15 00:44:00,PLANT-SH-01,False
U02422,R070,B18,B,VISUAL,INS02,NONE,0,2025-03-15 00:44:00,PLANT-SH-01,False
U02423,R070,B18,B,VISUAL,INS04,NONE,0,2025-03-15 00:44:00,PLANT-SH-01,False
U02424,R070,B18,B,VISUAL,INS08,NONE,0,2025-03-15 00:44:00,PLANT-SH-01,False
U02425,R070,B18,B,VISUAL,INS03,NONE,0,2025-03-15 00:44:00,PLANT-SH-01,False
U02426,R070,B18,B,VISUAL,INS06,NONE,0,2025-03-15 00:44:00,PLANT-SH-01,False
U02427,R070,B18,B,XRAY,INS02,NONE,0,2025-03-15 00:44:00,PLANT-SH-01,False
U02428,R070,B18,B,DIMENSION,INS08,PORE,1,2025-03-15 00:44:00,PLANT-SH-01,False
U02429,R070,B18,B,XRAY,INS02,NONE,0,2025-03-15 00:44:00,PLANT-SH-01,False
U02430,R070,B18,B,VISUAL,INS07,NONE,0,2025-03-15 00:44:00,PLANT-SH-01,False
U02431,R070,B18,B,XRAY,INS06,NONE,0,2025-03-15 00:44:00,PLANT-SH-01,False
U02432,R070,B18,B,DIMENSION,INS07,NONE,0,2025-03-15 00:44:00,PLANT-SH-01,False
U02433,R070,B18,B,VISUAL,INS05,NONE,0,2025-03-15 00:44:00,PLANT-SH-01,False
U02434,R070,B18,B,XRAY,INS04,NONE,0,2025-03-15 00:44:00,PLANT-SH-01,False
U02435,R070,B18,B,VISUAL,INS01,NONE,0,2025-03-15 00:44:00,PLANT-SH-01,False
U02436,R070,B18,B,VISUAL,INS02,NONE,0,2025-03-15 00:44:00,PLANT-SH-01,False
U02437,R070,B18,B,XRAY,INS07,NONE,0,2025-03-15 00:44:00,PLANT-SH-01,False
U02438,R070,B18,B,XRAY,INS01,NONE,0,2025-03-15 00:44:00,PLANT-SH-01,False
U02439,R070,B18,B,VISUAL,INS07,NONE,0,2025-03-15 00:44:00,PLANT-SH-01,False
U02440,R070,B18,B,VISUAL,INS06,NONE,0,2025-03-15 00:44:00,PLANT-SH-01,False
U02441,R070,B18,B,XRAY,INS01,NONE,0,2025-03-15 00:44:00,PLANT-SH-01,False
U02442,R070,B18,B,VISUAL,INS08,NONE,0,2025-03-15 00:44:00,PLANT-SH-01,False
U02443,R070,B18,B,DIMENSION,INS05,NONE,0,2025-03-15 00:44:00,PLANT-SH-01,False
U02444,R070,B18,B,VISUAL,INS02,NONE,0,2025-03-15 00:44:00,PLANT-SH-01,False
U02445,R070,B18,B,XRAY,INS01,NONE,0,2025-03-15 00:44:00,PLANT-SH-01,False
U02446,R071,B18,C,VISUAL,INS04,PORE,1,2025-03-15 04:08:00,PLANT-SH-01,False
U02447,R071,B18,C,XRAY,INS06,NONE,0,2025-03-15 04:08:00,PLANT-SH-01,False
U02448,R071,B18,C,XRAY,INS03,PORE,1,2025-03-15 04:08:00,PLANT-SH-01,False
U02449,R071,B18,C,DIMENSION,INS04,DIMENSION,1,2025-03-15 04:08:00,PLANT-SH-01,False
U02450,R071,B18,C,XRAY,INS08,NONE,0,2025-03-15 04:08:00,PLANT-SH-01,False
U02451,R071,B18,C,VISUAL,INS06,NONE,0,2025-03-15 04:08:00,PLANT-SH-01,False
U02452,R071,B18,C,VISUAL,INS03,NONE,0,2025-03-15 04:08:00,PLANT-SH-01,False
U02453,R071,B18,C,VISUAL,INS01,EDGE,1,2025-03-15 04:08:00,PLANT-SH-01,False
U02454,R071,B18,C,XRAY,INS02,DIMENSION,1,2025-03-15 04:08:00,PLANT-SH-01,False
U02455,R071,B18,C,XRAY,INS02,PORE,1,2025-03-15 04:08:00,PLANT-SH-01,False
U02456,R071,B18,C,VISUAL,INS06,CONTAMINATION,1,2025-03-15 04:08:00,PLANT-SH-01,False
U02457,R071,B18,C,XRAY,INS05,PORE,1,2025-03-15 04:08:00,PLANT-SH-01,False
U02458,R071,B18,C,DIMENSION,INS08,PORE,1,2025-03-15 04:08:00,PLANT-SH-01,False
U02459,R071,B18,C,XRAY,INS08,DIMENSION,1,2025-03-15 04:08:00,PLANT-SH-01,False
U02460,R071,B18,C,VISUAL,INS06,CONTAMINATION,1,2025-03-15 04:08:00,PLANT-SH-01,False
U02461,R071,B18,C,VISUAL,INS06,EDGE,1,2025-03-15 04:08:00,PLANT-SH-01,False
U02462,R071,B18,C,XRAY,INS01,EDGE,1,2025-03-15 04:08:00,PLANT-SH-01,False
U02463,R071,B18,C,XRAY,INS03,CRACK,1,2025-03-15 04:08:00,PLANT-SH-01,False
U02464,R071,B18,C,DIMENSION,INS07,NONE,0,2025-03-15 04:08:00,PLANT-SH-01,False
U02465,R071,B18,C,XRAY,INS06,CONTAMINATION,1,2025-03-15 04:08:00,PLANT-SH-01,False
U02466,R071,B18,C,VISUAL,INS07,PORE,1,2025-03-15 04:08:00,PLANT-SH-01,False
U02467,R071,B18,C,DIMENSION,INS07,PORE,1,2025-03-15 04:08:00,PLANT-SH-01,False
U02468,R071,B18,C,VISUAL,INS01,DIMENSION,1,2025-03-15 04:08:00,PLANT-SH-01,False
U02469,R071,B18,C,VISUAL,INS02,CONTAMINATION,1,2025-03-15 04:08:00,PLANT-SH-01,False
U02470,R071,B18,C,VISUAL,INS02,CRACK,1,2025-03-15 04:08:00,PLANT-SH-01,False
U02471,R071,B18,C,VISUAL,INS02,NONE,0,2025-03-15 04:08:00,PLANT-SH-01,False
U02472,R071,B18,C,VISUAL,INS01,NONE,0,2025-03-15 04:08:00,PLANT-SH-01,False
U02473,R071,B18,C,XRAY,INS06,EDGE,1,2025-03-15 04:08:00,PLANT-SH-01,False
U02474,R071,B18,C,VISUAL,INS05,CONTAMINATION,1,2025-03-15 04:08:00,PLANT-SH-01,False
U02475,R071,B18,C,VISUAL,INS04,EDGE,1,2025-03-15 04:08:00,PLANT-SH-01,False
U02476,R071,B18,C,XRAY,INS06,PORE,1,2025-03-15 04:08:00,PLANT-SH-01,False
U02477,R071,B18,C,XRAY,INS03,PORE,1,2025-03-15 04:08:00,PLANT-SH-01,False
U02478,R071,B18,C,XRAY,INS05,DIMENSION,1,2025-03-15 04:08:00,PLANT-SH-01,False
U02479,R071,B18,C,XRAY,INS03,NONE,0,2025-03-15 04:08:00,PLANT-SH-01,False
U02480,R071,B18,C,VISUAL,INS08,NONE,0,2025-03-15 04:08:00,PLANT-SH-01,False
U02481,R071,B18,C,VISUAL,INS01,PORE,1,2025-03-15 04:08:00,PLANT-SH-01,False
U02482,R071,B18,C,DIMENSION,INS05,PORE,1,2025-03-15 04:08:00,PLANT-SH-01,False
U02483,R072,B18,C,XRAY,INS06,NONE,0,2025-03-15 08:02:00,PLANT-SH-01,False
U02484,R072,B18,C,VISUAL,INS02,NONE,0,2025-03-15 08:02:00,PLANT-SH-01,False
U02485,R072,B18,C,XRAY,INS05,NONE,0,2025-03-15 08:02:00,PLANT-SH-01,False
U02486,R072,B18,C,XRAY,INS07,NONE,0,2025-03-15 08:02:00,PLANT-SH-01,False
U02487,R072,B18,C,VISUAL,INS05,NONE,0,2025-03-15 08:02:00,PLANT-SH-01,False
U02488,R072,B18,C,VISUAL,INS05,NONE,0,2025-03-15 08:02:00,PLANT-SH-01,False
U02489,R072,B18,C,VISUAL,INS08,NONE,0,2025-03-15 08:02:00,PLANT-SH-01,False
U02490,R072,B18,C,VISUAL,INS05,NONE,0,2025-03-15 08:02:00,PLANT-SH-01,False
U02491,R072,B18,C,VISUAL,INS04,NONE,0,2025-03-15 08:02:00,PLANT-SH-01,False
U02492,R072,B18,C,VISUAL,INS05,NONE,0,2025-03-15 08:02:00,PLANT-SH-01,False
U02493,R072,B18,C,VISUAL,INS07,NONE,0,2025-03-15 08:02:00,PLANT-SH-01,False
U02494,R072,B18,C,VISUAL,INS02,NONE,0,2025-03-15 08:02:00,PLANT-SH-01,False
U02495,R072,B18,C,DIMENSION,INS02,NONE,0,2025-03-15 08:02:00,PLANT-SH-01,False
U02496,R072,B18,C,VISUAL,INS08,NONE,0,2025-03-15 08:02:00,PLANT-SH-01,False
U02497,R072,B18,C,VISUAL,INS05,NONE,0,2025-03-15 08:02:00,PLANT-SH-01,False
U02498,R072,B18,C,VISUAL,INS03,NONE,0,2025-03-15 08:02:00,PLANT-SH-01,False
U02499,R072,B18,C,XRAY,INS06,NONE,0,2025-03-15 08:02:00,PLANT-SH-01,False
U02500,R072,B18,C,DIMENSION,INS05,NONE,0,2025-03-15 08:02:00,PLANT-SH-01,False
U02501,R072,B18,C,XRAY,INS07,NONE,0,2025-03-15 08:02:00,PLANT-SH-01,False
U02502,R072,B18,C,VISUAL,INS03,NONE,0,2025-03-15 08:02:00,PLANT-SH-01,False
U02503,R072,B18,C,VISUAL,INS06,NONE,0,2025-03-15 08:02:00,PLANT-SH-01,False
U02504,R072,B18,C,VISUAL,INS04,NONE,0,2025-03-15 08:02:00,PLANT-SH-01,False
U02505,R072,B18,C,VISUAL,INS05,NONE,0,2025-03-15 08:02:00,PLANT-SH-01,False
U02506,R072,B18,C,DIMENSION,INS06,NONE,0,2025-03-15 08:02:00,PLANT-SH-01,False
U02507,R072,B18,C,VISUAL,INS03,NONE,0,2025-03-15 08:02:00,PLANT-SH-01,False
U02508,R072,B18,C,DIMENSION,INS07,NONE,0,2025-03-15 08:02:00,PLANT-SH-01,False
U02509,R072,B18,C,VISUAL,INS08,NONE,0,2025-03-15 08:02:00,PLANT-SH-01,False
U02510,R072,B18,C,XRAY,INS06,NONE,0,2025-03-15 08:02:00,PLANT-SH-01,False
U02511,R072,B18,C,VISUAL,INS04,NONE,0,2025-03-15 08:02:00,PLANT-SH-01,False
U02512,R072,B18,C,VISUAL,INS07,NONE,0,2025-03-15 08:02:00,PLANT-SH-01,False
U02513,R072,B18,C,VISUAL,INS03,NONE,0,2025-03-15 08:02:00,PLANT-SH-01,False
U02514,R072,B18,C,XRAY,INS07,NONE,0,2025-03-15 08:02:00,PLANT-SH-01,False
U02515,R072,B18,C,VISUAL,INS01,NONE,0,2025-03-15 08:02:00,PLANT-SH-01,False
U02516,R072,B18,C,VISUAL,INS03,NONE,0,2025-03-15 08:02:00,PLANT-SH-01,False
U02517,R072,B18,C,VISUAL,INS04,NONE,0,2025-03-15 08:02:00,PLANT-SH-01,False
U02518,R073,B19,A,XRAY,INS03,NONE,0,2025-03-15 12:41:00,PLANT-SH-01,False
U02519,R073,B19,A,DIMENSION,INS02,NONE,0,2025-03-15 12:41:00,PLANT-SH-01,False
U02520,R073,B19,A,VISUAL,INS06,NONE,0,2025-03-15 12:41:00,PLANT-SH-01,False
U02521,R073,B19,A,DIMENSION,INS05,NONE,0,2025-03-15 12:41:00,PLANT-SH-01,False
U02522,R073,B19,A,XRAY,INS06,NONE,0,2025-03-15 12:41:00,PLANT-SH-01,False
U02523,R073,B19,A,XRAY,INS04,NONE,0,2025-03-15 12:41:00,PLANT-SH-01,False
U02524,R073,B19,A,VISUAL,INS02,NONE,0,2025-03-15 12:41:00,PLANT-SH-01,False
U02525,R073,B19,A,VISUAL,INS04,NONE,0,2025-03-15 12:41:00,PLANT-SH-01,False
U02526,R073,B19,A,XRAY,INS04,NONE,0,2025-03-15 12:41:00,PLANT-SH-01,False
U02527,R073,B19,A,XRAY,INS07,NONE,0,2025-03-15 12:41:00,PLANT-SH-01,False
U02528,R073,B19,A,DIMENSION,INS08,NONE,0,2025-03-15 12:41:00,PLANT-SH-01,False
U02529,R073,B19,A,VISUAL,INS04,NONE,0,2025-03-15 12:41:00,PLANT-SH-01,False
U02530,R073,B19,A,VISUAL,INS06,NONE,0,2025-03-15 12:41:00,PLANT-SH-01,False
U02531,R073,B19,A,VISUAL,INS04,NONE,0,2025-03-15 12:41:00,PLANT-SH-01,False
U02532,R073,B19,A,VISUAL,INS07,NONE,0,2025-03-15 12:41:00,PLANT-SH-01,False
U02533,R073,B19,A,XRAY,INS06,NONE,0,2025-03-15 12:41:00,PLANT-SH-01,False
U02534,R073,B19,A,VISUAL,INS03,NONE,0,2025-03-15 12:41:00,PLANT-SH-01,False
U02535,R073,B19,A,VISUAL,INS02,NONE,0,2025-03-15 12:41:00,PLANT-SH-01,False
U02536,R073,B19,A,DIMENSION,INS06,NONE,0,2025-03-15 12:41:00,PLANT-SH-01,False
U02537,R073,B19,A,VISUAL,INS04,NONE,0,2025-03-15 12:41:00,PLANT-SH-01,False
U02538,R073,B19,A,VISUAL,INS06,NONE,0,2025-03-15 12:41:00,PLANT-SH-01,False
U02539,R073,B19,A,XRAY,INS07,NONE,0,2025-03-15 12:41:00,PLANT-SH-01,False
U02540,R073,B19,A,XRAY,INS08,NONE,0,2025-03-15 12:41:00,PLANT-SH-01,False
U02541,R073,B19,A,XRAY,INS05,NONE,0,2025-03-15 12:41:00,PLANT-SH-01,False
U02542,R073,B19,A,DIMENSION,INS08,NONE,0,2025-03-15 12:41:00,PLANT-SH-01,False
U02543,R073,B19,A,VISUAL,INS07,NONE,0,2025-03-15 12:41:00,PLANT-SH-01,False
U02544,R073,B19,A,VISUAL,INS02,NONE,0,2025-03-15 12:41:00,PLANT-SH-01,False
U02545,R073,B19,A,VISUAL,INS03,NONE,0,2025-03-15 12:41:00,PLANT-SH-01,False
U02546,R073,B19,A,XRAY,INS07,NONE,0,2025-03-15 12:41:00,PLANT-SH-01,False
U02547,R073,B19,A,XRAY,INS08,NONE,0,2025-03-15 12:41:00,PLANT-SH-01,False
U02548,R073,B19,A,VISUAL,INS03,NONE,0,2025-03-15 12:41:00,PLANT-SH-01,False
U02549,R073,B19,A,VISUAL,INS03,NONE,0,2025-03-15 12:41:00,PLANT-SH-01,False
U02550,R073,B19,A,XRAY,INS04,NONE,0,2025-03-15 12:41:00,PLANT-SH-01,False
U02551,R073,B19,A,VISUAL,INS06,NONE,0,2025-03-15 12:41:00,PLANT-SH-01,False
U02552,R073,B19,A,VISUAL,INS02,NONE,0,2025-03-15 12:41:00,PLANT-SH-01,False
U02553,R073,B19,A,VISUAL,INS04,NONE,0,2025-03-15 12:41:00,PLANT-SH-01,False
U02554,R073,B19,A,XRAY,INS06,NONE,0,2025-03-15 12:41:00,PLANT-SH-01,False
U02555,R074,B19,A,VISUAL,INS05,NONE,0,2025-03-15 16:19:00,PLANT-SH-01,False
U02556,R074,B19,A,VISUAL,INS02,NONE,0,2025-03-15 16:19:00,PLANT-SH-01,False
U02557,R074,B19,A,DIMENSION,INS06,NONE,0,2025-03-15 16:19:00,PLANT-SH-01,False
U02558,R074,B19,A,VISUAL,INS04,NONE,0,2025-03-15 16:19:00,PLANT-SH-01,False
U02559,R074,B19,A,VISUAL,INS05,NONE,0,2025-03-15 16:19:00,PLANT-SH-01,False
U02560,R074,B19,A,DIMENSION,INS05,NONE,0,2025-03-15 16:19:00,PLANT-SH-01,False
U02561,R074,B19,A,VISUAL,INS05,NONE,0,2025-03-15 16:19:00,PLANT-SH-01,False
U02562,R074,B19,A,VISUAL,INS06,NONE,0,2025-03-15 16:19:00,PLANT-SH-01,False
U02563,R074,B19,A,VISUAL,INS07,NONE,0,2025-03-15 16:19:00,PLANT-SH-01,False
U02564,R074,B19,A,VISUAL,INS07,NONE,0,2025-03-15 16:19:00,PLANT-SH-01,False
U02565,R074,B19,A,VISUAL,INS01,NONE,0,2025-03-15 16:19:00,PLANT-SH-01,False
U02566,R074,B19,A,XRAY,INS02,NONE,0,2025-03-15 16:19:00,PLANT-SH-01,False
U02567,R074,B19,A,VISUAL,INS05,NONE,0,2025-03-15 16:19:00,PLANT-SH-01,False
U02568,R074,B19,A,VISUAL,INS01,NONE,0,2025-03-15 16:19:00,PLANT-SH-01,False
U02569,R074,B19,A,DIMENSION,INS05,NONE,0,2025-03-15 16:19:00,PLANT-SH-01,False
U02570,R074,B19,A,DIMENSION,INS08,NONE,0,2025-03-15 16:19:00,PLANT-SH-01,False
U02571,R074,B19,A,VISUAL,INS01,NONE,0,2025-03-15 16:19:00,PLANT-SH-01,False
U02572,R074,B19,A,VISUAL,INS06,NONE,0,2025-03-15 16:19:00,PLANT-SH-01,False
U02573,R074,B19,A,VISUAL,INS07,NONE,0,2025-03-15 16:19:00,PLANT-SH-01,False
U02574,R074,B19,A,DIMENSION,INS02,NONE,0,2025-03-15 16:19:00,PLANT-SH-01,False
U02575,R074,B19,A,XRAY,INS06,NONE,0,2025-03-15 16:19:00,PLANT-SH-01,False
U02576,R074,B19,A,VISUAL,INS01,NONE,0,2025-03-15 16:19:00,PLANT-SH-01,False
U02577,R074,B19,A,DIMENSION,INS06,NONE,0,2025-03-15 16:19:00,PLANT-SH-01,False
U02578,R074,B19,A,XRAY,INS08,NONE,0,2025-03-15 16:19:00,PLANT-SH-01,False
U02579,R074,B19,A,XRAY,INS04,NONE,0,2025-03-15 16:19:00,PLANT-SH-01,False
U02580,R074,B19,A,VISUAL,INS05,NONE,0,2025-03-15 16:19:00,PLANT-SH-01,False
U02581,R074,B19,A,VISUAL,INS05,NONE,0,2025-03-15 16:19:00,PLANT-SH-01,False
U02582,R074,B19,A,VISUAL,INS07,NONE,0,2025-03-15 16:19:00,PLANT-SH-01,False
U02583,R074,B19,A,VISUAL,INS08,NONE,0,2025-03-15 16:19:00,PLANT-SH-01,False
U02584,R074,B19,A,XRAY,INS03,NONE,0,2025-03-15 16:19:00,PLANT-SH-01,False
U02585,R075,B19,B,VISUAL,INS01,NONE,0,2025-03-15 21:02:00,PLANT-SH-01,False
U02586,R075,B19,B,VISUAL,INS03,NONE,0,2025-03-15 21:02:00,PLANT-SH-01,False
U02587,R075,B19,B,XRAY,INS05,CONTAMINATION,1,2025-03-15 21:02:00,PLANT-SH-01,False
U02588,R075,B19,B,XRAY,INS04,NONE,0,2025-03-15 21:02:00,PLANT-SH-01,False
U02589,R075,B19,B,XRAY,INS07,PORE,1,2025-03-15 21:02:00,PLANT-SH-01,False
U02590,R075,B19,B,VISUAL,INS07,PORE,1,2025-03-15 21:02:00,PLANT-SH-01,False
U02591,R075,B19,B,XRAY,INS04,NONE,0,2025-03-15 21:02:00,PLANT-SH-01,False
U02592,R075,B19,B,VISUAL,INS06,NONE,0,2025-03-15 21:02:00,PLANT-SH-01,False
U02593,R075,B19,B,VISUAL,INS08,NONE,0,2025-03-15 21:02:00,PLANT-SH-01,False
U02594,R075,B19,B,XRAY,INS05,NONE,0,2025-03-15 21:02:00,PLANT-SH-01,False
U02595,R075,B19,B,XRAY,INS07,NONE,0,2025-03-15 21:02:00,PLANT-SH-01,False
U02596,R075,B19,B,VISUAL,INS05,NONE,0,2025-03-15 21:02:00,PLANT-SH-01,False
U02597,R075,B19,B,XRAY,INS05,NONE,0,2025-03-15 21:02:00,PLANT-SH-01,False
U02598,R075,B19,B,VISUAL,INS08,NONE,0,2025-03-15 21:02:00,PLANT-SH-01,False
U02599,R075,B19,B,XRAY,INS06,NONE,0,2025-03-15 21:02:00,PLANT-SH-01,False
U02600,R075,B19,B,DIMENSION,INS01,NONE,0,2025-03-15 21:02:00,PLANT-SH-01,False
U02601,R075,B19,B,VISUAL,INS05,NONE,0,2025-03-15 21:02:00,PLANT-SH-01,False
U02602,R075,B19,B,VISUAL,INS03,NONE,0,2025-03-15 21:02:00,PLANT-SH-01,False
U02603,R075,B19,B,VISUAL,INS03,NONE,0,2025-03-15 21:02:00,PLANT-SH-01,False
U02604,R075,B19,B,XRAY,INS04,NONE,0,2025-03-15 21:02:00,PLANT-SH-01,False
U02605,R075,B19,B,VISUAL,INS01,NONE,0,2025-03-15 21:02:00,PLANT-SH-01,False
U02606,R075,B19,B,DIMENSION,INS01,NONE,0,2025-03-15 21:02:00,PLANT-SH-01,False
U02607,R075,B19,B,VISUAL,INS05,NONE,0,2025-03-15 21:02:00,PLANT-SH-01,False
U02608,R075,B19,B,DIMENSION,INS05,NONE,0,2025-03-15 21:02:00,PLANT-SH-01,False
U02609,R075,B19,B,XRAY,INS06,NONE,0,2025-03-15 21:02:00,PLANT-SH-01,False
U02610,R075,B19,B,XRAY,INS05,NONE,0,2025-03-15 21:02:00,PLANT-SH-01,False
U02611,R075,B19,B,XRAY,INS05,NONE,0,2025-03-15 21:02:00,PLANT-SH-01,False
U02612,R075,B19,B,XRAY,INS03,NONE,0,2025-03-15 21:02:00,PLANT-SH-01,False
U02613,R075,B19,B,XRAY,INS06,NONE,0,2025-03-15 21:02:00,PLANT-SH-01,False
U02614,R075,B19,B,VISUAL,INS04,NONE,0,2025-03-15 21:02:00,PLANT-SH-01,False
U02615,R076,B19,B,DIMENSION,INS05,NONE,0,2025-03-16 00:51:00,PLANT-SH-01,False
U02616,R076,B19,B,VISUAL,INS01,NONE,0,2025-03-16 00:51:00,PLANT-SH-01,False
U02617,R076,B19,B,VISUAL,INS04,CONTAMINATION,1,2025-03-16 00:51:00,PLANT-SH-01,False
U02618,R076,B19,B,XRAY,INS01,NONE,0,2025-03-16 00:51:00,PLANT-SH-01,False
U02619,R076,B19,B,VISUAL,INS05,NONE,0,2025-03-16 00:51:00,PLANT-SH-01,False
U02620,R076,B19,B,VISUAL,INS08,NONE,0,2025-03-16 00:51:00,PLANT-SH-01,False
U02621,R076,B19,B,VISUAL,INS05,NONE,0,2025-03-16 00:51:00,PLANT-SH-01,False
U02622,R076,B19,B,XRAY,INS06,NONE,0,2025-03-16 00:51:00,PLANT-SH-01,False
U02623,R076,B19,B,VISUAL,INS07,NONE,0,2025-03-16 00:51:00,PLANT-SH-01,False
U02624,R076,B19,B,VISUAL,INS06,CRACK,1,2025-03-16 00:51:00,PLANT-SH-01,False
U02625,R076,B19,B,VISUAL,INS08,CONTAMINATION,1,2025-03-16 00:51:00,PLANT-SH-01,False
U02626,R076,B19,B,VISUAL,INS02,EDGE,1,2025-03-16 00:51:00,PLANT-SH-01,False
U02627,R076,B19,B,VISUAL,INS04,NONE,0,2025-03-16 00:51:00,PLANT-SH-01,False
U02628,R076,B19,B,DIMENSION,INS08,NONE,0,2025-03-16 00:51:00,PLANT-SH-01,False
U02629,R076,B19,B,VISUAL,INS02,NONE,0,2025-03-16 00:51:00,PLANT-SH-01,False
U02630,R076,B19,B,DIMENSION,INS04,NONE,0,2025-03-16 00:51:00,PLANT-SH-01,False
U02631,R076,B19,B,XRAY,INS04,NONE,0,2025-03-16 00:51:00,PLANT-SH-01,False
U02632,R076,B19,B,VISUAL,INS01,NONE,0,2025-03-16 00:51:00,PLANT-SH-01,False
U02633,R076,B19,B,XRAY,INS01,CONTAMINATION,1,2025-03-16 00:51:00,PLANT-SH-01,False
U02634,R076,B19,B,VISUAL,INS03,CRACK,1,2025-03-16 00:51:00,PLANT-SH-01,False
U02635,R076,B19,B,VISUAL,INS02,PORE,1,2025-03-16 00:51:00,PLANT-SH-01,False
U02636,R076,B19,B,VISUAL,INS07,NONE,0,2025-03-16 00:51:00,PLANT-SH-01,False
U02637,R076,B19,B,VISUAL,INS07,NONE,0,2025-03-16 00:51:00,PLANT-SH-01,False
U02638,R076,B19,B,VISUAL,INS05,NONE,0,2025-03-16 00:51:00,PLANT-SH-01,False
U02639,R076,B19,B,XRAY,INS05,NONE,0,2025-03-16 00:51:00,PLANT-SH-01,False
U02640,R076,B19,B,VISUAL,INS01,NONE,0,2025-03-16 00:51:00,PLANT-SH-01,False
U02641,R076,B19,B,VISUAL,INS06,NONE,0,2025-03-16 00:51:00,PLANT-SH-01,False
U02642,R076,B19,B,XRAY,INS02,PORE,1,2025-03-16 00:51:00,PLANT-SH-01,False
U02643,R076,B19,B,DIMENSION,INS02,NONE,0,2025-03-16 00:51:00,PLANT-SH-01,False
U02644,R076,B19,B,DIMENSION,INS01,PORE,1,2025-03-16 00:51:00,PLANT-SH-01,False
U02645,R077,B20,C,VISUAL,INS03,NONE,0,2025-03-16 04:18:00,PLANT-SH-01,False
U02646,R077,B20,C,XRAY,INS08,NONE,0,2025-03-16 04:18:00,PLANT-SH-01,False
U02647,R077,B20,C,VISUAL,INS06,NONE,0,2025-03-16 04:18:00,PLANT-SH-01,False
U02648,R077,B20,C,VISUAL,INS01,NONE,0,2025-03-16 04:18:00,PLANT-SH-01,False
U02649,R077,B20,C,VISUAL,INS08,NONE,0,2025-03-16 04:18:00,PLANT-SH-01,False
U02650,R077,B20,C,VISUAL,INS06,NONE,0,2025-03-16 04:18:00,PLANT-SH-01,False
U02651,R077,B20,C,XRAY,INS05,NONE,0,2025-03-16 04:18:00,PLANT-SH-01,False
U02652,R077,B20,C,VISUAL,INS04,NONE,0,2025-03-16 04:18:00,PLANT-SH-01,False
U02653,R077,B20,C,VISUAL,INS07,NONE,0,2025-03-16 04:18:00,PLANT-SH-01,False
U02654,R077,B20,C,VISUAL,INS01,NONE,0,2025-03-16 04:18:00,PLANT-SH-01,False
U02655,R077,B20,C,VISUAL,INS05,NONE,0,2025-03-16 04:18:00,PLANT-SH-01,False
U02656,R077,B20,C,VISUAL,INS07,NONE,0,2025-03-16 04:18:00,PLANT-SH-01,False
U02657,R077,B20,C,XRAY,INS08,NONE,0,2025-03-16 04:18:00,PLANT-SH-01,False
U02658,R077,B20,C,VISUAL,INS02,NONE,0,2025-03-16 04:18:00,PLANT-SH-01,False
U02659,R077,B20,C,VISUAL,INS07,NONE,0,2025-03-16 04:18:00,PLANT-SH-01,False
U02660,R077,B20,C,XRAY,INS04,NONE,0,2025-03-16 04:18:00,PLANT-SH-01,False
U02661,R077,B20,C,DIMENSION,INS04,NONE,0,2025-03-16 04:18:00,PLANT-SH-01,False
U02662,R077,B20,C,XRAY,INS07,NONE,0,2025-03-16 04:18:00,PLANT-SH-01,False
U02663,R077,B20,C,XRAY,INS06,NONE,0,2025-03-16 04:18:00,PLANT-SH-01,False
U02664,R077,B20,C,XRAY,INS03,NONE,0,2025-03-16 04:18:00,PLANT-SH-01,False
U02665,R077,B20,C,DIMENSION,INS01,NONE,0,2025-03-16 04:18:00,PLANT-SH-01,False
U02666,R077,B20,C,XRAY,INS03,NONE,0,2025-03-16 04:18:00,PLANT-SH-01,False
U02667,R077,B20,C,VISUAL,INS01,NONE,0,2025-03-16 04:18:00,PLANT-SH-01,False
U02668,R077,B20,C,XRAY,INS01,NONE,0,2025-03-16 04:18:00,PLANT-SH-01,False
U02669,R077,B20,C,VISUAL,INS04,NONE,0,2025-03-16 04:18:00,PLANT-SH-01,False
U02670,R077,B20,C,DIMENSION,INS08,NONE,0,2025-03-16 04:18:00,PLANT-SH-01,False
U02671,R077,B20,C,VISUAL,INS04,NONE,0,2025-03-16 04:18:00,PLANT-SH-01,False
U02672,R077,B20,C,VISUAL,INS07,NONE,0,2025-03-16 04:18:00,PLANT-SH-01,False
U02673,R077,B20,C,VISUAL,INS07,NONE,0,2025-03-16 04:18:00,PLANT-SH-01,False
U02674,R077,B20,C,VISUAL,INS01,NONE,0,2025-03-16 04:18:00,PLANT-SH-01,False
U02675,R078,B20,C,XRAY,INS03,NONE,0,2025-03-16 08:00:00,PLANT-SH-01,False
U02676,R078,B20,C,VISUAL,INS03,NONE,0,2025-03-16 08:00:00,PLANT-SH-01,False
U02677,R078,B20,C,XRAY,INS03,PORE,1,2025-03-16 08:00:00,PLANT-SH-01,False
U02678,R078,B20,C,VISUAL,INS07,NONE,0,2025-03-16 08:00:00,PLANT-SH-01,False
U02679,R078,B20,C,XRAY,INS04,NONE,0,2025-03-16 08:00:00,PLANT-SH-01,False
U02680,R078,B20,C,XRAY,INS05,NONE,0,2025-03-16 08:00:00,PLANT-SH-01,False
U02681,R078,B20,C,XRAY,INS04,NONE,0,2025-03-16 08:00:00,PLANT-SH-01,False
U02682,R078,B20,C,XRAY,INS03,NONE,0,2025-03-16 08:00:00,PLANT-SH-01,False
U02683,R078,B20,C,VISUAL,INS02,NONE,0,2025-03-16 08:00:00,PLANT-SH-01,False
U02684,R078,B20,C,VISUAL,INS02,NONE,0,2025-03-16 08:00:00,PLANT-SH-01,False
U02685,R078,B20,C,DIMENSION,INS05,NONE,0,2025-03-16 08:00:00,PLANT-SH-01,False
U02686,R078,B20,C,XRAY,INS05,NONE,0,2025-03-16 08:00:00,PLANT-SH-01,False
U02687,R078,B20,C,XRAY,INS08,PORE,1,2025-03-16 08:00:00,PLANT-SH-01,False
U02688,R078,B20,C,VISUAL,INS08,NONE,0,2025-03-16 08:00:00,PLANT-SH-01,False
U02689,R078,B20,C,VISUAL,INS08,NONE,0,2025-03-16 08:00:00,PLANT-SH-01,False
U02690,R078,B20,C,VISUAL,INS08,NONE,0,2025-03-16 08:00:00,PLANT-SH-01,False
U02691,R078,B20,C,XRAY,INS01,EDGE,1,2025-03-16 08:00:00,PLANT-SH-01,False
U02692,R078,B20,C,XRAY,INS08,NONE,0,2025-03-16 08:00:00,PLANT-SH-01,False
U02693,R078,B20,C,VISUAL,INS04,NONE,0,2025-03-16 08:00:00,PLANT-SH-01,False
U02694,R078,B20,C,XRAY,INS04,NONE,0,2025-03-16 08:00:00,PLANT-SH-01,False
U02695,R078,B20,C,VISUAL,INS05,NONE,0,2025-03-16 08:00:00,PLANT-SH-01,False
U02696,R078,B20,C,VISUAL,INS03,NONE,0,2025-03-16 08:00:00,PLANT-SH-01,False
U02697,R078,B20,C,XRAY,INS02,NONE,0,2025-03-16 08:00:00,PLANT-SH-01,False
U02698,R078,B20,C,XRAY,INS02,CRACK,1,2025-03-16 08:00:00,PLANT-SH-01,False
U02699,R078,B20,C,XRAY,INS08,PORE,1,2025-03-16 08:00:00,PLANT-SH-01,False
U02700,R078,B20,C,VISUAL,INS06,DIMENSION,1,2025-03-16 08:00:00,PLANT-SH-01,False
U02701,R078,B20,C,VISUAL,INS08,NONE,0,2025-03-16 08:00:00,PLANT-SH-01,False
U02702,R078,B20,C,VISUAL,INS08,NONE,0,2025-03-16 08:00:00,PLANT-SH-01,False
U02703,R078,B20,C,DIMENSION,INS08,NONE,0,2025-03-16 08:00:00,PLANT-SH-01,False
U02704,R078,B20,C,VISUAL,INS07,NONE,0,2025-03-16 08:00:00,PLANT-SH-01,False
U02705,R078,B20,C,XRAY,INS08,NONE,0,2025-03-16 08:00:00,PLANT-SH-01,False
U02706,R078,B20,C,VISUAL,INS03,NONE,0,2025-03-16 08:00:00,PLANT-SH-01,False
U02707,R078,B20,C,XRAY,INS04,NONE,0,2025-03-16 08:00:00,PLANT-SH-01,False
U02708,R078,B20,C,DIMENSION,INS01,NONE,0,2025-03-16 08:00:00,PLANT-SH-01,False
U02709,R078,B20,C,DIMENSION,INS06,NONE,0,2025-03-16 08:00:00,PLANT-SH-01,False
U02710,R078,B20,C,VISUAL,INS08,NONE,0,2025-03-16 08:00:00,PLANT-SH-01,False
U02711,R078,B20,C,VISUAL,INS06,NONE,0,2025-03-16 08:00:00,PLANT-SH-01,False
U02712,R078,B20,C,VISUAL,INS02,NONE,0,2025-03-16 08:00:00,PLANT-SH-01,False
U02713,R078,B20,C,DIMENSION,INS06,NONE,0,2025-03-16 08:00:00,PLANT-SH-01,False
U02714,R079,B20,A,XRAY,INS05,NONE,0,2025-03-16 13:27:00,PLANT-SH-01,False
U02715,R079,B20,A,VISUAL,INS05,NONE,0,2025-03-16 13:27:00,PLANT-SH-01,False
U02716,R079,B20,A,VISUAL,INS06,NONE,0,2025-03-16 13:27:00,PLANT-SH-01,False
U02717,R079,B20,A,VISUAL,INS07,NONE,0,2025-03-16 13:27:00,PLANT-SH-01,False
U02718,R079,B20,A,XRAY,INS01,NONE,0,2025-03-16 13:27:00,PLANT-SH-01,False
U02719,R079,B20,A,VISUAL,INS01,NONE,0,2025-03-16 13:27:00,PLANT-SH-01,False
U02720,R079,B20,A,VISUAL,INS08,NONE,0,2025-03-16 13:27:00,PLANT-SH-01,False
U02721,R079,B20,A,VISUAL,INS05,NONE,0,2025-03-16 13:27:00,PLANT-SH-01,False
U02722,R079,B20,A,VISUAL,INS02,CRACK,1,2025-03-16 13:27:00,PLANT-SH-01,False
U02723,R079,B20,A,XRAY,INS03,NONE,0,2025-03-16 13:27:00,PLANT-SH-01,False
U02724,R079,B20,A,DIMENSION,INS03,NONE,0,2025-03-16 13:27:00,PLANT-SH-01,False
U02725,R079,B20,A,VISUAL,INS01,NONE,0,2025-03-16 13:27:00,PLANT-SH-01,False
U02726,R079,B20,A,VISUAL,INS08,NONE,0,2025-03-16 13:27:00,PLANT-SH-01,False
U02727,R079,B20,A,VISUAL,INS08,PORE,1,2025-03-16 13:27:00,PLANT-SH-01,False
U02728,R079,B20,A,VISUAL,INS01,NONE,0,2025-03-16 13:27:00,PLANT-SH-01,False
U02729,R079,B20,A,XRAY,INS07,NONE,0,2025-03-16 13:27:00,PLANT-SH-01,False
U02730,R079,B20,A,VISUAL,INS01,NONE,0,2025-03-16 13:27:00,PLANT-SH-01,False
U02731,R079,B20,A,VISUAL,INS01,NONE,0,2025-03-16 13:27:00,PLANT-SH-01,False
U02732,R079,B20,A,VISUAL,INS06,NONE,0,2025-03-16 13:27:00,PLANT-SH-01,False
U02733,R079,B20,A,VISUAL,INS06,NONE,0,2025-03-16 13:27:00,PLANT-SH-01,False
U02734,R079,B20,A,DIMENSION,INS07,NONE,0,2025-03-16 13:27:00,PLANT-SH-01,False
U02735,R079,B20,A,XRAY,INS02,NONE,0,2025-03-16 13:27:00,PLANT-SH-01,False
U02736,R079,B20,A,VISUAL,INS07,EDGE,1,2025-03-16 13:27:00,PLANT-SH-01,False
U02737,R079,B20,A,DIMENSION,INS08,NONE,0,2025-03-16 13:27:00,PLANT-SH-01,False
U02738,R079,B20,A,VISUAL,INS04,NONE,0,2025-03-16 13:27:00,PLANT-SH-01,False
U02739,R079,B20,A,VISUAL,INS04,NONE,0,2025-03-16 13:27:00,PLANT-SH-01,False
U02740,R079,B20,A,VISUAL,INS02,NONE,0,2025-03-16 13:27:00,PLANT-SH-01,False
U02741,R079,B20,A,XRAY,INS08,NONE,0,2025-03-16 13:27:00,PLANT-SH-01,False
U02742,R079,B20,A,XRAY,INS08,NONE,0,2025-03-16 13:27:00,PLANT-SH-01,False
U02743,R079,B20,A,VISUAL,INS06,NONE,0,2025-03-16 13:27:00,PLANT-SH-01,False
U02744,R079,B20,A,VISUAL,INS04,DIMENSION,1,2025-03-16 13:27:00,PLANT-SH-01,False
U02745,R079,B20,A,VISUAL,INS06,NONE,0,2025-03-16 13:27:00,PLANT-SH-01,False
U02746,R080,B20,A,VISUAL,INS02,NONE,0,2025-03-16 16:46:00,PLANT-SH-01,False
U02747,R080,B20,A,DIMENSION,INS01,NONE,0,2025-03-16 16:46:00,PLANT-SH-01,False
U02748,R080,B20,A,DIMENSION,INS03,NONE,0,2025-03-16 16:46:00,PLANT-SH-01,False
U02749,R080,B20,A,VISUAL,INS06,NONE,0,2025-03-16 16:46:00,PLANT-SH-01,False
U02750,R080,B20,A,VISUAL,INS08,NONE,0,2025-03-16 16:46:00,PLANT-SH-01,False
U02751,R080,B20,A,DIMENSION,INS08,NONE,0,2025-03-16 16:46:00,PLANT-SH-01,False
U02752,R080,B20,A,DIMENSION,INS01,NONE,0,2025-03-16 16:46:00,PLANT-SH-01,False
U02753,R080,B20,A,XRAY,INS03,NONE,0,2025-03-16 16:46:00,PLANT-SH-01,False
U02754,R080,B20,A,VISUAL,INS03,NONE,0,2025-03-16 16:46:00,PLANT-SH-01,False
U02755,R080,B20,A,VISUAL,INS02,NONE,0,2025-03-16 16:46:00,PLANT-SH-01,False
U02756,R080,B20,A,XRAY,INS02,NONE,0,2025-03-16 16:46:00,PLANT-SH-01,False
U02757,R080,B20,A,XRAY,INS05,NONE,0,2025-03-16 16:46:00,PLANT-SH-01,False
U02758,R080,B20,A,VISUAL,INS08,NONE,0,2025-03-16 16:46:00,PLANT-SH-01,False
U02759,R080,B20,A,XRAY,INS01,NONE,0,2025-03-16 16:46:00,PLANT-SH-01,False
U02760,R080,B20,A,XRAY,INS03,NONE,0,2025-03-16 16:46:00,PLANT-SH-01,False
U02761,R080,B20,A,VISUAL,INS07,NONE,0,2025-03-16 16:46:00,PLANT-SH-01,False
U02762,R080,B20,A,DIMENSION,INS03,NONE,0,2025-03-16 16:46:00,PLANT-SH-01,False
U02763,R080,B20,A,XRAY,INS06,NONE,0,2025-03-16 16:46:00,PLANT-SH-01,False
U02764,R080,B20,A,VISUAL,INS03,NONE,0,2025-03-16 16:46:00,PLANT-SH-01,False
U02765,R080,B20,A,XRAY,INS07,NONE,0,2025-03-16 16:46:00,PLANT-SH-01,False
U02766,R080,B20,A,VISUAL,INS01,PORE,1,2025-03-16 16:46:00,PLANT-SH-01,False
U02767,R080,B20,A,XRAY,INS08,NONE,0,2025-03-16 16:46:00,PLANT-SH-01,False
U02768,R080,B20,A,VISUAL,INS07,NONE,0,2025-03-16 16:46:00,PLANT-SH-01,False
U02769,R080,B20,A,XRAY,INS01,NONE,0,2025-03-16 16:46:00,PLANT-SH-01,False
U02770,R080,B20,A,VISUAL,INS06,NONE,0,2025-03-16 16:46:00,PLANT-SH-01,False
U02771,R080,B20,A,XRAY,INS01,NONE,0,2025-03-16 16:46:00,PLANT-SH-01,False
U02772,R080,B20,A,DIMENSION,INS06,NONE,0,2025-03-16 16:46:00,PLANT-SH-01,False
U02773,R080,B20,A,XRAY,INS08,NONE,0,2025-03-16 16:46:00,PLANT-SH-01,False
U02774,R080,B20,A,XRAY,INS03,NONE,0,2025-03-16 16:46:00,PLANT-SH-01,False
U02775,R080,B20,A,VISUAL,INS06,NONE,0,2025-03-16 16:46:00,PLANT-SH-01,False
U02776,R081,B21,B,XRAY,INS06,NONE,0,2025-03-16 20:47:00,PLANT-SH-01,False
U02777,R081,B21,B,XRAY,INS08,NONE,0,2025-03-16 20:47:00,PLANT-SH-01,False
U02778,R081,B21,B,XRAY,INS01,PORE,1,2025-03-16 20:47:00,PLANT-SH-01,False
U02779,R081,B21,B,VISUAL,INS04,NONE,0,2025-03-16 20:47:00,PLANT-SH-01,False
U02780,R081,B21,B,VISUAL,INS07,NONE,0,2025-03-16 20:47:00,PLANT-SH-01,False
U02781,R081,B21,B,DIMENSION,INS06,NONE,0,2025-03-16 20:47:00,PLANT-SH-01,False
U02782,R081,B21,B,VISUAL,INS03,PORE,1,2025-03-16 20:47:00,PLANT-SH-01,False
U02783,R081,B21,B,XRAY,INS04,CONTAMINATION,1,2025-03-16 20:47:00,PLANT-SH-01,False
U02784,R081,B21,B,VISUAL,INS06,NONE,0,2025-03-16 20:47:00,PLANT-SH-01,False
U02785,R081,B21,B,VISUAL,INS05,NONE,0,2025-03-16 20:47:00,PLANT-SH-01,False
U02786,R081,B21,B,DIMENSION,INS06,NONE,0,2025-03-16 20:47:00,PLANT-SH-01,False
U02787,R081,B21,B,XRAY,INS01,NONE,0,2025-03-16 20:47:00,PLANT-SH-01,False
U02788,R081,B21,B,VISUAL,INS08,NONE,0,2025-03-16 20:47:00,PLANT-SH-01,False
U02789,R081,B21,B,VISUAL,INS03,NONE,0,2025-03-16 20:47:00,PLANT-SH-01,False
U02790,R081,B21,B,DIMENSION,INS03,NONE,0,2025-03-16 20:47:00,PLANT-SH-01,False
U02791,R081,B21,B,VISUAL,INS03,NONE,0,2025-03-16 20:47:00,PLANT-SH-01,False
U02792,R081,B21,B,XRAY,INS08,CONTAMINATION,1,2025-03-16 20:47:00,PLANT-SH-01,False
U02793,R081,B21,B,VISUAL,INS04,NONE,0,2025-03-16 20:47:00,PLANT-SH-01,False
U02794,R081,B21,B,XRAY,INS03,NONE,0,2025-03-16 20:47:00,PLANT-SH-01,False
U02795,R081,B21,B,VISUAL,INS07,NONE,0,2025-03-16 20:47:00,PLANT-SH-01,False
U02796,R081,B21,B,DIMENSION,INS01,NONE,0,2025-03-16 20:47:00,PLANT-SH-01,False
U02797,R081,B21,B,XRAY,INS06,NONE,0,2025-03-16 20:47:00,PLANT-SH-01,False
U02798,R081,B21,B,XRAY,INS03,PORE,1,2025-03-16 20:47:00,PLANT-SH-01,False
U02799,R081,B21,B,VISUAL,INS05,CRACK,1,2025-03-16 20:47:00,PLANT-SH-01,False
U02800,R081,B21,B,DIMENSION,INS04,DIMENSION,1,2025-03-16 20:47:00,PLANT-SH-01,False
U02801,R081,B21,B,VISUAL,INS06,NONE,0,2025-03-16 20:47:00,PLANT-SH-01,False
U02802,R081,B21,B,DIMENSION,INS07,NONE,0,2025-03-16 20:47:00,PLANT-SH-01,False
U02803,R081,B21,B,VISUAL,INS07,NONE,0,2025-03-16 20:47:00,PLANT-SH-01,False
U02804,R081,B21,B,VISUAL,INS08,NONE,0,2025-03-16 20:47:00,PLANT-SH-01,False
U02805,R081,B21,B,VISUAL,INS01,NONE,0,2025-03-16 20:47:00,PLANT-SH-01,False
U02806,R081,B21,B,XRAY,INS08,CRACK,1,2025-03-16 20:47:00,PLANT-SH-01,False
U02807,R081,B21,B,VISUAL,INS05,DIMENSION,1,2025-03-16 20:47:00,PLANT-SH-01,False
U02808,R081,B21,B,XRAY,INS01,NONE,0,2025-03-16 20:47:00,PLANT-SH-01,False
U02809,R082,B21,B,VISUAL,INS05,DIMENSION,1,2025-03-17 00:09:00,PLANT-SH-01,False
U02810,R082,B21,B,DIMENSION,INS08,DIMENSION,1,2025-03-17 00:09:00,PLANT-SH-01,False
U02811,R082,B21,B,VISUAL,INS03,NONE,0,2025-03-17 00:09:00,PLANT-SH-01,False
U02812,R082,B21,B,XRAY,INS02,PORE,1,2025-03-17 00:09:00,PLANT-SH-01,False
U02813,R082,B21,B,XRAY,INS04,EDGE,1,2025-03-17 00:09:00,PLANT-SH-01,False
U02814,R082,B21,B,XRAY,INS06,NONE,0,2025-03-17 00:09:00,PLANT-SH-01,False
U02815,R082,B21,B,VISUAL,INS05,CRACK,1,2025-03-17 00:09:00,PLANT-SH-01,False
U02816,R082,B21,B,VISUAL,INS05,PORE,1,2025-03-17 00:09:00,PLANT-SH-01,False
U02817,R082,B21,B,XRAY,INS07,CRACK,1,2025-03-17 00:09:00,PLANT-SH-01,False
U02818,R082,B21,B,XRAY,INS02,CONTAMINATION,1,2025-03-17 00:09:00,PLANT-SH-01,False
U02819,R082,B21,B,VISUAL,INS05,PORE,1,2025-03-17 00:09:00,PLANT-SH-01,False
U02820,R082,B21,B,VISUAL,INS07,CONTAMINATION,1,2025-03-17 00:09:00,PLANT-SH-01,False
U02821,R082,B21,B,XRAY,INS04,DIMENSION,1,2025-03-17 00:09:00,PLANT-SH-01,False
U02822,R082,B21,B,VISUAL,INS01,NONE,0,2025-03-17 00:09:00,PLANT-SH-01,False
U02823,R082,B21,B,DIMENSION,INS08,DIMENSION,1,2025-03-17 00:09:00,PLANT-SH-01,False
U02824,R082,B21,B,VISUAL,INS07,CRACK,1,2025-03-17 00:09:00,PLANT-SH-01,False
U02825,R082,B21,B,VISUAL,INS02,PORE,1,2025-03-17 00:09:00,PLANT-SH-01,False
U02826,R082,B21,B,VISUAL,INS08,PORE,1,2025-03-17 00:09:00,PLANT-SH-01,False
U02827,R082,B21,B,VISUAL,INS04,CONTAMINATION,1,2025-03-17 00:09:00,PLANT-SH-01,False
U02828,R082,B21,B,XRAY,INS07,NONE,0,2025-03-17 00:09:00,PLANT-SH-01,False
U02829,R082,B21,B,XRAY,INS05,DIMENSION,1,2025-03-17 00:09:00,PLANT-SH-01,False
U02830,R082,B21,B,VISUAL,INS06,DIMENSION,1,2025-03-17 00:09:00,PLANT-SH-01,False
U02831,R082,B21,B,VISUAL,INS04,PORE,1,2025-03-17 00:09:00,PLANT-SH-01,False
U02832,R082,B21,B,DIMENSION,INS02,PORE,1,2025-03-17 00:09:00,PLANT-SH-01,False
U02833,R082,B21,B,DIMENSION,INS03,CONTAMINATION,1,2025-03-17 00:09:00,PLANT-SH-01,False
U02834,R082,B21,B,VISUAL,INS08,PORE,1,2025-03-17 00:09:00,PLANT-SH-01,False
U02835,R082,B21,B,XRAY,INS01,DIMENSION,1,2025-03-17 00:09:00,PLANT-SH-01,False
U02836,R082,B21,B,DIMENSION,INS06,EDGE,1,2025-03-17 00:09:00,PLANT-SH-01,False
U02837,R082,B21,B,VISUAL,INS02,DIMENSION,1,2025-03-17 00:09:00,PLANT-SH-01,False
U02838,R082,B21,B,VISUAL,INS02,PORE,1,2025-03-17 00:09:00,PLANT-SH-01,False
U02839,R082,B21,B,VISUAL,INS05,DIMENSION,1,2025-03-17 00:09:00,PLANT-SH-01,False
U02840,R082,B21,B,DIMENSION,INS06,CRACK,1,2025-03-17 00:09:00,PLANT-SH-01,False
U02841,R082,B21,B,VISUAL,INS07,CONTAMINATION,1,2025-03-17 00:09:00,PLANT-SH-01,False
U02842,R082,B21,B,VISUAL,INS02,DIMENSION,1,2025-03-17 00:09:00,PLANT-SH-01,False
U02843,R082,B21,B,DIMENSION,INS07,DIMENSION,1,2025-03-17 00:09:00,PLANT-SH-01,False
U02844,R082,B21,B,VISUAL,INS06,DIMENSION,1,2025-03-17 00:09:00,PLANT-SH-01,False
U02845,R082,B21,B,VISUAL,INS07,DIMENSION,1,2025-03-17 00:09:00,PLANT-SH-01,False
U02846,R083,B21,C,VISUAL,INS08,NONE,0,2025-03-17 04:44:00,PLANT-SH-01,False
U02847,R083,B21,C,VISUAL,INS06,NONE,0,2025-03-17 04:44:00,PLANT-SH-01,False
U02848,R083,B21,C,VISUAL,INS01,NONE,0,2025-03-17 04:44:00,PLANT-SH-01,False
U02849,R083,B21,C,VISUAL,INS03,NONE,0,2025-03-17 04:44:00,PLANT-SH-01,False
U02850,R083,B21,C,VISUAL,INS02,NONE,0,2025-03-17 04:44:00,PLANT-SH-01,False
U02851,R083,B21,C,DIMENSION,INS06,NONE,0,2025-03-17 04:44:00,PLANT-SH-01,False
U02852,R083,B21,C,VISUAL,INS04,NONE,0,2025-03-17 04:44:00,PLANT-SH-01,False
U02853,R083,B21,C,VISUAL,INS06,NONE,0,2025-03-17 04:44:00,PLANT-SH-01,False
U02854,R083,B21,C,VISUAL,INS07,NONE,0,2025-03-17 04:44:00,PLANT-SH-01,False
U02855,R083,B21,C,DIMENSION,INS07,NONE,0,2025-03-17 04:44:00,PLANT-SH-01,False
U02856,R083,B21,C,VISUAL,INS08,NONE,0,2025-03-17 04:44:00,PLANT-SH-01,False
U02857,R083,B21,C,VISUAL,INS03,NONE,0,2025-03-17 04:44:00,PLANT-SH-01,False
U02858,R083,B21,C,DIMENSION,INS02,NONE,0,2025-03-17 04:44:00,PLANT-SH-01,False
U02859,R083,B21,C,XRAY,INS01,NONE,0,2025-03-17 04:44:00,PLANT-SH-01,False
U02860,R083,B21,C,VISUAL,INS07,NONE,0,2025-03-17 04:44:00,PLANT-SH-01,False
U02861,R083,B21,C,XRAY,INS07,NONE,0,2025-03-17 04:44:00,PLANT-SH-01,False
U02862,R083,B21,C,VISUAL,INS07,NONE,0,2025-03-17 04:44:00,PLANT-SH-01,False
U02863,R083,B21,C,VISUAL,INS01,NONE,0,2025-03-17 04:44:00,PLANT-SH-01,False
U02864,R083,B21,C,VISUAL,INS08,NONE,0,2025-03-17 04:44:00,PLANT-SH-01,False
U02865,R083,B21,C,VISUAL,INS07,NONE,0,2025-03-17 04:44:00,PLANT-SH-01,False
U02866,R083,B21,C,XRAY,INS02,NONE,0,2025-03-17 04:44:00,PLANT-SH-01,False
U02867,R083,B21,C,DIMENSION,INS02,NONE,0,2025-03-17 04:44:00,PLANT-SH-01,False
U02868,R083,B21,C,VISUAL,INS05,NONE,0,2025-03-17 04:44:00,PLANT-SH-01,False
U02869,R083,B21,C,VISUAL,INS07,NONE,0,2025-03-17 04:44:00,PLANT-SH-01,False
U02870,R083,B21,C,XRAY,INS06,NONE,0,2025-03-17 04:44:00,PLANT-SH-01,False
U02871,R083,B21,C,XRAY,INS02,NONE,0,2025-03-17 04:44:00,PLANT-SH-01,False
U02872,R083,B21,C,XRAY,INS04,NONE,0,2025-03-17 04:44:00,PLANT-SH-01,False
U02873,R083,B21,C,DIMENSION,INS01,NONE,0,2025-03-17 04:44:00,PLANT-SH-01,False
U02874,R083,B21,C,VISUAL,INS06,NONE,0,2025-03-17 04:44:00,PLANT-SH-01,False
U02875,R083,B21,C,VISUAL,INS04,NONE,0,2025-03-17 04:44:00,PLANT-SH-01,False
U02876,R083,B21,C,DIMENSION,INS04,NONE,0,2025-03-17 04:44:00,PLANT-SH-01,False
U02877,R083,B21,C,VISUAL,INS04,NONE,0,2025-03-17 04:44:00,PLANT-SH-01,False
U02878,R083,B21,C,VISUAL,INS08,NONE,0,2025-03-17 04:44:00,PLANT-SH-01,False
U02879,R083,B21,C,VISUAL,INS05,NONE,0,2025-03-17 04:44:00,PLANT-SH-01,False
U02880,R083,B21,C,VISUAL,INS02,NONE,0,2025-03-17 04:44:00,PLANT-SH-01,False
U02881,R083,B21,C,VISUAL,INS02,EDGE,1,2025-03-17 04:44:00,PLANT-SH-01,False
U02882,R084,B21,C,DIMENSION,INS03,NONE,0,2025-03-17 08:49:00,PLANT-SH-01,False
U02883,R084,B21,C,XRAY,INS02,NONE,0,2025-03-17 08:49:00,PLANT-SH-01,False
U02884,R084,B21,C,XRAY,INS06,NONE,0,2025-03-17 08:49:00,PLANT-SH-01,False
U02885,R084,B21,C,VISUAL,INS07,NONE,0,2025-03-17 08:49:00,PLANT-SH-01,False
U02886,R084,B21,C,XRAY,INS05,NONE,0,2025-03-17 08:49:00,PLANT-SH-01,False
U02887,R084,B21,C,XRAY,INS02,NONE,0,2025-03-17 08:49:00,PLANT-SH-01,False
U02888,R084,B21,C,VISUAL,INS05,NONE,0,2025-03-17 08:49:00,PLANT-SH-01,False
U02889,R084,B21,C,XRAY,INS07,NONE,0,2025-03-17 08:49:00,PLANT-SH-01,False
U02890,R084,B21,C,XRAY,INS02,NONE,0,2025-03-17 08:49:00,PLANT-SH-01,False
U02891,R084,B21,C,VISUAL,INS02,NONE,0,2025-03-17 08:49:00,PLANT-SH-01,False
U02892,R084,B21,C,DIMENSION,INS05,NONE,0,2025-03-17 08:49:00,PLANT-SH-01,False
U02893,R084,B21,C,VISUAL,INS01,CRACK,1,2025-03-17 08:49:00,PLANT-SH-01,False
U02894,R084,B21,C,XRAY,INS02,CONTAMINATION,1,2025-03-17 08:49:00,PLANT-SH-01,False
U02895,R084,B21,C,VISUAL,INS01,CONTAMINATION,1,2025-03-17 08:49:00,PLANT-SH-01,False
U02896,R084,B21,C,VISUAL,INS04,NONE,0,2025-03-17 08:49:00,PLANT-SH-01,False
U02897,R084,B21,C,VISUAL,INS07,NONE,0,2025-03-17 08:49:00,PLANT-SH-01,False
U02898,R084,B21,C,DIMENSION,INS08,NONE,0,2025-03-17 08:49:00,PLANT-SH-01,False
U02899,R084,B21,C,VISUAL,INS08,NONE,0,2025-03-17 08:49:00,PLANT-SH-01,False
U02900,R084,B21,C,VISUAL,INS08,NONE,0,2025-03-17 08:49:00,PLANT-SH-01,False
U02901,R084,B21,C,XRAY,INS07,NONE,0,2025-03-17 08:49:00,PLANT-SH-01,False
U02902,R084,B21,C,XRAY,INS04,PORE,1,2025-03-17 08:49:00,PLANT-SH-01,False
U02903,R084,B21,C,DIMENSION,INS06,NONE,0,2025-03-17 08:49:00,PLANT-SH-01,False
U02904,R084,B21,C,VISUAL,INS01,NONE,0,2025-03-17 08:49:00,PLANT-SH-01,False
U02905,R084,B21,C,VISUAL,INS06,NONE,0,2025-03-17 08:49:00,PLANT-SH-01,False
U02906,R084,B21,C,XRAY,INS04,PORE,1,2025-03-17 08:49:00,PLANT-SH-01,False
U02907,R084,B21,C,XRAY,INS01,NONE,0,2025-03-17 08:49:00,PLANT-SH-01,False
U02908,R084,B21,C,VISUAL,INS02,NONE,0,2025-03-17 08:49:00,PLANT-SH-01,False
U02909,R084,B21,C,XRAY,INS01,NONE,0,2025-03-17 08:49:00,PLANT-SH-01,False
U02910,R084,B21,C,VISUAL,INS01,PORE,1,2025-03-17 08:49:00,PLANT-SH-01,False
U02911,R084,B21,C,VISUAL,INS05,NONE,0,2025-03-17 08:49:00,PLANT-SH-01,False
U02912,R084,B21,C,DIMENSION,INS03,NONE,0,2025-03-17 08:49:00,PLANT-SH-01,False
U02913,R084,B21,C,XRAY,INS06,CRACK,1,2025-03-17 08:49:00,PLANT-SH-01,False
U02914,R084,B21,C,XRAY,INS05,NONE,0,2025-03-17 08:49:00,PLANT-SH-01,False
U02915,R085,B22,A,DIMENSION,INS02,NONE,0,2025-03-17 12:29:00,PLANT-SH-01,False
U02916,R085,B22,A,VISUAL,INS04,NONE,0,2025-03-17 12:29:00,PLANT-SH-01,False
U02917,R085,B22,A,VISUAL,INS01,NONE,0,2025-03-17 12:29:00,PLANT-SH-01,False
U02918,R085,B22,A,VISUAL,INS04,NONE,0,2025-03-17 12:29:00,PLANT-SH-01,False
U02919,R085,B22,A,VISUAL,INS02,NONE,0,2025-03-17 12:29:00,PLANT-SH-01,False
U02920,R085,B22,A,XRAY,INS04,NONE,0,2025-03-17 12:29:00,PLANT-SH-01,False
U02921,R085,B22,A,VISUAL,INS06,NONE,0,2025-03-17 12:29:00,PLANT-SH-01,False
U02922,R085,B22,A,XRAY,INS06,NONE,0,2025-03-17 12:29:00,PLANT-SH-01,False
U02923,R085,B22,A,DIMENSION,INS08,NONE,0,2025-03-17 12:29:00,PLANT-SH-01,False
U02924,R085,B22,A,XRAY,INS05,NONE,0,2025-03-17 12:29:00,PLANT-SH-01,False
U02925,R085,B22,A,XRAY,INS01,NONE,0,2025-03-17 12:29:00,PLANT-SH-01,False
U02926,R085,B22,A,XRAY,INS06,NONE,0,2025-03-17 12:29:00,PLANT-SH-01,False
U02927,R085,B22,A,VISUAL,INS06,NONE,0,2025-03-17 12:29:00,PLANT-SH-01,False
U02928,R085,B22,A,VISUAL,INS01,NONE,0,2025-03-17 12:29:00,PLANT-SH-01,False
U02929,R085,B22,A,VISUAL,INS08,NONE,0,2025-03-17 12:29:00,PLANT-SH-01,False
U02930,R085,B22,A,VISUAL,INS03,NONE,0,2025-03-17 12:29:00,PLANT-SH-01,False
U02931,R085,B22,A,VISUAL,INS01,NONE,0,2025-03-17 12:29:00,PLANT-SH-01,False
U02932,R085,B22,A,VISUAL,INS04,NONE,0,2025-03-17 12:29:00,PLANT-SH-01,False
U02933,R085,B22,A,VISUAL,INS03,NONE,0,2025-03-17 12:29:00,PLANT-SH-01,False
U02934,R085,B22,A,XRAY,INS05,NONE,0,2025-03-17 12:29:00,PLANT-SH-01,False
U02935,R085,B22,A,XRAY,INS03,NONE,0,2025-03-17 12:29:00,PLANT-SH-01,False
U02936,R085,B22,A,VISUAL,INS04,NONE,0,2025-03-17 12:29:00,PLANT-SH-01,False
U02937,R085,B22,A,VISUAL,INS08,NONE,0,2025-03-17 12:29:00,PLANT-SH-01,False
U02938,R085,B22,A,VISUAL,INS03,NONE,0,2025-03-17 12:29:00,PLANT-SH-01,False
U02939,R085,B22,A,DIMENSION,INS03,EDGE,1,2025-03-17 12:29:00,PLANT-SH-01,False
U02940,R085,B22,A,XRAY,INS07,NONE,0,2025-03-17 12:29:00,PLANT-SH-01,False
U02941,R085,B22,A,VISUAL,INS08,NONE,0,2025-03-17 12:29:00,PLANT-SH-01,False
U02942,R085,B22,A,XRAY,INS04,NONE,0,2025-03-17 12:29:00,PLANT-SH-01,False
U02943,R085,B22,A,VISUAL,INS06,NONE,0,2025-03-17 12:29:00,PLANT-SH-01,False
U02944,R085,B22,A,DIMENSION,INS01,NONE,0,2025-03-17 12:29:00,PLANT-SH-01,False
U02945,R085,B22,A,VISUAL,INS08,NONE,0,2025-03-17 12:29:00,PLANT-SH-01,False
U02946,R085,B22,A,VISUAL,INS04,NONE,0,2025-03-17 12:29:00,PLANT-SH-01,False
U02947,R085,B22,A,VISUAL,INS03,NONE,0,2025-03-17 12:29:00,PLANT-SH-01,False
U02948,R085,B22,A,XRAY,INS08,NONE,0,2025-03-17 12:29:00,PLANT-SH-01,False
U02949,R085,B22,A,VISUAL,INS08,NONE,0,2025-03-17 12:29:00,PLANT-SH-01,False
U02950,R085,B22,A,DIMENSION,INS03,NONE,0,2025-03-17 12:29:00,PLANT-SH-01,False
U02951,R085,B22,A,VISUAL,INS01,NONE,0,2025-03-17 12:29:00,PLANT-SH-01,False
U02952,R086,B22,A,VISUAL,INS03,NONE,0,2025-03-17 16:42:00,PLANT-SH-01,False
U02953,R086,B22,A,XRAY,INS01,NONE,0,2025-03-17 16:42:00,PLANT-SH-01,False
U02954,R086,B22,A,VISUAL,INS02,NONE,0,2025-03-17 16:42:00,PLANT-SH-01,False
U02955,R086,B22,A,DIMENSION,INS06,NONE,0,2025-03-17 16:42:00,PLANT-SH-01,False
U02956,R086,B22,A,VISUAL,INS01,NONE,0,2025-03-17 16:42:00,PLANT-SH-01,False
U02957,R086,B22,A,VISUAL,INS03,NONE,0,2025-03-17 16:42:00,PLANT-SH-01,False
U02958,R086,B22,A,XRAY,INS03,DIMENSION,1,2025-03-17 16:42:00,PLANT-SH-01,False
U02959,R086,B22,A,DIMENSION,INS08,NONE,0,2025-03-17 16:42:00,PLANT-SH-01,False
U02960,R086,B22,A,XRAY,INS08,NONE,0,2025-03-17 16:42:00,PLANT-SH-01,False
U02961,R086,B22,A,VISUAL,INS07,NONE,0,2025-03-17 16:42:00,PLANT-SH-01,False
U02962,R086,B22,A,DIMENSION,INS08,NONE,0,2025-03-17 16:42:00,PLANT-SH-01,False
U02963,R086,B22,A,DIMENSION,INS04,NONE,0,2025-03-17 16:42:00,PLANT-SH-01,False
U02964,R086,B22,A,VISUAL,INS02,CRACK,1,2025-03-17 16:42:00,PLANT-SH-01,False
U02965,R086,B22,A,VISUAL,INS07,NONE,0,2025-03-17 16:42:00,PLANT-SH-01,False
U02966,R086,B22,A,XRAY,INS03,NONE,0,2025-03-17 16:42:00,PLANT-SH-01,False
U02967,R086,B22,A,VISUAL,INS02,NONE,0,2025-03-17 16:42:00,PLANT-SH-01,False
U02968,R086,B22,A,DIMENSION,INS03,NONE,0,2025-03-17 16:42:00,PLANT-SH-01,False
U02969,R086,B22,A,XRAY,INS08,NONE,0,2025-03-17 16:42:00,PLANT-SH-01,False
U02970,R086,B22,A,VISUAL,INS04,NONE,0,2025-03-17 16:42:00,PLANT-SH-01,False
U02971,R086,B22,A,VISUAL,INS01,NONE,0,2025-03-17 16:42:00,PLANT-SH-01,False
U02972,R086,B22,A,XRAY,INS07,NONE,0,2025-03-17 16:42:00,PLANT-SH-01,False
U02973,R086,B22,A,XRAY,INS03,NONE,0,2025-03-17 16:42:00,PLANT-SH-01,False
U02974,R086,B22,A,VISUAL,INS04,NONE,0,2025-03-17 16:42:00,PLANT-SH-01,False
U02975,R086,B22,A,XRAY,INS07,NONE,0,2025-03-17 16:42:00,PLANT-SH-01,False
U02976,R086,B22,A,VISUAL,INS06,NONE,0,2025-03-17 16:42:00,PLANT-SH-01,False
U02977,R086,B22,A,VISUAL,INS08,NONE,0,2025-03-17 16:42:00,PLANT-SH-01,False
U02978,R086,B22,A,VISUAL,INS06,NONE,0,2025-03-17 16:42:00,PLANT-SH-01,False
U02979,R086,B22,A,VISUAL,INS02,NONE,0,2025-03-17 16:42:00,PLANT-SH-01,False
U02980,R086,B22,A,XRAY,INS05,NONE,0,2025-03-17 16:42:00,PLANT-SH-01,False
U02981,R086,B22,A,VISUAL,INS03,NONE,0,2025-03-17 16:42:00,PLANT-SH-01,False
U02982,R086,B22,A,VISUAL,INS05,NONE,0,2025-03-17 16:42:00,PLANT-SH-01,False
U02983,R086,B22,A,VISUAL,INS04,NONE,0,2025-03-17 16:42:00,PLANT-SH-01,False
U02984,R086,B22,A,VISUAL,INS05,NONE,0,2025-03-17 16:42:00,PLANT-SH-01,False
U02985,R086,B22,A,VISUAL,INS08,NONE,0,2025-03-17 16:42:00,PLANT-SH-01,False
U02986,R087,B22,B,VISUAL,INS08,PORE,1,2025-03-17 21:11:00,PLANT-SH-01,False
U02987,R087,B22,B,DIMENSION,INS08,PORE,1,2025-03-17 21:11:00,PLANT-SH-01,False
U02988,R087,B22,B,VISUAL,INS05,CONTAMINATION,1,2025-03-17 21:11:00,PLANT-SH-01,False
U02989,R087,B22,B,VISUAL,INS06,NONE,0,2025-03-17 21:11:00,PLANT-SH-01,False
U02990,R087,B22,B,VISUAL,INS04,NONE,0,2025-03-17 21:11:00,PLANT-SH-01,False
U02991,R087,B22,B,XRAY,INS04,EDGE,1,2025-03-17 21:11:00,PLANT-SH-01,False
U02992,R087,B22,B,VISUAL,INS08,DIMENSION,1,2025-03-17 21:11:00,PLANT-SH-01,False
U02993,R087,B22,B,XRAY,INS07,NONE,0,2025-03-17 21:11:00,PLANT-SH-01,False
U02994,R087,B22,B,VISUAL,INS08,DIMENSION,1,2025-03-17 21:11:00,PLANT-SH-01,False
U02995,R087,B22,B,VISUAL,INS06,CONTAMINATION,1,2025-03-17 21:11:00,PLANT-SH-01,False
U02996,R087,B22,B,VISUAL,INS03,EDGE,1,2025-03-17 21:11:00,PLANT-SH-01,False
U02997,R087,B22,B,VISUAL,INS06,NONE,0,2025-03-17 21:11:00,PLANT-SH-01,False
U02998,R087,B22,B,VISUAL,INS04,NONE,0,2025-03-17 21:11:00,PLANT-SH-01,False
U02999,R087,B22,B,XRAY,INS05,PORE,1,2025-03-17 21:11:00,PLANT-SH-01,False
U03000,R087,B22,B,DIMENSION,INS04,NONE,0,2025-03-17 21:11:00,PLANT-SH-01,False
U03001,R087,B22,B,DIMENSION,INS07,NONE,0,2025-03-17 21:11:00,PLANT-SH-01,False
U03002,R087,B22,B,XRAY,INS02,NONE,0,2025-03-17 21:11:00,PLANT-SH-01,False
U03003,R087,B22,B,VISUAL,INS05,NONE,0,2025-03-17 21:11:00,PLANT-SH-01,False
U03004,R087,B22,B,VISUAL,INS02,NONE,0,2025-03-17 21:11:00,PLANT-SH-01,False
U03005,R087,B22,B,XRAY,INS02,NONE,0,2025-03-17 21:11:00,PLANT-SH-01,False
U03006,R087,B22,B,VISUAL,INS07,PORE,1,2025-03-17 21:11:00,PLANT-SH-01,False
U03007,R087,B22,B,VISUAL,INS04,CRACK,1,2025-03-17 21:11:00,PLANT-SH-01,False
U03008,R087,B22,B,DIMENSION,INS07,PORE,1,2025-03-17 21:11:00,PLANT-SH-01,False
U03009,R087,B22,B,XRAY,INS03,NONE,0,2025-03-17 21:11:00,PLANT-SH-01,False
U03010,R087,B22,B,VISUAL,INS08,NONE,0,2025-03-17 21:11:00,PLANT-SH-01,False
U03011,R087,B22,B,VISUAL,INS06,NONE,0,2025-03-17 21:11:00,PLANT-SH-01,False
U03012,R087,B22,B,XRAY,INS07,NONE,0,2025-03-17 21:11:00,PLANT-SH-01,False
U03013,R087,B22,B,DIMENSION,INS06,NONE,0,2025-03-17 21:11:00,PLANT-SH-01,False
U03014,R087,B22,B,VISUAL,INS02,PORE,1,2025-03-17 21:11:00,PLANT-SH-01,False
U03015,R087,B22,B,VISUAL,INS01,NONE,0,2025-03-17 21:11:00,PLANT-SH-01,False
U03016,R087,B22,B,DIMENSION,INS07,NONE,0,2025-03-17 21:11:00,PLANT-SH-01,False
U03017,R087,B22,B,VISUAL,INS04,DIMENSION,1,2025-03-17 21:11:00,PLANT-SH-01,False
U03018,R087,B22,B,VISUAL,INS06,NONE,0,2025-03-17 21:11:00,PLANT-SH-01,False
U03019,R087,B22,B,VISUAL,INS08,NONE,0,2025-03-17 21:11:00,PLANT-SH-01,False
U03020,R087,B22,B,XRAY,INS05,NONE,0,2025-03-17 21:11:00,PLANT-SH-01,False
U03021,R087,B22,B,VISUAL,INS04,DIMENSION,1,2025-03-17 21:11:00,PLANT-SH-01,False
U03022,R087,B22,B,XRAY,INS05,DIMENSION,1,2025-03-17 21:11:00,PLANT-SH-01,False
U03023,R087,B22,B,VISUAL,INS01,PORE,1,2025-03-17 21:11:00,PLANT-SH-01,False
U03024,R088,B22,B,XRAY,INS05,NONE,0,2025-03-18 00:49:00,PLANT-SH-01,False
U03025,R088,B22,B,VISUAL,INS08,NONE,0,2025-03-18 00:49:00,PLANT-SH-01,False
U03026,R088,B22,B,VISUAL,INS03,NONE,0,2025-03-18 00:49:00,PLANT-SH-01,False
U03027,R088,B22,B,VISUAL,INS06,NONE,0,2025-03-18 00:49:00,PLANT-SH-01,False
U03028,R088,B22,B,XRAY,INS04,NONE,0,2025-03-18 00:49:00,PLANT-SH-01,False
U03029,R088,B22,B,DIMENSION,INS06,NONE,0,2025-03-18 00:49:00,PLANT-SH-01,False
U03030,R088,B22,B,VISUAL,INS01,NONE,0,2025-03-18 00:49:00,PLANT-SH-01,False
U03031,R088,B22,B,DIMENSION,INS01,NONE,0,2025-03-18 00:49:00,PLANT-SH-01,False
U03032,R088,B22,B,VISUAL,INS07,NONE,0,2025-03-18 00:49:00,PLANT-SH-01,False
U03033,R088,B22,B,VISUAL,INS05,NONE,0,2025-03-18 00:49:00,PLANT-SH-01,False
U03034,R088,B22,B,VISUAL,INS06,NONE,0,2025-03-18 00:49:00,PLANT-SH-01,False
U03035,R088,B22,B,XRAY,INS05,NONE,0,2025-03-18 00:49:00,PLANT-SH-01,False
U03036,R088,B22,B,VISUAL,INS04,NONE,0,2025-03-18 00:49:00,PLANT-SH-01,False
U03037,R088,B22,B,XRAY,INS08,NONE,0,2025-03-18 00:49:00,PLANT-SH-01,False
U03038,R088,B22,B,VISUAL,INS06,NONE,0,2025-03-18 00:49:00,PLANT-SH-01,False
U03039,R088,B22,B,VISUAL,INS01,NONE,0,2025-03-18 00:49:00,PLANT-SH-01,False
U03040,R088,B22,B,VISUAL,INS06,NONE,0,2025-03-18 00:49:00,PLANT-SH-01,False
U03041,R088,B22,B,VISUAL,INS02,NONE,0,2025-03-18 00:49:00,PLANT-SH-01,False
U03042,R088,B22,B,DIMENSION,INS03,NONE,0,2025-03-18 00:49:00,PLANT-SH-01,False
U03043,R088,B22,B,VISUAL,INS07,NONE,0,2025-03-18 00:49:00,PLANT-SH-01,False
U03044,R088,B22,B,XRAY,INS06,NONE,0,2025-03-18 00:49:00,PLANT-SH-01,False
U03045,R088,B22,B,VISUAL,INS08,NONE,0,2025-03-18 00:49:00,PLANT-SH-01,False
U03046,R088,B22,B,VISUAL,INS04,NONE,0,2025-03-18 00:49:00,PLANT-SH-01,False
U03047,R088,B22,B,XRAY,INS01,NONE,0,2025-03-18 00:49:00,PLANT-SH-01,False
U03048,R088,B22,B,DIMENSION,INS08,NONE,0,2025-03-18 00:49:00,PLANT-SH-01,False
U03049,R088,B22,B,VISUAL,INS07,NONE,0,2025-03-18 00:49:00,PLANT-SH-01,False
U03050,R088,B22,B,VISUAL,INS06,NONE,0,2025-03-18 00:49:00,PLANT-SH-01,False
U03051,R088,B22,B,VISUAL,INS03,NONE,0,2025-03-18 00:49:00,PLANT-SH-01,False
U03052,R088,B22,B,XRAY,INS05,NONE,0,2025-03-18 00:49:00,PLANT-SH-01,False
U03053,R088,B22,B,VISUAL,INS02,NONE,0,2025-03-18 00:49:00,PLANT-SH-01,False
U03054,R088,B22,B,VISUAL,INS04,NONE,0,2025-03-18 00:49:00,PLANT-SH-01,False
U03055,R088,B22,B,XRAY,INS08,PORE,1,2025-03-18 00:49:00,PLANT-SH-01,False
U03056,R088,B22,B,XRAY,INS02,PORE,1,2025-03-18 00:49:00,PLANT-SH-01,False
U03057,R088,B22,B,XRAY,INS01,NONE,0,2025-03-18 00:49:00,PLANT-SH-01,False
U03058,R088,B22,B,VISUAL,INS07,NONE,0,2025-03-18 00:49:00,PLANT-SH-01,False
U03059,R088,B22,B,XRAY,INS04,CRACK,1,2025-03-18 00:49:00,PLANT-SH-01,False
U03060,R088,B22,B,DIMENSION,INS08,NONE,0,2025-03-18 00:49:00,PLANT-SH-01,False
U03061,R089,B23,C,VISUAL,INS05,NONE,0,2025-03-18 04:02:00,PLANT-SH-01,False
U03062,R089,B23,C,DIMENSION,INS03,NONE,0,2025-03-18 04:02:00,PLANT-SH-01,False
U03063,R089,B23,C,VISUAL,INS08,NONE,0,2025-03-18 04:02:00,PLANT-SH-01,False
U03064,R089,B23,C,VISUAL,INS04,NONE,0,2025-03-18 04:02:00,PLANT-SH-01,False
U03065,R089,B23,C,DIMENSION,INS02,NONE,0,2025-03-18 04:02:00,PLANT-SH-01,False
U03066,R089,B23,C,VISUAL,INS05,NONE,0,2025-03-18 04:02:00,PLANT-SH-01,False
U03067,R089,B23,C,VISUAL,INS06,NONE,0,2025-03-18 04:02:00,PLANT-SH-01,False
U03068,R089,B23,C,VISUAL,INS01,NONE,0,2025-03-18 04:02:00,PLANT-SH-01,False
U03069,R089,B23,C,VISUAL,INS01,NONE,0,2025-03-18 04:02:00,PLANT-SH-01,False
U03070,R089,B23,C,VISUAL,INS02,NONE,0,2025-03-18 04:02:00,PLANT-SH-01,False
U03071,R089,B23,C,VISUAL,INS04,CRACK,1,2025-03-18 04:02:00,PLANT-SH-01,False
U03072,R089,B23,C,VISUAL,INS07,NONE,0,2025-03-18 04:02:00,PLANT-SH-01,False
U03073,R089,B23,C,VISUAL,INS08,DIMENSION,1,2025-03-18 04:02:00,PLANT-SH-01,False
U03074,R089,B23,C,VISUAL,INS08,EDGE,1,2025-03-18 04:02:00,PLANT-SH-01,False
U03075,R089,B23,C,VISUAL,INS01,NONE,0,2025-03-18 04:02:00,PLANT-SH-01,False
U03076,R089,B23,C,VISUAL,INS02,NONE,0,2025-03-18 04:02:00,PLANT-SH-01,False
U03077,R089,B23,C,VISUAL,INS05,PORE,1,2025-03-18 04:02:00,PLANT-SH-01,False
U03078,R089,B23,C,VISUAL,INS04,NONE,0,2025-03-18 04:02:00,PLANT-SH-01,False
U03079,R089,B23,C,XRAY,INS03,NONE,0,2025-03-18 04:02:00,PLANT-SH-01,False
U03080,R089,B23,C,VISUAL,INS02,NONE,0,2025-03-18 04:02:00,PLANT-SH-01,False
U03081,R089,B23,C,DIMENSION,INS06,NONE,0,2025-03-18 04:02:00,PLANT-SH-01,False
U03082,R089,B23,C,XRAY,INS03,NONE,0,2025-03-18 04:02:00,PLANT-SH-01,False
U03083,R089,B23,C,XRAY,INS06,NONE,0,2025-03-18 04:02:00,PLANT-SH-01,False
U03084,R089,B23,C,XRAY,INS06,NONE,0,2025-03-18 04:02:00,PLANT-SH-01,False
U03085,R089,B23,C,VISUAL,INS05,NONE,0,2025-03-18 04:02:00,PLANT-SH-01,False
U03086,R089,B23,C,VISUAL,INS03,NONE,0,2025-03-18 04:02:00,PLANT-SH-01,False
U03087,R089,B23,C,VISUAL,INS07,NONE,0,2025-03-18 04:02:00,PLANT-SH-01,False
U03088,R089,B23,C,XRAY,INS06,NONE,0,2025-03-18 04:02:00,PLANT-SH-01,False
U03089,R089,B23,C,VISUAL,INS03,NONE,0,2025-03-18 04:02:00,PLANT-SH-01,False
U03090,R089,B23,C,VISUAL,INS05,NONE,0,2025-03-18 04:02:00,PLANT-SH-01,False
U03091,R089,B23,C,VISUAL,INS08,NONE,0,2025-03-18 04:02:00,PLANT-SH-01,False
U03092,R089,B23,C,VISUAL,INS03,NONE,0,2025-03-18 04:02:00,PLANT-SH-01,False
U03093,R089,B23,C,XRAY,INS08,NONE,0,2025-03-18 04:02:00,PLANT-SH-01,False
U03094,R090,B23,C,VISUAL,INS06,NONE,0,2025-03-18 08:05:00,PLANT-SH-01,False
U03095,R090,B23,C,XRAY,INS01,PORE,1,2025-03-18 08:05:00,PLANT-SH-01,False
U03096,R090,B23,C,VISUAL,INS07,NONE,0,2025-03-18 08:05:00,PLANT-SH-01,False
U03097,R090,B23,C,VISUAL,INS03,NONE,0,2025-03-18 08:05:00,PLANT-SH-01,False
U03098,R090,B23,C,XRAY,INS01,NONE,0,2025-03-18 08:05:00,PLANT-SH-01,False
U03099,R090,B23,C,VISUAL,INS07,PORE,1,2025-03-18 08:05:00,PLANT-SH-01,False
U03100,R090,B23,C,VISUAL,INS03,CONTAMINATION,1,2025-03-18 08:05:00,PLANT-SH-01,False
U03101,R090,B23,C,XRAY,INS02,NONE,0,2025-03-18 08:05:00,PLANT-SH-01,False
U03102,R090,B23,C,VISUAL,INS04,PORE,1,2025-03-18 08:05:00,PLANT-SH-01,False
U03103,R090,B23,C,VISUAL,INS02,DIMENSION,1,2025-03-18 08:05:00,PLANT-SH-01,False
U03104,R090,B23,C,XRAY,INS02,PORE,1,2025-03-18 08:05:00,PLANT-SH-01,False
U03105,R090,B23,C,VISUAL,INS02,CONTAMINATION,1,2025-03-18 08:05:00,PLANT-SH-01,False
U03106,R090,B23,C,VISUAL,INS06,PORE,1,2025-03-18 08:05:00,PLANT-SH-01,False
U03107,R090,B23,C,XRAY,INS01,DIMENSION,1,2025-03-18 08:05:00,PLANT-SH-01,False
U03108,R090,B23,C,XRAY,INS04,NONE,0,2025-03-18 08:05:00,PLANT-SH-01,False
U03109,R090,B23,C,DIMENSION,INS08,PORE,1,2025-03-18 08:05:00,PLANT-SH-01,False
U03110,R090,B23,C,DIMENSION,INS08,NONE,0,2025-03-18 08:05:00,PLANT-SH-01,False
U03111,R090,B23,C,VISUAL,INS02,NONE,0,2025-03-18 08:05:00,PLANT-SH-01,False
U03112,R090,B23,C,XRAY,INS01,NONE,0,2025-03-18 08:05:00,PLANT-SH-01,False
U03113,R090,B23,C,VISUAL,INS02,NONE,0,2025-03-18 08:05:00,PLANT-SH-01,False
U03114,R090,B23,C,VISUAL,INS01,NONE,0,2025-03-18 08:05:00,PLANT-SH-01,False
U03115,R090,B23,C,DIMENSION,INS02,NONE,0,2025-03-18 08:05:00,PLANT-SH-01,False
U03116,R090,B23,C,VISUAL,INS08,NONE,0,2025-03-18 08:05:00,PLANT-SH-01,False
U03117,R090,B23,C,VISUAL,INS04,PORE,1,2025-03-18 08:05:00,PLANT-SH-01,False
U03118,R090,B23,C,XRAY,INS04,NONE,0,2025-03-18 08:05:00,PLANT-SH-01,False
U03119,R090,B23,C,VISUAL,INS03,PORE,1,2025-03-18 08:05:00,PLANT-SH-01,False
U03120,R090,B23,C,VISUAL,INS04,PORE,1,2025-03-18 08:05:00,PLANT-SH-01,False
U03121,R090,B23,C,VISUAL,INS05,NONE,0,2025-03-18 08:05:00,PLANT-SH-01,False
U03122,R090,B23,C,XRAY,INS07,NONE,0,2025-03-18 08:05:00,PLANT-SH-01,False
U03123,R090,B23,C,VISUAL,INS08,NONE,0,2025-03-18 08:05:00,PLANT-SH-01,False
U03124,R090,B23,C,VISUAL,INS05,NONE,0,2025-03-18 08:05:00,PLANT-SH-01,False
U03125,R090,B23,C,VISUAL,INS07,NONE,0,2025-03-18 08:05:00,PLANT-SH-01,False
U03126,R090,B23,C,VISUAL,INS04,NONE,0,2025-03-18 08:05:00,PLANT-SH-01,False
U03127,R090,B23,C,VISUAL,INS06,NONE,0,2025-03-18 08:05:00,PLANT-SH-01,False
U03128,R090,B23,C,VISUAL,INS06,NONE,0,2025-03-18 08:05:00,PLANT-SH-01,False
U03129,R090,B23,C,VISUAL,INS03,PORE,1,2025-03-18 08:05:00,PLANT-SH-01,False
U03130,R090,B23,C,VISUAL,INS02,NONE,0,2025-03-18 08:05:00,PLANT-SH-01,False
U03131,R091,B23,A,VISUAL,INS03,NONE,0,2025-03-18 13:00:00,PLANT-SH-01,False
U03132,R091,B23,A,VISUAL,INS06,NONE,0,2025-03-18 13:00:00,PLANT-SH-01,False
U03133,R091,B23,A,VISUAL,INS04,NONE,0,2025-03-18 13:00:00,PLANT-SH-01,False
U03134,R091,B23,A,VISUAL,INS07,NONE,0,2025-03-18 13:00:00,PLANT-SH-01,False
U03135,R091,B23,A,VISUAL,INS06,NONE,0,2025-03-18 13:00:00,PLANT-SH-01,False
U03136,R091,B23,A,VISUAL,INS03,NONE,0,2025-03-18 13:00:00,PLANT-SH-01,False
U03137,R091,B23,A,VISUAL,INS05,NONE,0,2025-03-18 13:00:00,PLANT-SH-01,False
U03138,R091,B23,A,XRAY,INS04,NONE,0,2025-03-18 13:00:00,PLANT-SH-01,False
U03139,R091,B23,A,VISUAL,INS05,NONE,0,2025-03-18 13:00:00,PLANT-SH-01,False
U03140,R091,B23,A,VISUAL,INS06,NONE,0,2025-03-18 13:00:00,PLANT-SH-01,False
U03141,R091,B23,A,VISUAL,INS03,NONE,0,2025-03-18 13:00:00,PLANT-SH-01,False
U03142,R091,B23,A,VISUAL,INS04,NONE,0,2025-03-18 13:00:00,PLANT-SH-01,False
U03143,R091,B23,A,XRAY,INS07,NONE,0,2025-03-18 13:00:00,PLANT-SH-01,False
U03144,R091,B23,A,VISUAL,INS07,NONE,0,2025-03-18 13:00:00,PLANT-SH-01,False
U03145,R091,B23,A,VISUAL,INS04,NONE,0,2025-03-18 13:00:00,PLANT-SH-01,False
U03146,R091,B23,A,VISUAL,INS06,NONE,0,2025-03-18 13:00:00,PLANT-SH-01,False
U03147,R091,B23,A,VISUAL,INS02,NONE,0,2025-03-18 13:00:00,PLANT-SH-01,False
U03148,R091,B23,A,VISUAL,INS03,NONE,0,2025-03-18 13:00:00,PLANT-SH-01,False
U03149,R091,B23,A,DIMENSION,INS08,NONE,0,2025-03-18 13:00:00,PLANT-SH-01,False
U03150,R091,B23,A,VISUAL,INS05,NONE,0,2025-03-18 13:00:00,PLANT-SH-01,False
U03151,R091,B23,A,DIMENSION,INS05,EDGE,1,2025-03-18 13:00:00,PLANT-SH-01,False
U03152,R091,B23,A,VISUAL,INS06,NONE,0,2025-03-18 13:00:00,PLANT-SH-01,False
U03153,R091,B23,A,VISUAL,INS05,NONE,0,2025-03-18 13:00:00,PLANT-SH-01,False
U03154,R091,B23,A,DIMENSION,INS06,NONE,0,2025-03-18 13:00:00,PLANT-SH-01,False
U03155,R091,B23,A,VISUAL,INS08,NONE,0,2025-03-18 13:00:00,PLANT-SH-01,False
U03156,R091,B23,A,VISUAL,INS03,NONE,0,2025-03-18 13:00:00,PLANT-SH-01,False
U03157,R091,B23,A,VISUAL,INS05,NONE,0,2025-03-18 13:00:00,PLANT-SH-01,False
U03158,R091,B23,A,XRAY,INS05,DIMENSION,1,2025-03-18 13:00:00,PLANT-SH-01,False
U03159,R091,B23,A,VISUAL,INS05,NONE,0,2025-03-18 13:00:00,PLANT-SH-01,False
U03160,R091,B23,A,XRAY,INS03,NONE,0,2025-03-18 13:00:00,PLANT-SH-01,False
U03161,R091,B23,A,VISUAL,INS03,NONE,0,2025-03-18 13:00:00,PLANT-SH-01,False
U03162,R091,B23,A,XRAY,INS02,NONE,0,2025-03-18 13:00:00,PLANT-SH-01,False
U03163,R091,B23,A,VISUAL,INS08,NONE,0,2025-03-18 13:00:00,PLANT-SH-01,False
U03164,R091,B23,A,VISUAL,INS05,NONE,0,2025-03-18 13:00:00,PLANT-SH-01,False
U03165,R091,B23,A,VISUAL,INS04,NONE,0,2025-03-18 13:00:00,PLANT-SH-01,False
U03166,R091,B23,A,VISUAL,INS04,NONE,0,2025-03-18 13:00:00,PLANT-SH-01,False
U03167,R091,B23,A,VISUAL,INS02,NONE,0,2025-03-18 13:00:00,PLANT-SH-01,False
U03168,R091,B23,A,VISUAL,INS01,NONE,0,2025-03-18 13:00:00,PLANT-SH-01,False
U03169,R091,B23,A,VISUAL,INS02,NONE,0,2025-03-18 13:00:00,PLANT-SH-01,False
U03170,R091,B23,A,VISUAL,INS03,NONE,0,2025-03-18 13:00:00,PLANT-SH-01,False
U03171,R092,B23,A,DIMENSION,INS05,NONE,0,2025-03-18 16:32:00,PLANT-SH-01,False
U03172,R092,B23,A,VISUAL,INS01,NONE,0,2025-03-18 16:32:00,PLANT-SH-01,False
U03173,R092,B23,A,DIMENSION,INS01,NONE,0,2025-03-18 16:32:00,PLANT-SH-01,False
U03174,R092,B23,A,VISUAL,INS04,CRACK,1,2025-03-18 16:32:00,PLANT-SH-01,False
U03175,R092,B23,A,VISUAL,INS02,NONE,0,2025-03-18 16:32:00,PLANT-SH-01,False
U03176,R092,B23,A,VISUAL,INS08,NONE,0,2025-03-18 16:32:00,PLANT-SH-01,False
U03177,R092,B23,A,VISUAL,INS08,NONE,0,2025-03-18 16:32:00,PLANT-SH-01,False
U03178,R092,B23,A,VISUAL,INS06,NONE,0,2025-03-18 16:32:00,PLANT-SH-01,False
U03179,R092,B23,A,VISUAL,INS02,DIMENSION,1,2025-03-18 16:32:00,PLANT-SH-01,False
U03180,R092,B23,A,XRAY,INS04,NONE,0,2025-03-18 16:32:00,PLANT-SH-01,False
U03181,R092,B23,A,VISUAL,INS08,NONE,0,2025-03-18 16:32:00,PLANT-SH-01,False
U03182,R092,B23,A,VISUAL,INS05,NONE,0,2025-03-18 16:32:00,PLANT-SH-01,False
U03183,R092,B23,A,VISUAL,INS01,NONE,0,2025-03-18 16:32:00,PLANT-SH-01,False
U03184,R092,B23,A,DIMENSION,INS05,NONE,0,2025-03-18 16:32:00,PLANT-SH-01,False
U03185,R092,B23,A,VISUAL,INS03,NONE,0,2025-03-18 16:32:00,PLANT-SH-01,False
U03186,R092,B23,A,VISUAL,INS05,NONE,0,2025-03-18 16:32:00,PLANT-SH-01,False
U03187,R092,B23,A,VISUAL,INS01,NONE,0,2025-03-18 16:32:00,PLANT-SH-01,False
U03188,R092,B23,A,VISUAL,INS03,NONE,0,2025-03-18 16:32:00,PLANT-SH-01,False
U03189,R092,B23,A,VISUAL,INS05,NONE,0,2025-03-18 16:32:00,PLANT-SH-01,False
U03190,R092,B23,A,VISUAL,INS07,NONE,0,2025-03-18 16:32:00,PLANT-SH-01,False
U03191,R092,B23,A,XRAY,INS04,NONE,0,2025-03-18 16:32:00,PLANT-SH-01,False
U03192,R092,B23,A,XRAY,INS02,NONE,0,2025-03-18 16:32:00,PLANT-SH-01,False
U03193,R092,B23,A,DIMENSION,INS04,CRACK,1,2025-03-18 16:32:00,PLANT-SH-01,False
U03194,R092,B23,A,VISUAL,INS06,NONE,0,2025-03-18 16:32:00,PLANT-SH-01,False
U03195,R092,B23,A,VISUAL,INS05,NONE,0,2025-03-18 16:32:00,PLANT-SH-01,False
U03196,R092,B23,A,VISUAL,INS02,NONE,0,2025-03-18 16:32:00,PLANT-SH-01,False
U03197,R092,B23,A,DIMENSION,INS05,NONE,0,2025-03-18 16:32:00,PLANT-SH-01,False
U03198,R092,B23,A,VISUAL,INS08,NONE,0,2025-03-18 16:32:00,PLANT-SH-01,False
U03199,R092,B23,A,XRAY,INS03,NONE,0,2025-03-18 16:32:00,PLANT-SH-01,False
U03200,R092,B23,A,VISUAL,INS04,NONE,0,2025-03-18 16:32:00,PLANT-SH-01,False
U03201,R092,B23,A,XRAY,,NONE,0,2025-03-18 16:32:00,PLANT-SH-01,False
U03202,R092,B23,A,VISUAL,INS06,NONE,0,2025-03-18 16:32:00,PLANT-SH-01,False
U03203,R092,B23,A,DIMENSION,INS04,NONE,0,2025-03-18 16:32:00,PLANT-SH-01,False
U03204,R093,B24,B,VISUAL,INS01,NONE,0,2025-03-18 20:49:00,PLANT-SH-01,False
U03205,R093,B24,B,DIMENSION,INS01,NONE,0,2025-03-18 20:49:00,PLANT-SH-01,False
U03206,R093,B24,B,VISUAL,INS01,NONE,0,2025-03-18 20:49:00,PLANT-SH-01,False
U03207,R093,B24,B,VISUAL,INS06,NONE,0,2025-03-18 20:49:00,PLANT-SH-01,False
U03208,R093,B24,B,VISUAL,INS07,NONE,0,2025-03-18 20:49:00,PLANT-SH-01,False
U03209,R093,B24,B,VISUAL,INS04,NONE,0,2025-03-18 20:49:00,PLANT-SH-01,False
U03210,R093,B24,B,XRAY,INS02,NONE,0,2025-03-18 20:49:00,PLANT-SH-01,False
U03211,R093,B24,B,DIMENSION,INS03,NONE,0,2025-03-18 20:49:00,PLANT-SH-01,False
U03212,R093,B24,B,VISUAL,INS07,NONE,0,2025-03-18 20:49:00,PLANT-SH-01,False
U03213,R093,B24,B,DIMENSION,INS04,NONE,0,2025-03-18 20:49:00,PLANT-SH-01,False
U03214,R093,B24,B,XRAY,INS06,NONE,0,2025-03-18 20:49:00,PLANT-SH-01,False
U03215,R093,B24,B,DIMENSION,INS02,NONE,0,2025-03-18 20:49:00,PLANT-SH-01,False
U03216,R093,B24,B,XRAY,INS05,NONE,0,2025-03-18 20:49:00,PLANT-SH-01,False
U03217,R093,B24,B,XRAY,INS08,NONE,0,2025-03-18 20:49:00,PLANT-SH-01,False
U03218,R093,B24,B,VISUAL,INS05,NONE,0,2025-03-18 20:49:00,PLANT-SH-01,False
U03219,R093,B24,B,VISUAL,INS01,NONE,0,2025-03-18 20:49:00,PLANT-SH-01,False
U03220,R093,B24,B,DIMENSION,INS04,NONE,0,2025-03-18 20:49:00,PLANT-SH-01,False
U03221,R093,B24,B,VISUAL,INS08,NONE,0,2025-03-18 20:49:00,PLANT-SH-01,False
U03222,R093,B24,B,VISUAL,INS06,NONE,0,2025-03-18 20:49:00,PLANT-SH-01,False
U03223,R093,B24,B,VISUAL,INS04,NONE,0,2025-03-18 20:49:00,PLANT-SH-01,False
U03224,R093,B24,B,DIMENSION,INS04,NONE,0,2025-03-18 20:49:00,PLANT-SH-01,False
U03225,R093,B24,B,VISUAL,INS01,NONE,0,2025-03-18 20:49:00,PLANT-SH-01,False
U03226,R093,B24,B,XRAY,INS05,NONE,0,2025-03-18 20:49:00,PLANT-SH-01,False
U03227,R093,B24,B,DIMENSION,INS03,NONE,0,2025-03-18 20:49:00,PLANT-SH-01,False
U03228,R093,B24,B,VISUAL,INS08,NONE,0,2025-03-18 20:49:00,PLANT-SH-01,False
U03229,R093,B24,B,VISUAL,INS03,NONE,0,2025-03-18 20:49:00,PLANT-SH-01,False
U03230,R093,B24,B,VISUAL,INS07,NONE,0,2025-03-18 20:49:00,PLANT-SH-01,False
U03231,R093,B24,B,XRAY,INS02,NONE,0,2025-03-18 20:49:00,PLANT-SH-01,False
U03232,R093,B24,B,VISUAL,INS08,NONE,0,2025-03-18 20:49:00,PLANT-SH-01,False
U03233,R093,B24,B,VISUAL,INS03,NONE,0,2025-03-18 20:49:00,PLANT-SH-01,False
U03234,R093,B24,B,VISUAL,INS05,NONE,0,2025-03-18 20:49:00,PLANT-SH-01,False
U03235,R093,B24,B,VISUAL,INS08,NONE,0,2025-03-18 20:49:00,PLANT-SH-01,False
U03236,R093,B24,B,VISUAL,INS02,NONE,0,2025-03-18 20:49:00,PLANT-SH-01,False
U03237,R093,B24,B,VISUAL,INS03,NONE,0,2025-03-18 20:49:00,PLANT-SH-01,False
U03238,R093,B24,B,VISUAL,INS02,NONE,0,2025-03-18 20:49:00,PLANT-SH-01,False
U03239,R093,B24,B,VISUAL,INS07,NONE,0,2025-03-18 20:49:00,PLANT-SH-01,False
U03240,R094,B24,B,XRAY,INS06,NONE,0,2025-03-19 00:11:00,PLANT-SH-01,False
U03241,R094,B24,B,VISUAL,INS04,NONE,0,2025-03-19 00:11:00,PLANT-SH-01,False
U03242,R094,B24,B,VISUAL,INS02,NONE,0,2025-03-19 00:11:00,PLANT-SH-01,False
U03243,R094,B24,B,VISUAL,INS03,NONE,0,2025-03-19 00:11:00,PLANT-SH-01,False
U03244,R094,B24,B,VISUAL,INS05,NONE,0,2025-03-19 00:11:00,PLANT-SH-01,False
U03245,R094,B24,B,VISUAL,INS07,NONE,0,2025-03-19 00:11:00,PLANT-SH-01,False
U03246,R094,B24,B,XRAY,INS08,NONE,0,2025-03-19 00:11:00,PLANT-SH-01,False
U03247,R094,B24,B,VISUAL,INS02,NONE,0,2025-03-19 00:11:00,PLANT-SH-01,False
U03248,R094,B24,B,VISUAL,INS01,NONE,0,2025-03-19 00:11:00,PLANT-SH-01,False
U03249,R094,B24,B,VISUAL,INS01,NONE,0,2025-03-19 00:11:00,PLANT-SH-01,False
U03250,R094,B24,B,VISUAL,INS06,NONE,0,2025-03-19 00:11:00,PLANT-SH-01,False
U03251,R094,B24,B,DIMENSION,INS07,NONE,0,2025-03-19 00:11:00,PLANT-SH-01,False
U03252,R094,B24,B,VISUAL,INS06,NONE,0,2025-03-19 00:11:00,PLANT-SH-01,False
U03253,R094,B24,B,VISUAL,INS08,NONE,0,2025-03-19 00:11:00,PLANT-SH-01,False
U03254,R094,B24,B,VISUAL,INS03,NONE,0,2025-03-19 00:11:00,PLANT-SH-01,False
U03255,R094,B24,B,DIMENSION,INS06,NONE,0,2025-03-19 00:11:00,PLANT-SH-01,False
U03256,R094,B24,B,VISUAL,INS02,NONE,0,2025-03-19 00:11:00,PLANT-SH-01,False
U03257,R094,B24,B,XRAY,INS08,NONE,0,2025-03-19 00:11:00,PLANT-SH-01,False
U03258,R094,B24,B,VISUAL,INS01,NONE,0,2025-03-19 00:11:00,PLANT-SH-01,False
U03259,R094,B24,B,XRAY,INS05,NONE,0,2025-03-19 00:11:00,PLANT-SH-01,False
U03260,R094,B24,B,DIMENSION,INS05,NONE,0,2025-03-19 00:11:00,PLANT-SH-01,False
U03261,R094,B24,B,VISUAL,INS02,NONE,0,2025-03-19 00:11:00,PLANT-SH-01,False
U03262,R094,B24,B,VISUAL,INS04,NONE,0,2025-03-19 00:11:00,PLANT-SH-01,False
U03263,R094,B24,B,VISUAL,INS07,NONE,0,2025-03-19 00:11:00,PLANT-SH-01,False
U03264,R094,B24,B,VISUAL,INS04,NONE,0,2025-03-19 00:11:00,PLANT-SH-01,False
U03265,R094,B24,B,VISUAL,INS04,NONE,0,2025-03-19 00:11:00,PLANT-SH-01,False
U03266,R094,B24,B,XRAY,INS03,NONE,0,2025-03-19 00:11:00,PLANT-SH-01,False
U03267,R094,B24,B,VISUAL,INS07,DIMENSION,1,2025-03-19 00:11:00,PLANT-SH-01,False
U03268,R094,B24,B,VISUAL,INS08,NONE,0,2025-03-19 00:11:00,PLANT-SH-01,False
U03269,R094,B24,B,VISUAL,INS05,NONE,0,2025-03-19 00:11:00,PLANT-SH-01,False
U03270,R094,B24,B,VISUAL,INS06,NONE,0,2025-03-19 00:11:00,PLANT-SH-01,False
U03271,R094,B24,B,VISUAL,INS01,NONE,0,2025-03-19 00:11:00,PLANT-SH-01,False
U03272,R094,B24,B,XRAY,INS05,NONE,0,2025-03-19 00:11:00,PLANT-SH-01,False
U03273,R095,B24,C,VISUAL,INS06,DIMENSION,1,2025-03-19 05:01:00,PLANT-SH-01,False
U03274,R095,B24,C,VISUAL,INS07,NONE,0,2025-03-19 05:01:00,PLANT-SH-01,False
U03275,R095,B24,C,XRAY,INS04,NONE,0,2025-03-19 05:01:00,PLANT-SH-01,False
U03276,R095,B24,C,VISUAL,INS05,NONE,0,2025-03-19 05:01:00,PLANT-SH-01,False
U03277,R095,B24,C,VISUAL,INS05,NONE,0,2025-03-19 05:01:00,PLANT-SH-01,False
U03278,R095,B24,C,VISUAL,INS05,NONE,0,2025-03-19 05:01:00,PLANT-SH-01,False
U03279,R095,B24,C,VISUAL,INS04,NONE,0,2025-03-19 05:01:00,PLANT-SH-01,False
U03280,R095,B24,C,XRAY,INS03,NONE,0,2025-03-19 05:01:00,PLANT-SH-01,False
U03281,R095,B24,C,VISUAL,INS06,NONE,0,2025-03-19 05:01:00,PLANT-SH-01,False
U03282,R095,B24,C,VISUAL,INS01,NONE,0,2025-03-19 05:01:00,PLANT-SH-01,False
U03283,R095,B24,C,VISUAL,INS05,NONE,0,2025-03-19 05:01:00,PLANT-SH-01,False
U03284,R095,B24,C,XRAY,INS07,NONE,0,2025-03-19 05:01:00,PLANT-SH-01,False
U03285,R095,B24,C,DIMENSION,INS03,PORE,1,2025-03-19 05:01:00,PLANT-SH-01,False
U03286,R095,B24,C,VISUAL,INS01,NONE,0,2025-03-19 05:01:00,PLANT-SH-01,False
U03287,R095,B24,C,VISUAL,INS06,NONE,0,2025-03-19 05:01:00,PLANT-SH-01,False
U03288,R095,B24,C,VISUAL,INS01,EDGE,1,2025-03-19 05:01:00,PLANT-SH-01,False
U03289,R095,B24,C,XRAY,INS06,NONE,0,2025-03-19 05:01:00,PLANT-SH-01,False
U03290,R095,B24,C,VISUAL,INS08,CONTAMINATION,1,2025-03-19 05:01:00,PLANT-SH-01,False
U03291,R095,B24,C,VISUAL,INS04,NONE,0,2025-03-19 05:01:00,PLANT-SH-01,False
U03292,R095,B24,C,XRAY,INS04,NONE,0,2025-03-19 05:01:00,PLANT-SH-01,False
U03293,R095,B24,C,VISUAL,INS04,CRACK,1,2025-03-19 05:01:00,PLANT-SH-01,False
U03294,R095,B24,C,VISUAL,INS04,NONE,0,2025-03-19 05:01:00,PLANT-SH-01,False
U03295,R095,B24,C,VISUAL,INS04,NONE,0,2025-03-19 05:01:00,PLANT-SH-01,False
U03296,R095,B24,C,DIMENSION,INS05,NONE,0,2025-03-19 05:01:00,PLANT-SH-01,False
U03297,R095,B24,C,VISUAL,INS01,NONE,0,2025-03-19 05:01:00,PLANT-SH-01,False
U03298,R095,B24,C,VISUAL,INS03,NONE,0,2025-03-19 05:01:00,PLANT-SH-01,False
U03299,R095,B24,C,VISUAL,INS04,NONE,0,2025-03-19 05:01:00,PLANT-SH-01,False
U03300,R095,B24,C,VISUAL,INS05,PORE,1,2025-03-19 05:01:00,PLANT-SH-01,False
U03301,R095,B24,C,VISUAL,INS03,NONE,0,2025-03-19 05:01:00,PLANT-SH-01,False
U03302,R095,B24,C,VISUAL,INS02,CONTAMINATION,1,2025-03-19 05:01:00,PLANT-SH-01,False
U03303,R095,B24,C,DIMENSION,INS02,NONE,0,2025-03-19 05:01:00,PLANT-SH-01,False
U03304,R095,B24,C,VISUAL,INS06,CONTAMINATION,1,2025-03-19 05:01:00,PLANT-SH-01,False
U03305,R096,B24,C,VISUAL,INS06,PORE,1,2025-03-19 09:20:00,PLANT-SH-01,False
U03306,R096,B24,C,XRAY,INS01,NONE,0,2025-03-19 09:20:00,PLANT-SH-01,False
U03307,R096,B24,C,XRAY,INS08,NONE,0,2025-03-19 09:20:00,PLANT-SH-01,False
U03308,R096,B24,C,VISUAL,INS06,PORE,1,2025-03-19 09:20:00,PLANT-SH-01,False
U03309,R096,B24,C,VISUAL,INS08,NONE,0,2025-03-19 09:20:00,PLANT-SH-01,False
U03310,R096,B24,C,VISUAL,INS08,NONE,0,2025-03-19 09:20:00,PLANT-SH-01,False
U03311,R096,B24,C,VISUAL,INS08,NONE,0,2025-03-19 09:20:00,PLANT-SH-01,False
U03312,R096,B24,C,DIMENSION,INS08,NONE,0,2025-03-19 09:20:00,PLANT-SH-01,False
U03313,R096,B24,C,DIMENSION,INS04,NONE,0,2025-03-19 09:20:00,PLANT-SH-01,False
U03314,R096,B24,C,VISUAL,,NONE,0,2025-03-19 09:20:00,PLANT-SH-01,False
U03315,R096,B24,C,XRAY,INS08,NONE,0,2025-03-19 09:20:00,PLANT-SH-01,False
U03316,R096,B24,C,VISUAL,INS02,PORE,1,2025-03-19 09:20:00,PLANT-SH-01,False
U03317,R096,B24,C,VISUAL,INS06,NONE,0,2025-03-19 09:20:00,PLANT-SH-01,False
U03318,R096,B24,C,VISUAL,INS02,NONE,0,2025-03-19 09:20:00,PLANT-SH-01,False
U03319,R096,B24,C,VISUAL,INS05,PORE,1,2025-03-19 09:20:00,PLANT-SH-01,False
U03320,R096,B24,C,XRAY,INS01,NONE,0,2025-03-19 09:20:00,PLANT-SH-01,False
U03321,R096,B24,C,XRAY,INS07,NONE,0,2025-03-19 09:20:00,PLANT-SH-01,False
U03322,R096,B24,C,VISUAL,INS02,NONE,0,2025-03-19 09:20:00,PLANT-SH-01,False
U03323,R096,B24,C,XRAY,INS08,NONE,0,2025-03-19 09:20:00,PLANT-SH-01,False
U03324,R096,B24,C,VISUAL,INS04,NONE,0,2025-03-19 09:20:00,PLANT-SH-01,False
U03325,R096,B24,C,XRAY,INS04,NONE,0,2025-03-19 09:20:00,PLANT-SH-01,False
U03326,R096,B24,C,XRAY,INS06,NONE,0,2025-03-19 09:20:00,PLANT-SH-01,False
U03327,R096,B24,C,XRAY,INS07,NONE,0,2025-03-19 09:20:00,PLANT-SH-01,False
U03328,R096,B24,C,XRAY,INS05,NONE,0,2025-03-19 09:20:00,PLANT-SH-01,False
U03329,R096,B24,C,XRAY,INS07,NONE,0,2025-03-19 09:20:00,PLANT-SH-01,False
U03330,R096,B24,C,VISUAL,INS05,NONE,0,2025-03-19 09:20:00,PLANT-SH-01,False
U03331,R096,B24,C,VISUAL,INS06,NONE,0,2025-03-19 09:20:00,PLANT-SH-01,False
U03332,R096,B24,C,VISUAL,INS03,NONE,0,2025-03-19 09:20:00,PLANT-SH-01,False
U03333,R096,B24,C,VISUAL,INS04,NONE,0,2025-03-19 09:20:00,PLANT-SH-01,False
U03334,R096,B24,C,XRAY,INS07,NONE,0,2025-03-19 09:20:00,PLANT-SH-01,False
U03335,R096,B24,C,XRAY,INS03,NONE,0,2025-03-19 09:20:00,PLANT-SH-01,False
U03336,R096,B24,C,VISUAL,INS07,NONE,0,2025-03-19 09:20:00,PLANT-SH-01,False
U03337,R097,B25,A,XRAY,INS07,NONE,0,2025-03-19 12:18:00,PLANT-SH-01,False
U03338,R097,B25,A,VISUAL,INS03,NONE,0,2025-03-19 12:18:00,PLANT-SH-01,False
U03339,R097,B25,A,XRAY,INS01,NONE,0,2025-03-19 12:18:00,PLANT-SH-01,False
U03340,R097,B25,A,VISUAL,INS03,NONE,0,2025-03-19 12:18:00,PLANT-SH-01,False
U03341,R097,B25,A,VISUAL,INS01,NONE,0,2025-03-19 12:18:00,PLANT-SH-01,False
U03342,R097,B25,A,XRAY,INS08,NONE,0,2025-03-19 12:18:00,PLANT-SH-01,False
U03343,R097,B25,A,VISUAL,INS01,NONE,0,2025-03-19 12:18:00,PLANT-SH-01,False
U03344,R097,B25,A,VISUAL,INS07,NONE,0,2025-03-19 12:18:00,PLANT-SH-01,False
U03345,R097,B25,A,XRAY,INS06,NONE,0,2025-03-19 12:18:00,PLANT-SH-01,False
U03346,R097,B25,A,VISUAL,INS01,NONE,0,2025-03-19 12:18:00,PLANT-SH-01,False
U03347,R097,B25,A,DIMENSION,INS03,NONE,0,2025-03-19 12:18:00,PLANT-SH-01,False
U03348,R097,B25,A,VISUAL,INS07,NONE,0,2025-03-19 12:18:00,PLANT-SH-01,False
U03349,R097,B25,A,DIMENSION,INS06,NONE,0,2025-03-19 12:18:00,PLANT-SH-01,False
U03350,R097,B25,A,VISUAL,INS01,NONE,0,2025-03-19 12:18:00,PLANT-SH-01,False
U03351,R097,B25,A,VISUAL,INS02,NONE,0,2025-03-19 12:18:00,PLANT-SH-01,False
U03352,R097,B25,A,XRAY,INS06,NONE,0,2025-03-19 12:18:00,PLANT-SH-01,False
U03353,R097,B25,A,VISUAL,INS01,NONE,0,2025-03-19 12:18:00,PLANT-SH-01,False
U03354,R097,B25,A,VISUAL,INS03,NONE,0,2025-03-19 12:18:00,PLANT-SH-01,False
U03355,R097,B25,A,VISUAL,INS01,NONE,0,2025-03-19 12:18:00,PLANT-SH-01,False
U03356,R097,B25,A,VISUAL,INS06,NONE,0,2025-03-19 12:18:00,PLANT-SH-01,False
U03357,R097,B25,A,VISUAL,INS05,NONE,0,2025-03-19 12:18:00,PLANT-SH-01,False
U03358,R097,B25,A,XRAY,INS02,NONE,0,2025-03-19 12:18:00,PLANT-SH-01,False
U03359,R097,B25,A,VISUAL,INS02,NONE,0,2025-03-19 12:18:00,PLANT-SH-01,False
U03360,R097,B25,A,VISUAL,INS02,NONE,0,2025-03-19 12:18:00,PLANT-SH-01,False
U03361,R097,B25,A,XRAY,INS04,NONE,0,2025-03-19 12:18:00,PLANT-SH-01,False
U03362,R097,B25,A,VISUAL,INS08,NONE,0,2025-03-19 12:18:00,PLANT-SH-01,False
U03363,R097,B25,A,XRAY,INS06,NONE,0,2025-03-19 12:18:00,PLANT-SH-01,False
U03364,R097,B25,A,VISUAL,INS01,NONE,0,2025-03-19 12:18:00,PLANT-SH-01,False
U03365,R097,B25,A,VISUAL,INS08,NONE,0,2025-03-19 12:18:00,PLANT-SH-01,False
U03366,R097,B25,A,VISUAL,INS05,NONE,0,2025-03-19 12:18:00,PLANT-SH-01,False
U03367,R097,B25,A,VISUAL,INS05,NONE,0,2025-03-19 12:18:00,PLANT-SH-01,False
U03368,R098,B25,A,DIMENSION,INS02,NONE,0,2025-03-19 16:47:00,PLANT-SH-01,False
U03369,R098,B25,A,VISUAL,INS08,NONE,0,2025-03-19 16:47:00,PLANT-SH-01,False
U03370,R098,B25,A,DIMENSION,INS03,NONE,0,2025-03-19 16:47:00,PLANT-SH-01,False
U03371,R098,B25,A,XRAY,INS01,NONE,0,2025-03-19 16:47:00,PLANT-SH-01,False
U03372,R098,B25,A,VISUAL,INS04,NONE,0,2025-03-19 16:47:00,PLANT-SH-01,False
U03373,R098,B25,A,VISUAL,INS07,NONE,0,2025-03-19 16:47:00,PLANT-SH-01,False
U03374,R098,B25,A,DIMENSION,INS06,NONE,0,2025-03-19 16:47:00,PLANT-SH-01,False
U03375,R098,B25,A,VISUAL,INS04,NONE,0,2025-03-19 16:47:00,PLANT-SH-01,False
U03376,R098,B25,A,DIMENSION,INS08,NONE,0,2025-03-19 16:47:00,PLANT-SH-01,False
U03377,R098,B25,A,XRAY,INS06,NONE,0,2025-03-19 16:47:00,PLANT-SH-01,False
U03378,R098,B25,A,VISUAL,INS03,NONE,0,2025-03-19 16:47:00,PLANT-SH-01,False
U03379,R098,B25,A,XRAY,INS05,NONE,0,2025-03-19 16:47:00,PLANT-SH-01,False
U03380,R098,B25,A,VISUAL,INS07,NONE,0,2025-03-19 16:47:00,PLANT-SH-01,False
U03381,R098,B25,A,VISUAL,INS01,NONE,0,2025-03-19 16:47:00,PLANT-SH-01,False
U03382,R098,B25,A,VISUAL,INS05,NONE,0,2025-03-19 16:47:00,PLANT-SH-01,False
U03383,R098,B25,A,DIMENSION,INS05,NONE,0,2025-03-19 16:47:00,PLANT-SH-01,False
U03384,R098,B25,A,VISUAL,INS07,NONE,0,2025-03-19 16:47:00,PLANT-SH-01,False
U03385,R098,B25,A,DIMENSION,INS04,NONE,0,2025-03-19 16:47:00,PLANT-SH-01,False
U03386,R098,B25,A,XRAY,INS02,NONE,0,2025-03-19 16:47:00,PLANT-SH-01,False
U03387,R098,B25,A,VISUAL,INS08,NONE,0,2025-03-19 16:47:00,PLANT-SH-01,False
U03388,R098,B25,A,VISUAL,INS05,NONE,0,2025-03-19 16:47:00,PLANT-SH-01,False
U03389,R098,B25,A,XRAY,INS06,NONE,0,2025-03-19 16:47:00,PLANT-SH-01,False
U03390,R098,B25,A,DIMENSION,INS05,NONE,0,2025-03-19 16:47:00,PLANT-SH-01,False
U03391,R098,B25,A,VISUAL,INS04,NONE,0,2025-03-19 16:47:00,PLANT-SH-01,False
U03392,R098,B25,A,XRAY,INS06,NONE,0,2025-03-19 16:47:00,PLANT-SH-01,False
U03393,R098,B25,A,VISUAL,INS05,NONE,0,2025-03-19 16:47:00,PLANT-SH-01,False
U03394,R098,B25,A,VISUAL,INS03,NONE,0,2025-03-19 16:47:00,PLANT-SH-01,False
U03395,R098,B25,A,DIMENSION,INS08,NONE,0,2025-03-19 16:47:00,PLANT-SH-01,False
U03396,R098,B25,A,VISUAL,INS06,NONE,0,2025-03-19 16:47:00,PLANT-SH-01,False
U03397,R098,B25,A,VISUAL,INS04,NONE,0,2025-03-19 16:47:00,PLANT-SH-01,False
U03398,R098,B25,A,DIMENSION,INS04,NONE,0,2025-03-19 16:47:00,PLANT-SH-01,False
U03399,R098,B25,A,XRAY,INS06,NONE,0,2025-03-19 16:47:00,PLANT-SH-01,False
U03400,R098,B25,A,VISUAL,INS02,NONE,0,2025-03-19 16:47:00,PLANT-SH-01,False
U03401,R098,B25,A,XRAY,INS07,NONE,0,2025-03-19 16:47:00,PLANT-SH-01,False
U03402,R098,B25,A,VISUAL,INS04,NONE,0,2025-03-19 16:47:00,PLANT-SH-01,False
U03403,R098,B25,A,VISUAL,INS08,NONE,0,2025-03-19 16:47:00,PLANT-SH-01,False
U03404,R099,B25,B,XRAY,INS04,NONE,0,2025-03-19 20:56:00,PLANT-SH-01,False
U03405,R099,B25,B,VISUAL,INS04,NONE,0,2025-03-19 20:56:00,PLANT-SH-01,False
U03406,R099,B25,B,VISUAL,INS06,NONE,0,2025-03-19 20:56:00,PLANT-SH-01,False
U03407,R099,B25,B,XRAY,INS06,NONE,0,2025-03-19 20:56:00,PLANT-SH-01,False
U03408,R099,B25,B,VISUAL,INS06,NONE,0,2025-03-19 20:56:00,PLANT-SH-01,False
U03409,R099,B25,B,VISUAL,INS01,NONE,0,2025-03-19 20:56:00,PLANT-SH-01,False
U03410,R099,B25,B,VISUAL,INS05,NONE,0,2025-03-19 20:56:00,PLANT-SH-01,False
U03411,R099,B25,B,XRAY,INS05,NONE,0,2025-03-19 20:56:00,PLANT-SH-01,False
U03412,R099,B25,B,DIMENSION,INS07,NONE,0,2025-03-19 20:56:00,PLANT-SH-01,False
U03413,R099,B25,B,VISUAL,INS08,NONE,0,2025-03-19 20:56:00,PLANT-SH-01,False
U03414,R099,B25,B,VISUAL,INS08,NONE,0,2025-03-19 20:56:00,PLANT-SH-01,False
U03415,R099,B25,B,VISUAL,INS04,NONE,0,2025-03-19 20:56:00,PLANT-SH-01,False
U03416,R099,B25,B,XRAY,INS02,NONE,0,2025-03-19 20:56:00,PLANT-SH-01,False
U03417,R099,B25,B,VISUAL,INS06,NONE,0,2025-03-19 20:56:00,PLANT-SH-01,False
U03418,R099,B25,B,VISUAL,INS02,NONE,0,2025-03-19 20:56:00,PLANT-SH-01,False
U03419,R099,B25,B,XRAY,INS06,NONE,0,2025-03-19 20:56:00,PLANT-SH-01,False
U03420,R099,B25,B,VISUAL,INS08,NONE,0,2025-03-19 20:56:00,PLANT-SH-01,False
U03421,R099,B25,B,VISUAL,INS01,NONE,0,2025-03-19 20:56:00,PLANT-SH-01,False
U03422,R099,B25,B,VISUAL,INS01,NONE,0,2025-03-19 20:56:00,PLANT-SH-01,False
U03423,R099,B25,B,XRAY,INS02,NONE,0,2025-03-19 20:56:00,PLANT-SH-01,False
U03424,R099,B25,B,XRAY,INS08,NONE,0,2025-03-19 20:56:00,PLANT-SH-01,False
U03425,R099,B25,B,XRAY,INS06,NONE,0,2025-03-19 20:56:00,PLANT-SH-01,False
U03426,R099,B25,B,VISUAL,INS02,NONE,0,2025-03-19 20:56:00,PLANT-SH-01,False
U03427,R099,B25,B,XRAY,INS04,NONE,0,2025-03-19 20:56:00,PLANT-SH-01,False
U03428,R099,B25,B,VISUAL,INS03,NONE,0,2025-03-19 20:56:00,PLANT-SH-01,False
U03429,R099,B25,B,VISUAL,INS03,NONE,0,2025-03-19 20:56:00,PLANT-SH-01,False
U03430,R099,B25,B,VISUAL,INS08,NONE,0,2025-03-19 20:56:00,PLANT-SH-01,False
U03431,R099,B25,B,XRAY,INS06,NONE,0,2025-03-19 20:56:00,PLANT-SH-01,False
U03432,R099,B25,B,VISUAL,INS05,NONE,0,2025-03-19 20:56:00,PLANT-SH-01,False
U03433,R099,B25,B,DIMENSION,INS01,NONE,0,2025-03-19 20:56:00,PLANT-SH-01,False
U03434,R100,B25,B,VISUAL,INS06,DIMENSION,1,2025-03-20 00:22:00,PLANT-SH-01,False
U03435,R100,B25,B,VISUAL,INS05,PORE,1,2025-03-20 00:22:00,PLANT-SH-01,False
U03436,R100,B25,B,VISUAL,INS03,EDGE,1,2025-03-20 00:22:00,PLANT-SH-01,False
U03437,R100,B25,B,VISUAL,INS03,NONE,0,2025-03-20 00:22:00,PLANT-SH-01,False
U03438,R100,B25,B,VISUAL,INS03,NONE,0,2025-03-20 00:22:00,PLANT-SH-01,False
U03439,R100,B25,B,VISUAL,INS08,CONTAMINATION,1,2025-03-20 00:22:00,PLANT-SH-01,False
U03440,R100,B25,B,DIMENSION,INS05,NONE,0,2025-03-20 00:22:00,PLANT-SH-01,False
U03441,R100,B25,B,VISUAL,INS02,DIMENSION,1,2025-03-20 00:22:00,PLANT-SH-01,False
U03442,R100,B25,B,VISUAL,INS02,EDGE,1,2025-03-20 00:22:00,PLANT-SH-01,False
U03443,R100,B25,B,XRAY,INS03,NONE,0,2025-03-20 00:22:00,PLANT-SH-01,False
U03444,R100,B25,B,DIMENSION,INS03,PORE,1,2025-03-20 00:22:00,PLANT-SH-01,False
U03445,R100,B25,B,XRAY,INS04,NONE,0,2025-03-20 00:22:00,PLANT-SH-01,False
U03446,R100,B25,B,VISUAL,INS02,CONTAMINATION,1,2025-03-20 00:22:00,PLANT-SH-01,False
U03447,R100,B25,B,XRAY,INS02,NONE,0,2025-03-20 00:22:00,PLANT-SH-01,False
U03448,R100,B25,B,VISUAL,INS07,DIMENSION,1,2025-03-20 00:22:00,PLANT-SH-01,False
U03449,R100,B25,B,VISUAL,INS05,DIMENSION,1,2025-03-20 00:22:00,PLANT-SH-01,False
U03450,R100,B25,B,VISUAL,INS08,DIMENSION,1,2025-03-20 00:22:00,PLANT-SH-01,False
U03451,R100,B25,B,XRAY,INS08,NONE,0,2025-03-20 00:22:00,PLANT-SH-01,False
U03452,R100,B25,B,XRAY,INS04,NONE,0,2025-03-20 00:22:00,PLANT-SH-01,False
U03453,R100,B25,B,VISUAL,INS05,CRACK,1,2025-03-20 00:22:00,PLANT-SH-01,False
U03454,R100,B25,B,VISUAL,INS06,DIMENSION,1,2025-03-20 00:22:00,PLANT-SH-01,False
U03455,R100,B25,B,XRAY,INS05,NONE,0,2025-03-20 00:22:00,PLANT-SH-01,False
U03456,R100,B25,B,VISUAL,,CRACK,1,2025-03-20 00:22:00,PLANT-SH-01,False
U03457,R100,B25,B,VISUAL,INS04,NONE,0,2025-03-20 00:22:00,PLANT-SH-01,False
U03458,R100,B25,B,VISUAL,INS06,DIMENSION,1,2025-03-20 00:22:00,PLANT-SH-01,False
U03459,R100,B25,B,VISUAL,INS04,CRACK,1,2025-03-20 00:22:00,PLANT-SH-01,False
U03460,R100,B25,B,VISUAL,INS04,CONTAMINATION,1,2025-03-20 00:22:00,PLANT-SH-01,False
U03461,R100,B25,B,VISUAL,INS02,EDGE,1,2025-03-20 00:22:00,PLANT-SH-01,False
U03462,R100,B25,B,VISUAL,INS07,DIMENSION,1,2025-03-20 00:22:00,PLANT-SH-01,False
U03463,R100,B25,B,VISUAL,INS06,NONE,0,2025-03-20 00:22:00,PLANT-SH-01,False
U03464,R100,B25,B,VISUAL,INS01,CRACK,1,2025-03-20 00:22:00,PLANT-SH-01,False
U03465,R100,B25,B,XRAY,INS05,NONE,0,2025-03-20 00:22:00,PLANT-SH-01,False
U03466,R100,B25,B,VISUAL,INS08,PORE,1,2025-03-20 00:22:00,PLANT-SH-01,False
U03467,R100,B25,B,DIMENSION,INS07,PORE,1,2025-03-20 00:22:00,PLANT-SH-01,False
U03468,R100,B25,B,VISUAL,INS04,NONE,0,2025-03-20 00:22:00,PLANT-SH-01,False
U03469,R100,B25,B,VISUAL,INS05,NONE,0,2025-03-20 00:22:00,PLANT-SH-01,False
U03470,R100,B25,B,DIMENSION,INS05,NONE,0,2025-03-20 00:22:00,PLANT-SH-01,False
U03471,R101,B26,C,XRAY,INS03,NONE,0,2025-03-20 05:22:00,PLANT-SH-01,False
U03472,R101,B26,C,VISUAL,INS01,NONE,0,2025-03-20 05:22:00,PLANT-SH-01,False
U03473,R101,B26,C,VISUAL,INS01,DIMENSION,1,2025-03-20 05:22:00,PLANT-SH-01,False
U03474,R101,B26,C,VISUAL,INS02,NONE,0,2025-03-20 05:22:00,PLANT-SH-01,False
U03475,R101,B26,C,VISUAL,INS06,NONE,0,2025-03-20 05:22:00,PLANT-SH-01,False
U03476,R101,B26,C,VISUAL,INS08,NONE,0,2025-03-20 05:22:00,PLANT-SH-01,False
U03477,R101,B26,C,DIMENSION,INS08,NONE,0,2025-03-20 05:22:00,PLANT-SH-01,False
U03478,R101,B26,C,XRAY,INS05,NONE,0,2025-03-20 05:22:00,PLANT-SH-01,False
U03479,R101,B26,C,VISUAL,INS06,NONE,0,2025-03-20 05:22:00,PLANT-SH-01,False
U03480,R101,B26,C,DIMENSION,INS04,NONE,0,2025-03-20 05:22:00,PLANT-SH-01,False
U03481,R101,B26,C,XRAY,INS05,NONE,0,2025-03-20 05:22:00,PLANT-SH-01,False
U03482,R101,B26,C,DIMENSION,INS04,NONE,0,2025-03-20 05:22:00,PLANT-SH-01,False
U03483,R101,B26,C,VISUAL,INS01,NONE,0,2025-03-20 05:22:00,PLANT-SH-01,False
U03484,R101,B26,C,VISUAL,INS05,EDGE,1,2025-03-20 05:22:00,PLANT-SH-01,False
U03485,R101,B26,C,VISUAL,INS07,CRACK,1,2025-03-20 05:22:00,PLANT-SH-01,False
U03486,R101,B26,C,VISUAL,INS04,NONE,0,2025-03-20 05:22:00,PLANT-SH-01,False
U03487,R101,B26,C,VISUAL,INS01,NONE,0,2025-03-20 05:22:00,PLANT-SH-01,False
U03488,R101,B26,C,DIMENSION,INS02,NONE,0,2025-03-20 05:22:00,PLANT-SH-01,False
U03489,R101,B26,C,XRAY,INS06,EDGE,1,2025-03-20 05:22:00,PLANT-SH-01,False
U03490,R101,B26,C,XRAY,INS08,EDGE,1,2025-03-20 05:22:00,PLANT-SH-01,False
U03491,R101,B26,C,VISUAL,INS06,NONE,0,2025-03-20 05:22:00,PLANT-SH-01,False
U03492,R101,B26,C,VISUAL,INS06,NONE,0,2025-03-20 05:22:00,PLANT-SH-01,False
U03493,R101,B26,C,DIMENSION,INS05,NONE,0,2025-03-20 05:22:00,PLANT-SH-01,False
U03494,R101,B26,C,VISUAL,INS02,NONE,0,2025-03-20 05:22:00,PLANT-SH-01,False
U03495,R101,B26,C,VISUAL,INS03,NONE,0,2025-03-20 05:22:00,PLANT-SH-01,False
U03496,R101,B26,C,VISUAL,INS07,NONE,0,2025-03-20 05:22:00,PLANT-SH-01,False
U03497,R101,B26,C,XRAY,INS04,PORE,1,2025-03-20 05:22:00,PLANT-SH-01,False
U03498,R101,B26,C,VISUAL,INS04,PORE,1,2025-03-20 05:22:00,PLANT-SH-01,False
U03499,R101,B26,C,XRAY,INS02,DIMENSION,1,2025-03-20 05:22:00,PLANT-SH-01,False
U03500,R101,B26,C,VISUAL,INS01,NONE,0,2025-03-20 05:22:00,PLANT-SH-01,False
U03501,R101,B26,C,VISUAL,INS05,NONE,0,2025-03-20 05:22:00,PLANT-SH-01,False
U03502,R101,B26,C,VISUAL,INS03,NONE,0,2025-03-20 05:22:00,PLANT-SH-01,False
U03503,R102,B26,C,VISUAL,INS06,NONE,0,2025-03-20 08:25:00,PLANT-SH-01,False
U03504,R102,B26,C,DIMENSION,INS08,DIMENSION,1,2025-03-20 08:25:00,PLANT-SH-01,False
U03505,R102,B26,C,VISUAL,INS08,NONE,0,2025-03-20 08:25:00,PLANT-SH-01,False
U03506,R102,B26,C,VISUAL,INS03,NONE,0,2025-03-20 08:25:00,PLANT-SH-01,False
U03507,R102,B26,C,XRAY,INS01,NONE,0,2025-03-20 08:25:00,PLANT-SH-01,False
U03508,R102,B26,C,DIMENSION,INS06,NONE,0,2025-03-20 08:25:00,PLANT-SH-01,False
U03509,R102,B26,C,VISUAL,INS08,NONE,0,2025-03-20 08:25:00,PLANT-SH-01,False
U03510,R102,B26,C,VISUAL,INS01,NONE,0,2025-03-20 08:25:00,PLANT-SH-01,False
U03511,R102,B26,C,VISUAL,INS01,NONE,0,2025-03-20 08:25:00,PLANT-SH-01,False
U03512,R102,B26,C,VISUAL,INS02,NONE,0,2025-03-20 08:25:00,PLANT-SH-01,False
U03513,R102,B26,C,DIMENSION,INS06,NONE,0,2025-03-20 08:25:00,PLANT-SH-01,False
U03514,R102,B26,C,VISUAL,INS07,DIMENSION,1,2025-03-20 08:25:00,PLANT-SH-01,False
U03515,R102,B26,C,VISUAL,INS02,NONE,0,2025-03-20 08:25:00,PLANT-SH-01,False
U03516,R102,B26,C,DIMENSION,INS04,NONE,0,2025-03-20 08:25:00,PLANT-SH-01,False
U03517,R102,B26,C,DIMENSION,INS01,NONE,0,2025-03-20 08:25:00,PLANT-SH-01,False
U03518,R102,B26,C,VISUAL,INS02,NONE,0,2025-03-20 08:25:00,PLANT-SH-01,False
U03519,R102,B26,C,VISUAL,INS03,NONE,0,2025-03-20 08:25:00,PLANT-SH-01,False
U03520,R102,B26,C,DIMENSION,INS03,NONE,0,2025-03-20 08:25:00,PLANT-SH-01,False
U03521,R102,B26,C,VISUAL,INS06,NONE,0,2025-03-20 08:25:00,PLANT-SH-01,False
U03522,R102,B26,C,VISUAL,INS07,NONE,0,2025-03-20 08:25:00,PLANT-SH-01,False
U03523,R102,B26,C,VISUAL,INS03,NONE,0,2025-03-20 08:25:00,PLANT-SH-01,False
U03524,R102,B26,C,XRAY,INS06,CRACK,1,2025-03-20 08:25:00,PLANT-SH-01,False
U03525,R102,B26,C,VISUAL,INS05,NONE,0,2025-03-20 08:25:00,PLANT-SH-01,False
U03526,R102,B26,C,VISUAL,INS01,NONE,0,2025-03-20 08:25:00,PLANT-SH-01,False
U03527,R102,B26,C,VISUAL,INS08,NONE,0,2025-03-20 08:25:00,PLANT-SH-01,False
U03528,R102,B26,C,VISUAL,INS02,NONE,0,2025-03-20 08:25:00,PLANT-SH-01,False
U03529,R102,B26,C,XRAY,INS02,NONE,0,2025-03-20 08:25:00,PLANT-SH-01,False
U03530,R102,B26,C,VISUAL,INS02,NONE,0,2025-03-20 08:25:00,PLANT-SH-01,False
U03531,R102,B26,C,VISUAL,INS02,NONE,0,2025-03-20 08:25:00,PLANT-SH-01,False
U03532,R102,B26,C,XRAY,INS08,NONE,0,2025-03-20 08:25:00,PLANT-SH-01,False
U03533,R102,B26,C,DIMENSION,INS07,NONE,0,2025-03-20 08:25:00,PLANT-SH-01,False
U03534,R102,B26,C,XRAY,INS06,DIMENSION,1,2025-03-20 08:25:00,PLANT-SH-01,False
U03535,R102,B26,C,XRAY,INS08,NONE,0,2025-03-20 08:25:00,PLANT-SH-01,False
U03536,R102,B26,C,VISUAL,INS08,NONE,0,2025-03-20 08:25:00,PLANT-SH-01,False
U03537,R102,B26,C,VISUAL,INS04,NONE,0,2025-03-20 08:25:00,PLANT-SH-01,False
U03538,R102,B26,C,VISUAL,INS08,NONE,0,2025-03-20 08:25:00,PLANT-SH-01,False
U03539,R103,B26,A,VISUAL,INS08,NONE,0,2025-03-20 12:21:00,PLANT-SH-01,False
U03540,R103,B26,A,VISUAL,INS07,PORE,1,2025-03-20 12:21:00,PLANT-SH-01,False
U03541,R103,B26,A,VISUAL,INS02,NONE,0,2025-03-20 12:21:00,PLANT-SH-01,False
U03542,R103,B26,A,VISUAL,INS08,NONE,0,2025-03-20 12:21:00,PLANT-SH-01,False
U03543,R103,B26,A,VISUAL,INS07,CONTAMINATION,1,2025-03-20 12:21:00,PLANT-SH-01,False
U03544,R103,B26,A,VISUAL,INS07,EDGE,1,2025-03-20 12:21:00,PLANT-SH-01,False
U03545,R103,B26,A,VISUAL,INS07,NONE,0,2025-03-20 12:21:00,PLANT-SH-01,False
U03546,R103,B26,A,VISUAL,INS04,NONE,0,2025-03-20 12:21:00,PLANT-SH-01,False
U03547,R103,B26,A,XRAY,INS02,NONE,0,2025-03-20 12:21:00,PLANT-SH-01,False
U03548,R103,B26,A,XRAY,INS05,NONE,0,2025-03-20 12:21:00,PLANT-SH-01,False
U03549,R103,B26,A,VISUAL,INS03,NONE,0,2025-03-20 12:21:00,PLANT-SH-01,False
U03550,R103,B26,A,DIMENSION,INS01,NONE,0,2025-03-20 12:21:00,PLANT-SH-01,False
U03551,R103,B26,A,VISUAL,INS04,NONE,0,2025-03-20 12:21:00,PLANT-SH-01,False
U03552,R103,B26,A,VISUAL,INS03,NONE,0,2025-03-20 12:21:00,PLANT-SH-01,False
U03553,R103,B26,A,VISUAL,INS03,NONE,0,2025-03-20 12:21:00,PLANT-SH-01,False
U03554,R103,B26,A,VISUAL,INS05,NONE,0,2025-03-20 12:21:00,PLANT-SH-01,False
U03555,R103,B26,A,DIMENSION,INS05,NONE,0,2025-03-20 12:21:00,PLANT-SH-01,False
U03556,R103,B26,A,VISUAL,INS08,NONE,0,2025-03-20 12:21:00,PLANT-SH-01,False
U03557,R103,B26,A,VISUAL,INS05,NONE,0,2025-03-20 12:21:00,PLANT-SH-01,False
U03558,R103,B26,A,VISUAL,INS08,NONE,0,2025-03-20 12:21:00,PLANT-SH-01,False
U03559,R103,B26,A,VISUAL,INS05,NONE,0,2025-03-20 12:21:00,PLANT-SH-01,False
U03560,R103,B26,A,XRAY,INS01,NONE,0,2025-03-20 12:21:00,PLANT-SH-01,False
U03561,R103,B26,A,VISUAL,INS08,NONE,0,2025-03-20 12:21:00,PLANT-SH-01,False
U03562,R103,B26,A,VISUAL,INS02,PORE,1,2025-03-20 12:21:00,PLANT-SH-01,False
U03563,R103,B26,A,XRAY,INS04,NONE,0,2025-03-20 12:21:00,PLANT-SH-01,False
U03564,R103,B26,A,XRAY,INS02,NONE,0,2025-03-20 12:21:00,PLANT-SH-01,False
U03565,R103,B26,A,XRAY,INS08,NONE,0,2025-03-20 12:21:00,PLANT-SH-01,False
U03566,R103,B26,A,VISUAL,INS08,NONE,0,2025-03-20 12:21:00,PLANT-SH-01,False
U03567,R103,B26,A,XRAY,INS02,NONE,0,2025-03-20 12:21:00,PLANT-SH-01,False
U03568,R103,B26,A,VISUAL,INS06,NONE,0,2025-03-20 12:21:00,PLANT-SH-01,False
U03569,R103,B26,A,VISUAL,INS06,NONE,0,2025-03-20 12:21:00,PLANT-SH-01,False
U03570,R103,B26,A,VISUAL,INS08,NONE,0,2025-03-20 12:21:00,PLANT-SH-01,False
U03571,R103,B26,A,VISUAL,INS06,CONTAMINATION,1,2025-03-20 12:21:00,PLANT-SH-01,False
U03572,R103,B26,A,DIMENSION,INS01,NONE,0,2025-03-20 12:21:00,PLANT-SH-01,False
U03573,R103,B26,A,XRAY,INS02,PORE,1,2025-03-20 12:21:00,PLANT-SH-01,False
U03574,R103,B26,A,XRAY,INS01,NONE,0,2025-03-20 12:21:00,PLANT-SH-01,False
U03575,R104,B26,A,XRAY,INS08,NONE,0,2025-03-20 16:17:00,PLANT-SH-01,False
U03576,R104,B26,A,DIMENSION,INS04,NONE,0,2025-03-20 16:17:00,PLANT-SH-01,False
U03577,R104,B26,A,VISUAL,INS03,NONE,0,2025-03-20 16:17:00,PLANT-SH-01,False
U03578,R104,B26,A,VISUAL,INS03,NONE,0,2025-03-20 16:17:00,PLANT-SH-01,False
U03579,R104,B26,A,DIMENSION,INS03,NONE,0,2025-03-20 16:17:00,PLANT-SH-01,False
U03580,R104,B26,A,VISUAL,INS02,NONE,0,2025-03-20 16:17:00,PLANT-SH-01,False
U03581,R104,B26,A,XRAY,INS05,NONE,0,2025-03-20 16:17:00,PLANT-SH-01,False
U03582,R104,B26,A,DIMENSION,INS02,NONE,0,2025-03-20 16:17:00,PLANT-SH-01,False
U03583,R104,B26,A,XRAY,INS08,NONE,0,2025-03-20 16:17:00,PLANT-SH-01,False
U03584,R104,B26,A,VISUAL,INS07,NONE,0,2025-03-20 16:17:00,PLANT-SH-01,False
U03585,R104,B26,A,XRAY,INS02,NONE,0,2025-03-20 16:17:00,PLANT-SH-01,False
U03586,R104,B26,A,VISUAL,INS03,NONE,0,2025-03-20 16:17:00,PLANT-SH-01,False
U03587,R104,B26,A,VISUAL,INS01,NONE,0,2025-03-20 16:17:00,PLANT-SH-01,False
U03588,R104,B26,A,VISUAL,INS01,NONE,0,2025-03-20 16:17:00,PLANT-SH-01,False
U03589,R104,B26,A,XRAY,INS01,NONE,0,2025-03-20 16:17:00,PLANT-SH-01,False
U03590,R104,B26,A,VISUAL,INS07,NONE,0,2025-03-20 16:17:00,PLANT-SH-01,False
U03591,R104,B26,A,VISUAL,INS08,NONE,0,2025-03-20 16:17:00,PLANT-SH-01,False
U03592,R104,B26,A,XRAY,INS01,NONE,0,2025-03-20 16:17:00,PLANT-SH-01,False
U03593,R104,B26,A,VISUAL,INS04,NONE,0,2025-03-20 16:17:00,PLANT-SH-01,False
U03594,R104,B26,A,VISUAL,INS01,NONE,0,2025-03-20 16:17:00,PLANT-SH-01,False
U03595,R104,B26,A,XRAY,INS08,NONE,0,2025-03-20 16:17:00,PLANT-SH-01,False
U03596,R104,B26,A,VISUAL,INS06,NONE,0,2025-03-20 16:17:00,PLANT-SH-01,False
U03597,R104,B26,A,VISUAL,INS07,NONE,0,2025-03-20 16:17:00,PLANT-SH-01,False
U03598,R104,B26,A,XRAY,INS03,NONE,0,2025-03-20 16:17:00,PLANT-SH-01,False
U03599,R104,B26,A,XRAY,INS06,NONE,0,2025-03-20 16:17:00,PLANT-SH-01,False
U03600,R104,B26,A,XRAY,INS02,NONE,0,2025-03-20 16:17:00,PLANT-SH-01,False
U03601,R104,B26,A,VISUAL,INS08,NONE,0,2025-03-20 16:17:00,PLANT-SH-01,False
U03602,R104,B26,A,VISUAL,INS03,NONE,0,2025-03-20 16:17:00,PLANT-SH-01,False
U03603,R104,B26,A,DIMENSION,INS06,NONE,0,2025-03-20 16:17:00,PLANT-SH-01,False
U03604,R104,B26,A,VISUAL,INS02,NONE,0,2025-03-20 16:17:00,PLANT-SH-01,False
U03605,R104,B26,A,VISUAL,INS07,NONE,0,2025-03-20 16:17:00,PLANT-SH-01,False
U03606,R105,B27,B,VISUAL,INS05,NONE,0,2025-03-20 20:19:00,PLANT-SH-01,False
U03607,R105,B27,B,VISUAL,INS01,NONE,0,2025-03-20 20:19:00,PLANT-SH-01,False
U03608,R105,B27,B,XRAY,INS07,NONE,0,2025-03-20 20:19:00,PLANT-SH-01,False
U03609,R105,B27,B,VISUAL,INS06,NONE,0,2025-03-20 20:19:00,PLANT-SH-01,False
U03610,R105,B27,B,XRAY,INS07,NONE,0,2025-03-20 20:19:00,PLANT-SH-01,False
U03611,R105,B27,B,VISUAL,INS04,NONE,0,2025-03-20 20:19:00,PLANT-SH-01,False
U03612,R105,B27,B,VISUAL,INS03,NONE,0,2025-03-20 20:19:00,PLANT-SH-01,False
U03613,R105,B27,B,VISUAL,INS07,NONE,0,2025-03-20 20:19:00,PLANT-SH-01,False
U03614,R105,B27,B,XRAY,INS06,NONE,0,2025-03-20 20:19:00,PLANT-SH-01,False
U03615,R105,B27,B,VISUAL,INS03,NONE,0,2025-03-20 20:19:00,PLANT-SH-01,False
U03616,R105,B27,B,VISUAL,INS01,NONE,0,2025-03-20 20:19:00,PLANT-SH-01,False
U03617,R105,B27,B,XRAY,INS06,NONE,0,2025-03-20 20:19:00,PLANT-SH-01,False
U03618,R105,B27,B,VISUAL,INS01,NONE,0,2025-03-20 20:19:00,PLANT-SH-01,False
U03619,R105,B27,B,VISUAL,INS07,NONE,0,2025-03-20 20:19:00,PLANT-SH-01,False
U03620,R105,B27,B,VISUAL,INS03,NONE,0,2025-03-20 20:19:00,PLANT-SH-01,False
U03621,R105,B27,B,VISUAL,INS07,NONE,0,2025-03-20 20:19:00,PLANT-SH-01,False
U03622,R105,B27,B,VISUAL,INS04,NONE,0,2025-03-20 20:19:00,PLANT-SH-01,False
U03623,R105,B27,B,VISUAL,INS01,NONE,0,2025-03-20 20:19:00,PLANT-SH-01,False
U03624,R105,B27,B,VISUAL,INS06,NONE,0,2025-03-20 20:19:00,PLANT-SH-01,False
U03625,R105,B27,B,VISUAL,INS01,NONE,0,2025-03-20 20:19:00,PLANT-SH-01,False
U03626,R105,B27,B,VISUAL,INS02,NONE,0,2025-03-20 20:19:00,PLANT-SH-01,False
U03627,R105,B27,B,VISUAL,INS06,NONE,0,2025-03-20 20:19:00,PLANT-SH-01,False
U03628,R105,B27,B,XRAY,INS05,NONE,0,2025-03-20 20:19:00,PLANT-SH-01,False
U03629,R105,B27,B,VISUAL,INS02,NONE,0,2025-03-20 20:19:00,PLANT-SH-01,False
U03630,R105,B27,B,VISUAL,INS03,NONE,0,2025-03-20 20:19:00,PLANT-SH-01,False
U03631,R105,B27,B,XRAY,INS06,NONE,0,2025-03-20 20:19:00,PLANT-SH-01,False
U03632,R105,B27,B,VISUAL,INS05,NONE,0,2025-03-20 20:19:00,PLANT-SH-01,False
U03633,R105,B27,B,VISUAL,INS05,NONE,0,2025-03-20 20:19:00,PLANT-SH-01,False
U03634,R105,B27,B,VISUAL,INS03,NONE,0,2025-03-20 20:19:00,PLANT-SH-01,False
U03635,R105,B27,B,DIMENSION,INS06,NONE,0,2025-03-20 20:19:00,PLANT-SH-01,False
U03636,R106,B27,B,VISUAL,INS07,NONE,0,2025-03-21 01:09:00,PLANT-SH-01,False
U03637,R106,B27,B,XRAY,INS01,NONE,0,2025-03-21 01:09:00,PLANT-SH-01,False
U03638,R106,B27,B,XRAY,INS05,NONE,0,2025-03-21 01:09:00,PLANT-SH-01,False
U03639,R106,B27,B,DIMENSION,INS02,NONE,0,2025-03-21 01:09:00,PLANT-SH-01,False
U03640,R106,B27,B,DIMENSION,INS03,NONE,0,2025-03-21 01:09:00,PLANT-SH-01,False
U03641,R106,B27,B,XRAY,INS06,NONE,0,2025-03-21 01:09:00,PLANT-SH-01,False
U03642,R106,B27,B,XRAY,INS06,NONE,0,2025-03-21 01:09:00,PLANT-SH-01,False
U03643,R106,B27,B,XRAY,INS01,NONE,0,2025-03-21 01:09:00,PLANT-SH-01,False
U03644,R106,B27,B,VISUAL,INS08,NONE,0,2025-03-21 01:09:00,PLANT-SH-01,False
U03645,R106,B27,B,VISUAL,INS01,NONE,0,2025-03-21 01:09:00,PLANT-SH-01,False
U03646,R106,B27,B,XRAY,INS01,NONE,0,2025-03-21 01:09:00,PLANT-SH-01,False
U03647,R106,B27,B,VISUAL,INS05,NONE,0,2025-03-21 01:09:00,PLANT-SH-01,False
U03648,R106,B27,B,DIMENSION,INS08,NONE,0,2025-03-21 01:09:00,PLANT-SH-01,False
U03649,R106,B27,B,VISUAL,INS02,NONE,0,2025-03-21 01:09:00,PLANT-SH-01,False
U03650,R106,B27,B,VISUAL,INS04,NONE,0,2025-03-21 01:09:00,PLANT-SH-01,False
U03651,R106,B27,B,XRAY,INS02,NONE,0,2025-03-21 01:09:00,PLANT-SH-01,False
U03652,R106,B27,B,XRAY,INS08,NONE,0,2025-03-21 01:09:00,PLANT-SH-01,False
U03653,R106,B27,B,XRAY,INS01,NONE,0,2025-03-21 01:09:00,PLANT-SH-01,False
U03654,R106,B27,B,XRAY,INS07,NONE,0,2025-03-21 01:09:00,PLANT-SH-01,False
U03655,R106,B27,B,XRAY,INS05,NONE,0,2025-03-21 01:09:00,PLANT-SH-01,False
U03656,R106,B27,B,VISUAL,INS03,NONE,0,2025-03-21 01:09:00,PLANT-SH-01,False
U03657,R106,B27,B,VISUAL,INS02,NONE,0,2025-03-21 01:09:00,PLANT-SH-01,False
U03658,R106,B27,B,VISUAL,INS08,NONE,0,2025-03-21 01:09:00,PLANT-SH-01,False
U03659,R106,B27,B,VISUAL,INS02,NONE,0,2025-03-21 01:09:00,PLANT-SH-01,False
U03660,R106,B27,B,XRAY,INS04,NONE,0,2025-03-21 01:09:00,PLANT-SH-01,False
U03661,R106,B27,B,DIMENSION,INS06,NONE,0,2025-03-21 01:09:00,PLANT-SH-01,False
U03662,R106,B27,B,VISUAL,INS06,NONE,0,2025-03-21 01:09:00,PLANT-SH-01,False
U03663,R106,B27,B,VISUAL,INS05,NONE,0,2025-03-21 01:09:00,PLANT-SH-01,False
U03664,R106,B27,B,XRAY,INS02,NONE,0,2025-03-21 01:09:00,PLANT-SH-01,False
U03665,R106,B27,B,VISUAL,INS05,NONE,0,2025-03-21 01:09:00,PLANT-SH-01,False
U03666,R106,B27,B,VISUAL,INS08,NONE,0,2025-03-21 01:09:00,PLANT-SH-01,False
U03667,R106,B27,B,XRAY,INS06,NONE,0,2025-03-21 01:09:00,PLANT-SH-01,False
U03668,R106,B27,B,DIMENSION,INS06,NONE,0,2025-03-21 01:09:00,PLANT-SH-01,False
U03669,R107,B27,C,XRAY,INS08,NONE,0,2025-03-21 05:29:00,PLANT-SH-01,False
U03670,R107,B27,C,VISUAL,INS05,NONE,0,2025-03-21 05:29:00,PLANT-SH-01,False
U03671,R107,B27,C,XRAY,INS08,NONE,0,2025-03-21 05:29:00,PLANT-SH-01,False
U03672,R107,B27,C,VISUAL,INS03,NONE,0,2025-03-21 05:29:00,PLANT-SH-01,False
U03673,R107,B27,C,VISUAL,INS04,NONE,0,2025-03-21 05:29:00,PLANT-SH-01,False
U03674,R107,B27,C,XRAY,INS06,NONE,0,2025-03-21 05:29:00,PLANT-SH-01,False
U03675,R107,B27,C,VISUAL,INS01,NONE,0,2025-03-21 05:29:00,PLANT-SH-01,False
U03676,R107,B27,C,XRAY,INS05,NONE,0,2025-03-21 05:29:00,PLANT-SH-01,False
U03677,R107,B27,C,VISUAL,INS01,NONE,0,2025-03-21 05:29:00,PLANT-SH-01,False
U03678,R107,B27,C,VISUAL,INS03,NONE,0,2025-03-21 05:29:00,PLANT-SH-01,False
U03679,R107,B27,C,VISUAL,INS05,NONE,0,2025-03-21 05:29:00,PLANT-SH-01,False
U03680,R107,B27,C,DIMENSION,INS06,NONE,0,2025-03-21 05:29:00,PLANT-SH-01,False
U03681,R107,B27,C,VISUAL,INS06,NONE,0,2025-03-21 05:29:00,PLANT-SH-01,False
U03682,R107,B27,C,VISUAL,INS01,NONE,0,2025-03-21 05:29:00,PLANT-SH-01,False
U03683,R107,B27,C,VISUAL,INS07,NONE,0,2025-03-21 05:29:00,PLANT-SH-01,False
U03684,R107,B27,C,VISUAL,INS07,NONE,0,2025-03-21 05:29:00,PLANT-SH-01,False
U03685,R107,B27,C,XRAY,INS05,NONE,0,2025-03-21 05:29:00,PLANT-SH-01,False
U03686,R107,B27,C,VISUAL,INS01,NONE,0,2025-03-21 05:29:00,PLANT-SH-01,False
U03687,R107,B27,C,XRAY,INS08,NONE,0,2025-03-21 05:29:00,PLANT-SH-01,False
U03688,R107,B27,C,XRAY,INS08,NONE,0,2025-03-21 05:29:00,PLANT-SH-01,False
U03689,R107,B27,C,VISUAL,INS04,NONE,0,2025-03-21 05:29:00,PLANT-SH-01,False
U03690,R107,B27,C,VISUAL,INS08,NONE,0,2025-03-21 05:29:00,PLANT-SH-01,False
U03691,R107,B27,C,VISUAL,INS05,NONE,0,2025-03-21 05:29:00,PLANT-SH-01,False
U03692,R107,B27,C,VISUAL,INS05,NONE,0,2025-03-21 05:29:00,PLANT-SH-01,False
U03693,R107,B27,C,VISUAL,INS02,NONE,0,2025-03-21 05:29:00,PLANT-SH-01,False
U03694,R107,B27,C,XRAY,INS04,NONE,0,2025-03-21 05:29:00,PLANT-SH-01,False
U03695,R107,B27,C,VISUAL,INS04,NONE,0,2025-03-21 05:29:00,PLANT-SH-01,False
U03696,R107,B27,C,XRAY,INS04,NONE,0,2025-03-21 05:29:00,PLANT-SH-01,False
U03697,R107,B27,C,VISUAL,INS07,NONE,0,2025-03-21 05:29:00,PLANT-SH-01,False
U03698,R107,B27,C,XRAY,INS04,NONE,0,2025-03-21 05:29:00,PLANT-SH-01,False
U03699,R107,B27,C,VISUAL,INS04,NONE,0,2025-03-21 05:29:00,PLANT-SH-01,False
U03700,R107,B27,C,VISUAL,INS04,NONE,0,2025-03-21 05:29:00,PLANT-SH-01,False
U03701,R107,B27,C,XRAY,INS08,NONE,0,2025-03-21 05:29:00,PLANT-SH-01,False
U03702,R107,B27,C,VISUAL,INS08,NONE,0,2025-03-21 05:29:00,PLANT-SH-01,False
U03703,R107,B27,C,VISUAL,INS08,NONE,0,2025-03-21 05:29:00,PLANT-SH-01,False
U03704,R107,B27,C,VISUAL,INS07,NONE,0,2025-03-21 05:29:00,PLANT-SH-01,False
U03705,R108,B27,C,VISUAL,INS02,NONE,0,2025-03-21 08:09:00,PLANT-SH-01,False
U03706,R108,B27,C,VISUAL,INS01,NONE,0,2025-03-21 08:09:00,PLANT-SH-01,False
U03707,R108,B27,C,VISUAL,INS02,NONE,0,2025-03-21 08:09:00,PLANT-SH-01,False
U03708,R108,B27,C,VISUAL,INS06,NONE,0,2025-03-21 08:09:00,PLANT-SH-01,False
U03709,R108,B27,C,VISUAL,INS03,NONE,0,2025-03-21 08:09:00,PLANT-SH-01,False
U03710,R108,B27,C,VISUAL,INS07,NONE,0,2025-03-21 08:09:00,PLANT-SH-01,False
U03711,R108,B27,C,XRAY,INS07,NONE,0,2025-03-21 08:09:00,PLANT-SH-01,False
U03712,R108,B27,C,XRAY,INS01,CONTAMINATION,1,2025-03-21 08:09:00,PLANT-SH-01,False
U03713,R108,B27,C,VISUAL,INS05,NONE,0,2025-03-21 08:09:00,PLANT-SH-01,False
U03714,R108,B27,C,VISUAL,INS08,NONE,0,2025-03-21 08:09:00,PLANT-SH-01,False
U03715,R108,B27,C,VISUAL,INS07,NONE,0,2025-03-21 08:09:00,PLANT-SH-01,False
U03716,R108,B27,C,VISUAL,INS06,NONE,0,2025-03-21 08:09:00,PLANT-SH-01,False
U03717,R108,B27,C,VISUAL,INS02,NONE,0,2025-03-21 08:09:00,PLANT-SH-01,False
U03718,R108,B27,C,VISUAL,INS03,NONE,0,2025-03-21 08:09:00,PLANT-SH-01,False
U03719,R108,B27,C,XRAY,INS01,PORE,1,2025-03-21 08:09:00,PLANT-SH-01,False
U03720,R108,B27,C,VISUAL,INS01,NONE,0,2025-03-21 08:09:00,PLANT-SH-01,False
U03721,R108,B27,C,VISUAL,INS07,CONTAMINATION,1,2025-03-21 08:09:00,PLANT-SH-01,False
U03722,R108,B27,C,VISUAL,INS06,NONE,0,2025-03-21 08:09:00,PLANT-SH-01,False
U03723,R108,B27,C,VISUAL,INS06,NONE,0,2025-03-21 08:09:00,PLANT-SH-01,False
U03724,R108,B27,C,VISUAL,INS07,NONE,0,2025-03-21 08:09:00,PLANT-SH-01,False
U03725,R108,B27,C,VISUAL,INS05,NONE,0,2025-03-21 08:09:00,PLANT-SH-01,False
U03726,R108,B27,C,VISUAL,INS08,NONE,0,2025-03-21 08:09:00,PLANT-SH-01,False
U03727,R108,B27,C,VISUAL,INS05,NONE,0,2025-03-21 08:09:00,PLANT-SH-01,False
U03728,R108,B27,C,XRAY,INS02,NONE,0,2025-03-21 08:09:00,PLANT-SH-01,False
U03729,R108,B27,C,VISUAL,INS02,NONE,0,2025-03-21 08:09:00,PLANT-SH-01,False
U03730,R108,B27,C,VISUAL,INS08,NONE,0,2025-03-21 08:09:00,PLANT-SH-01,False
U03731,R108,B27,C,VISUAL,INS01,NONE,0,2025-03-21 08:09:00,PLANT-SH-01,False
U03732,R108,B27,C,VISUAL,INS05,PORE,1,2025-03-21 08:09:00,PLANT-SH-01,False
U03733,R108,B27,C,VISUAL,INS03,NONE,0,2025-03-21 08:09:00,PLANT-SH-01,False
U03734,R108,B27,C,VISUAL,INS04,NONE,0,2025-03-21 08:09:00,PLANT-SH-01,False
U03735,R108,B27,C,VISUAL,INS07,NONE,0,2025-03-21 08:09:00,PLANT-SH-01,False
U03736,R108,B27,C,XRAY,INS01,NONE,0,2025-03-21 08:09:00,PLANT-SH-01,False
U03737,R108,B27,C,VISUAL,INS02,NONE,0,2025-03-21 08:09:00,PLANT-SH-01,False
U03738,R109,B28,A,XRAY,INS01,DIMENSION,1,2025-03-21 12:26:00,PLANT-SH-01,False
U03739,R109,B28,A,VISUAL,INS07,CONTAMINATION,1,2025-03-21 12:26:00,PLANT-SH-01,False
U03740,R109,B28,A,VISUAL,INS05,DIMENSION,1,2025-03-21 12:26:00,PLANT-SH-01,False
U03741,R109,B28,A,VISUAL,INS03,CONTAMINATION,1,2025-03-21 12:26:00,PLANT-SH-01,False
U03742,R109,B28,A,XRAY,INS05,CONTAMINATION,1,2025-03-21 12:26:00,PLANT-SH-01,False
U03743,R109,B28,A,XRAY,INS04,PORE,1,2025-03-21 12:26:00,PLANT-SH-01,False
U03744,R109,B28,A,VISUAL,INS06,CONTAMINATION,1,2025-03-21 12:26:00,PLANT-SH-01,False
U03745,R109,B28,A,DIMENSION,INS02,PORE,1,2025-03-21 12:26:00,PLANT-SH-01,False
U03746,R109,B28,A,VISUAL,INS04,NONE,0,2025-03-21 12:26:00,PLANT-SH-01,False
U03747,R109,B28,A,VISUAL,INS06,EDGE,1,2025-03-21 12:26:00,PLANT-SH-01,False
U03748,R109,B28,A,VISUAL,INS07,CRACK,1,2025-03-21 12:26:00,PLANT-SH-01,False
U03749,R109,B28,A,VISUAL,INS06,PORE,1,2025-03-21 12:26:00,PLANT-SH-01,False
U03750,R109,B28,A,XRAY,INS07,PORE,1,2025-03-21 12:26:00,PLANT-SH-01,False
U03751,R109,B28,A,VISUAL,INS04,DIMENSION,1,2025-03-21 12:26:00,PLANT-SH-01,False
U03752,R109,B28,A,DIMENSION,INS05,PORE,1,2025-03-21 12:26:00,PLANT-SH-01,False
U03753,R109,B28,A,VISUAL,INS07,PORE,1,2025-03-21 12:26:00,PLANT-SH-01,False
U03754,R109,B28,A,XRAY,INS06,EDGE,1,2025-03-21 12:26:00,PLANT-SH-01,False
U03755,R109,B28,A,VISUAL,INS02,DIMENSION,1,2025-03-21 12:26:00,PLANT-SH-01,False
U03756,R109,B28,A,XRAY,INS04,PORE,1,2025-03-21 12:26:00,PLANT-SH-01,False
U03757,R109,B28,A,VISUAL,INS05,EDGE,1,2025-03-21 12:26:00,PLANT-SH-01,False
U03758,R109,B28,A,VISUAL,INS06,CONTAMINATION,1,2025-03-21 12:26:00,PLANT-SH-01,False
U03759,R109,B28,A,DIMENSION,INS03,EDGE,1,2025-03-21 12:26:00,PLANT-SH-01,False
U03760,R109,B28,A,XRAY,INS07,CONTAMINATION,1,2025-03-21 12:26:00,PLANT-SH-01,False
U03761,R109,B28,A,VISUAL,INS03,CONTAMINATION,1,2025-03-21 12:26:00,PLANT-SH-01,False
U03762,R109,B28,A,XRAY,INS02,DIMENSION,1,2025-03-21 12:26:00,PLANT-SH-01,False
U03763,R109,B28,A,VISUAL,INS01,EDGE,1,2025-03-21 12:26:00,PLANT-SH-01,False
U03764,R109,B28,A,XRAY,INS05,PORE,1,2025-03-21 12:26:00,PLANT-SH-01,False
U03765,R109,B28,A,VISUAL,INS05,DIMENSION,1,2025-03-21 12:26:00,PLANT-SH-01,False
U03766,R109,B28,A,VISUAL,INS02,PORE,1,2025-03-21 12:26:00,PLANT-SH-01,False
U03767,R109,B28,A,XRAY,INS07,CRACK,1,2025-03-21 12:26:00,PLANT-SH-01,False
U03768,R109,B28,A,XRAY,INS03,PORE,1,2025-03-21 12:26:00,PLANT-SH-01,False
U03769,R109,B28,A,VISUAL,INS05,CONTAMINATION,1,2025-03-21 12:26:00,PLANT-SH-01,False
U03770,R109,B28,A,VISUAL,INS07,CRACK,1,2025-03-21 12:26:00,PLANT-SH-01,False
U03771,R109,B28,A,DIMENSION,INS07,NONE,0,2025-03-21 12:26:00,PLANT-SH-01,False
U03772,R109,B28,A,VISUAL,INS08,CRACK,1,2025-03-21 12:26:00,PLANT-SH-01,False
U03773,R109,B28,A,XRAY,INS01,PORE,1,2025-03-21 12:26:00,PLANT-SH-01,False
U03774,R109,B28,A,VISUAL,INS06,PORE,1,2025-03-21 12:26:00,PLANT-SH-01,False
U03775,R110,B28,A,VISUAL,INS04,NONE,0,2025-03-21 16:16:00,PLANT-SH-01,False
U03776,R110,B28,A,VISUAL,INS08,NONE,0,2025-03-21 16:16:00,PLANT-SH-01,False
U03777,R110,B28,A,VISUAL,INS05,NONE,0,2025-03-21 16:16:00,PLANT-SH-01,False
U03778,R110,B28,A,XRAY,INS04,NONE,0,2025-03-21 16:16:00,PLANT-SH-01,False
U03779,R110,B28,A,VISUAL,INS03,NONE,0,2025-03-21 16:16:00,PLANT-SH-01,False
U03780,R110,B28,A,VISUAL,INS02,NONE,0,2025-03-21 16:16:00,PLANT-SH-01,False
U03781,R110,B28,A,VISUAL,INS01,CONTAMINATION,1,2025-03-21 16:16:00,PLANT-SH-01,False
U03782,R110,B28,A,VISUAL,INS01,NONE,0,2025-03-21 16:16:00,PLANT-SH-01,False
U03783,R110,B28,A,XRAY,INS08,NONE,0,2025-03-21 16:16:00,PLANT-SH-01,False
U03784,R110,B28,A,VISUAL,INS02,NONE,0,2025-03-21 16:16:00,PLANT-SH-01,False
U03785,R110,B28,A,XRAY,INS03,NONE,0,2025-03-21 16:16:00,PLANT-SH-01,False
U03786,R110,B28,A,VISUAL,INS02,NONE,0,2025-03-21 16:16:00,PLANT-SH-01,False
U03787,R110,B28,A,VISUAL,INS07,NONE,0,2025-03-21 16:16:00,PLANT-SH-01,False
U03788,R110,B28,A,VISUAL,INS01,NONE,0,2025-03-21 16:16:00,PLANT-SH-01,False
U03789,R110,B28,A,DIMENSION,INS07,NONE,0,2025-03-21 16:16:00,PLANT-SH-01,False
U03790,R110,B28,A,VISUAL,INS02,NONE,0,2025-03-21 16:16:00,PLANT-SH-01,False
U03791,R110,B28,A,DIMENSION,INS03,NONE,0,2025-03-21 16:16:00,PLANT-SH-01,False
U03792,R110,B28,A,XRAY,INS06,NONE,0,2025-03-21 16:16:00,PLANT-SH-01,False
U03793,R110,B28,A,DIMENSION,INS02,NONE,0,2025-03-21 16:16:00,PLANT-SH-01,False
U03794,R110,B28,A,VISUAL,INS02,NONE,0,2025-03-21 16:16:00,PLANT-SH-01,False
U03795,R110,B28,A,VISUAL,INS07,NONE,0,2025-03-21 16:16:00,PLANT-SH-01,False
U03796,R110,B28,A,VISUAL,INS04,NONE,0,2025-03-21 16:16:00,PLANT-SH-01,False
U03797,R110,B28,A,VISUAL,INS08,NONE,0,2025-03-21 16:16:00,PLANT-SH-01,False
U03798,R110,B28,A,VISUAL,INS05,CRACK,1,2025-03-21 16:16:00,PLANT-SH-01,False
U03799,R110,B28,A,XRAY,INS07,NONE,0,2025-03-21 16:16:00,PLANT-SH-01,False
U03800,R110,B28,A,XRAY,INS03,NONE,0,2025-03-21 16:16:00,PLANT-SH-01,False
U03801,R110,B28,A,XRAY,INS04,NONE,0,2025-03-21 16:16:00,PLANT-SH-01,False
U03802,R110,B28,A,XRAY,INS08,NONE,0,2025-03-21 16:16:00,PLANT-SH-01,False
U03803,R110,B28,A,VISUAL,INS01,NONE,0,2025-03-21 16:16:00,PLANT-SH-01,False
U03804,R110,B28,A,VISUAL,INS01,NONE,0,2025-03-21 16:16:00,PLANT-SH-01,False
U03805,R110,B28,A,VISUAL,INS06,NONE,0,2025-03-21 16:16:00,PLANT-SH-01,False
U03806,R110,B28,A,VISUAL,INS05,NONE,0,2025-03-21 16:16:00,PLANT-SH-01,False
U03807,R110,B28,A,XRAY,INS04,NONE,0,2025-03-21 16:16:00,PLANT-SH-01,False
U03808,R110,B28,A,XRAY,INS02,NONE,0,2025-03-21 16:16:00,PLANT-SH-01,False
U03809,R110,B28,A,VISUAL,INS07,NONE,0,2025-03-21 16:16:00,PLANT-SH-01,False
U03810,R110,B28,A,VISUAL,INS08,NONE,0,2025-03-21 16:16:00,PLANT-SH-01,False
U03811,R111,B28,B,XRAY,INS03,NONE,0,2025-03-21 21:16:00,PLANT-SH-01,False
U03812,R111,B28,B,VISUAL,INS04,NONE,0,2025-03-21 21:16:00,PLANT-SH-01,False
U03813,R111,B28,B,DIMENSION,INS08,NONE,0,2025-03-21 21:16:00,PLANT-SH-01,False
U03814,R111,B28,B,VISUAL,INS04,NONE,0,2025-03-21 21:16:00,PLANT-SH-01,False
U03815,R111,B28,B,XRAY,INS04,DIMENSION,1,2025-03-21 21:16:00,PLANT-SH-01,False
U03816,R111,B28,B,VISUAL,INS01,NONE,0,2025-03-21 21:16:00,PLANT-SH-01,False
U03817,R111,B28,B,VISUAL,INS06,NONE,0,2025-03-21 21:16:00,PLANT-SH-01,False
U03818,R111,B28,B,VISUAL,INS07,NONE,0,2025-03-21 21:16:00,PLANT-SH-01,False
U03819,R111,B28,B,VISUAL,INS01,NONE,0,2025-03-21 21:16:00,PLANT-SH-01,False
U03820,R111,B28,B,XRAY,INS08,NONE,0,2025-03-21 21:16:00,PLANT-SH-01,False
U03821,R111,B28,B,VISUAL,INS03,NONE,0,2025-03-21 21:16:00,PLANT-SH-01,False
U03822,R111,B28,B,VISUAL,INS07,NONE,0,2025-03-21 21:16:00,PLANT-SH-01,False
U03823,R111,B28,B,XRAY,INS01,NONE,0,2025-03-21 21:16:00,PLANT-SH-01,False
U03824,R111,B28,B,DIMENSION,INS06,NONE,0,2025-03-21 21:16:00,PLANT-SH-01,False
U03825,R111,B28,B,VISUAL,INS04,NONE,0,2025-03-21 21:16:00,PLANT-SH-01,False
U03826,R111,B28,B,VISUAL,INS03,NONE,0,2025-03-21 21:16:00,PLANT-SH-01,False
U03827,R111,B28,B,VISUAL,INS02,NONE,0,2025-03-21 21:16:00,PLANT-SH-01,False
U03828,R111,B28,B,XRAY,INS04,NONE,0,2025-03-21 21:16:00,PLANT-SH-01,False
U03829,R111,B28,B,VISUAL,INS08,NONE,0,2025-03-21 21:16:00,PLANT-SH-01,False
U03830,R111,B28,B,DIMENSION,INS01,NONE,0,2025-03-21 21:16:00,PLANT-SH-01,False
U03831,R111,B28,B,VISUAL,INS01,NONE,0,2025-03-21 21:16:00,PLANT-SH-01,False
U03832,R111,B28,B,VISUAL,INS04,NONE,0,2025-03-21 21:16:00,PLANT-SH-01,False
U03833,R111,B28,B,VISUAL,INS02,NONE,0,2025-03-21 21:16:00,PLANT-SH-01,False
U03834,R111,B28,B,XRAY,INS03,NONE,0,2025-03-21 21:16:00,PLANT-SH-01,False
U03835,R111,B28,B,VISUAL,INS07,NONE,0,2025-03-21 21:16:00,PLANT-SH-01,False
U03836,R111,B28,B,DIMENSION,INS05,NONE,0,2025-03-21 21:16:00,PLANT-SH-01,False
U03837,R111,B28,B,DIMENSION,INS07,NONE,0,2025-03-21 21:16:00,PLANT-SH-01,False
U03838,R111,B28,B,VISUAL,INS08,NONE,0,2025-03-21 21:16:00,PLANT-SH-01,False
U03839,R111,B28,B,VISUAL,INS04,NONE,0,2025-03-21 21:16:00,PLANT-SH-01,False
U03840,R111,B28,B,XRAY,INS03,NONE,0,2025-03-21 21:16:00,PLANT-SH-01,False
U03841,R111,B28,B,VISUAL,INS02,NONE,0,2025-03-21 21:16:00,PLANT-SH-01,False
U03842,R112,B28,B,VISUAL,INS03,NONE,0,2025-03-22 01:16:00,PLANT-SH-01,False
U03843,R112,B28,B,VISUAL,INS04,NONE,0,2025-03-22 01:16:00,PLANT-SH-01,False
U03844,R112,B28,B,XRAY,INS06,NONE,0,2025-03-22 01:16:00,PLANT-SH-01,False
U03845,R112,B28,B,VISUAL,INS02,NONE,0,2025-03-22 01:16:00,PLANT-SH-01,False
U03846,R112,B28,B,XRAY,INS04,NONE,0,2025-03-22 01:16:00,PLANT-SH-01,False
U03847,R112,B28,B,VISUAL,INS07,NONE,0,2025-03-22 01:16:00,PLANT-SH-01,False
U03848,R112,B28,B,DIMENSION,INS05,NONE,0,2025-03-22 01:16:00,PLANT-SH-01,False
U03849,R112,B28,B,VISUAL,INS08,NONE,0,2025-03-22 01:16:00,PLANT-SH-01,False
U03850,R112,B28,B,VISUAL,INS02,NONE,0,2025-03-22 01:16:00,PLANT-SH-01,False
U03851,R112,B28,B,XRAY,INS08,NONE,0,2025-03-22 01:16:00,PLANT-SH-01,False
U03852,R112,B28,B,VISUAL,INS07,NONE,0,2025-03-22 01:16:00,PLANT-SH-01,False
U03853,R112,B28,B,VISUAL,INS06,NONE,0,2025-03-22 01:16:00,PLANT-SH-01,False
U03854,R112,B28,B,VISUAL,INS08,NONE,0,2025-03-22 01:16:00,PLANT-SH-01,False
U03855,R112,B28,B,VISUAL,INS06,NONE,0,2025-03-22 01:16:00,PLANT-SH-01,False
U03856,R112,B28,B,XRAY,INS02,NONE,0,2025-03-22 01:16:00,PLANT-SH-01,False
U03857,R112,B28,B,DIMENSION,INS06,NONE,0,2025-03-22 01:16:00,PLANT-SH-01,False
U03858,R112,B28,B,VISUAL,INS06,NONE,0,2025-03-22 01:16:00,PLANT-SH-01,False
U03859,R112,B28,B,VISUAL,INS04,NONE,0,2025-03-22 01:16:00,PLANT-SH-01,False
U03860,R112,B28,B,VISUAL,INS08,NONE,0,2025-03-22 01:16:00,PLANT-SH-01,False
U03861,R112,B28,B,DIMENSION,INS01,NONE,0,2025-03-22 01:16:00,PLANT-SH-01,False
U03862,R112,B28,B,XRAY,INS02,NONE,0,2025-03-22 01:16:00,PLANT-SH-01,False
U03863,R112,B28,B,XRAY,INS07,NONE,0,2025-03-22 01:16:00,PLANT-SH-01,False
U03864,R112,B28,B,DIMENSION,INS04,NONE,0,2025-03-22 01:16:00,PLANT-SH-01,False
U03865,R112,B28,B,VISUAL,INS01,NONE,0,2025-03-22 01:16:00,PLANT-SH-01,False
U03866,R112,B28,B,XRAY,INS07,NONE,0,2025-03-22 01:16:00,PLANT-SH-01,False
U03867,R112,B28,B,VISUAL,INS07,NONE,0,2025-03-22 01:16:00,PLANT-SH-01,False
U03868,R112,B28,B,VISUAL,INS04,NONE,0,2025-03-22 01:16:00,PLANT-SH-01,False
U03869,R112,B28,B,VISUAL,INS05,NONE,0,2025-03-22 01:16:00,PLANT-SH-01,False
U03870,R112,B28,B,XRAY,INS01,NONE,0,2025-03-22 01:16:00,PLANT-SH-01,False
U03871,R112,B28,B,XRAY,INS01,NONE,0,2025-03-22 01:16:00,PLANT-SH-01,False
U03872,R112,B28,B,XRAY,INS06,NONE,0,2025-03-22 01:16:00,PLANT-SH-01,False
U03873,R112,B28,B,VISUAL,INS07,NONE,0,2025-03-22 01:16:00,PLANT-SH-01,False
U03874,R112,B28,B,DIMENSION,INS05,NONE,0,2025-03-22 01:16:00,PLANT-SH-01,False
U03875,R112,B28,B,VISUAL,INS02,NONE,0,2025-03-22 01:16:00,PLANT-SH-01,False
U03876,R112,B28,B,VISUAL,INS08,PORE,1,2025-03-22 01:16:00,PLANT-SH-01,False
U03877,R112,B28,B,VISUAL,INS05,NONE,0,2025-03-22 01:16:00,PLANT-SH-01,False
U03878,R112,B28,B,VISUAL,INS07,NONE,0,2025-03-22 01:16:00,PLANT-SH-01,False
U03879,R113,B29,C,VISUAL,INS02,NONE,0,2025-03-22 04:42:00,PLANT-SH-01,False
U03880,R113,B29,C,DIMENSION,INS08,EDGE,1,2025-03-22 04:42:00,PLANT-SH-01,False
U03881,R113,B29,C,XRAY,INS04,NONE,0,2025-03-22 04:42:00,PLANT-SH-01,False
U03882,R113,B29,C,DIMENSION,INS02,NONE,0,2025-03-22 04:42:00,PLANT-SH-01,False
U03883,R113,B29,C,VISUAL,INS07,CRACK,1,2025-03-22 04:42:00,PLANT-SH-01,False
U03884,R113,B29,C,VISUAL,INS06,NONE,0,2025-03-22 04:42:00,PLANT-SH-01,False
U03885,R113,B29,C,XRAY,INS07,PORE,1,2025-03-22 04:42:00,PLANT-SH-01,False
U03886,R113,B29,C,DIMENSION,INS04,PORE,1,2025-03-22 04:42:00,PLANT-SH-01,False
U03887,R113,B29,C,VISUAL,INS07,EDGE,1,2025-03-22 04:42:00,PLANT-SH-01,False
U03888,R113,B29,C,VISUAL,INS04,NONE,0,2025-03-22 04:42:00,PLANT-SH-01,False
U03889,R113,B29,C,XRAY,INS01,NONE,0,2025-03-22 04:42:00,PLANT-SH-01,False
U03890,R113,B29,C,VISUAL,INS01,DIMENSION,1,2025-03-22 04:42:00,PLANT-SH-01,False
U03891,R113,B29,C,XRAY,INS08,NONE,0,2025-03-22 04:42:00,PLANT-SH-01,False
U03892,R113,B29,C,DIMENSION,INS07,CRACK,1,2025-03-22 04:42:00,PLANT-SH-01,False
U03893,R113,B29,C,VISUAL,INS02,NONE,0,2025-03-22 04:42:00,PLANT-SH-01,False
U03894,R113,B29,C,VISUAL,INS05,NONE,0,2025-03-22 04:42:00,PLANT-SH-01,False
U03895,R113,B29,C,XRAY,INS07,NONE,0,2025-03-22 04:42:00,PLANT-SH-01,False
U03896,R113,B29,C,VISUAL,INS02,PORE,1,2025-03-22 04:42:00,PLANT-SH-01,False
U03897,R113,B29,C,DIMENSION,INS07,DIMENSION,1,2025-03-22 04:42:00,PLANT-SH-01,False
U03898,R113,B29,C,XRAY,INS02,CRACK,1,2025-03-22 04:42:00,PLANT-SH-01,False
U03899,R113,B29,C,VISUAL,INS01,PORE,1,2025-03-22 04:42:00,PLANT-SH-01,False
U03900,R113,B29,C,VISUAL,INS03,EDGE,1,2025-03-22 04:42:00,PLANT-SH-01,False
U03901,R113,B29,C,VISUAL,INS02,CRACK,1,2025-03-22 04:42:00,PLANT-SH-01,False
U03902,R113,B29,C,DIMENSION,INS03,NONE,0,2025-03-22 04:42:00,PLANT-SH-01,False
U03903,R113,B29,C,VISUAL,INS05,NONE,0,2025-03-22 04:42:00,PLANT-SH-01,False
U03904,R113,B29,C,VISUAL,INS06,NONE,0,2025-03-22 04:42:00,PLANT-SH-01,False
U03905,R113,B29,C,VISUAL,INS06,CONTAMINATION,1,2025-03-22 04:42:00,PLANT-SH-01,False
U03906,R113,B29,C,VISUAL,INS02,PORE,1,2025-03-22 04:42:00,PLANT-SH-01,False
U03907,R113,B29,C,XRAY,INS04,NONE,0,2025-03-22 04:42:00,PLANT-SH-01,False
U03908,R113,B29,C,XRAY,INS02,CRACK,1,2025-03-22 04:42:00,PLANT-SH-01,False
U03909,R113,B29,C,XRAY,INS08,CONTAMINATION,1,2025-03-22 04:42:00,PLANT-SH-01,False
U03910,R113,B29,C,VISUAL,INS07,CRACK,1,2025-03-22 04:42:00,PLANT-SH-01,False
U03911,R113,B29,C,VISUAL,INS04,NONE,0,2025-03-22 04:42:00,PLANT-SH-01,False
U03912,R113,B29,C,XRAY,INS07,NONE,0,2025-03-22 04:42:00,PLANT-SH-01,False
U03913,R113,B29,C,VISUAL,INS03,NONE,0,2025-03-22 04:42:00,PLANT-SH-01,False
U03914,R113,B29,C,VISUAL,INS05,NONE,0,2025-03-22 04:42:00,PLANT-SH-01,False
U03915,R113,B29,C,VISUAL,INS01,NONE,0,2025-03-22 04:42:00,PLANT-SH-01,False
U03916,R113,B29,C,XRAY,INS02,NONE,0,2025-03-22 04:42:00,PLANT-SH-01,False
U03917,R113,B29,C,VISUAL,INS01,NONE,0,2025-03-22 04:42:00,PLANT-SH-01,False
U03918,R114,B29,C,VISUAL,INS02,EDGE,1,2025-03-22 09:15:00,PLANT-SH-01,False
U03919,R114,B29,C,XRAY,INS02,NONE,0,2025-03-22 09:15:00,PLANT-SH-01,False
U03920,R114,B29,C,VISUAL,INS04,DIMENSION,1,2025-03-22 09:15:00,PLANT-SH-01,False
U03921,R114,B29,C,VISUAL,INS01,NONE,0,2025-03-22 09:15:00,PLANT-SH-01,False
U03922,R114,B29,C,VISUAL,INS08,NONE,0,2025-03-22 09:15:00,PLANT-SH-01,False
U03923,R114,B29,C,VISUAL,INS08,DIMENSION,1,2025-03-22 09:15:00,PLANT-SH-01,False
U03924,R114,B29,C,DIMENSION,INS02,CRACK,1,2025-03-22 09:15:00,PLANT-SH-01,False
U03925,R114,B29,C,VISUAL,INS04,PORE,1,2025-03-22 09:15:00,PLANT-SH-01,False
U03926,R114,B29,C,VISUAL,INS08,PORE,1,2025-03-22 09:15:00,PLANT-SH-01,False
U03927,R114,B29,C,VISUAL,INS08,NONE,0,2025-03-22 09:15:00,PLANT-SH-01,False
U03928,R114,B29,C,VISUAL,INS03,CONTAMINATION,1,2025-03-22 09:15:00,PLANT-SH-01,False
U03929,R114,B29,C,XRAY,INS04,NONE,0,2025-03-22 09:15:00,PLANT-SH-01,False
U03930,R114,B29,C,XRAY,INS05,PORE,1,2025-03-22 09:15:00,PLANT-SH-01,False
U03931,R114,B29,C,VISUAL,INS04,DIMENSION,1,2025-03-22 09:15:00,PLANT-SH-01,False
U03932,R114,B29,C,XRAY,INS02,NONE,0,2025-03-22 09:15:00,PLANT-SH-01,False
U03933,R114,B29,C,VISUAL,INS02,CRACK,1,2025-03-22 09:15:00,PLANT-SH-01,False
U03934,R114,B29,C,VISUAL,INS08,PORE,1,2025-03-22 09:15:00,PLANT-SH-01,False
U03935,R114,B29,C,VISUAL,INS08,CONTAMINATION,1,2025-03-22 09:15:00,PLANT-SH-01,False
U03936,R114,B29,C,VISUAL,INS02,PORE,1,2025-03-22 09:15:00,PLANT-SH-01,False
U03937,R114,B29,C,VISUAL,INS05,EDGE,1,2025-03-22 09:15:00,PLANT-SH-01,False
U03938,R114,B29,C,VISUAL,INS02,CONTAMINATION,1,2025-03-22 09:15:00,PLANT-SH-01,False
U03939,R114,B29,C,DIMENSION,INS07,PORE,1,2025-03-22 09:15:00,PLANT-SH-01,False
U03940,R114,B29,C,XRAY,INS07,DIMENSION,1,2025-03-22 09:15:00,PLANT-SH-01,False
U03941,R114,B29,C,VISUAL,INS07,PORE,1,2025-03-22 09:15:00,PLANT-SH-01,False
U03942,R114,B29,C,VISUAL,INS03,CONTAMINATION,1,2025-03-22 09:15:00,PLANT-SH-01,False
U03943,R114,B29,C,DIMENSION,INS02,NONE,0,2025-03-22 09:15:00,PLANT-SH-01,False
U03944,R114,B29,C,VISUAL,INS07,DIMENSION,1,2025-03-22 09:15:00,PLANT-SH-01,False
U03945,R114,B29,C,XRAY,INS07,DIMENSION,1,2025-03-22 09:15:00,PLANT-SH-01,False
U03946,R114,B29,C,XRAY,INS07,DIMENSION,1,2025-03-22 09:15:00,PLANT-SH-01,False
U03947,R114,B29,C,XRAY,INS01,NONE,0,2025-03-22 09:15:00,PLANT-SH-01,False
U03948,R114,B29,C,XRAY,INS02,DIMENSION,1,2025-03-22 09:15:00,PLANT-SH-01,False
U03949,R114,B29,C,XRAY,INS08,NONE,0,2025-03-22 09:15:00,PLANT-SH-01,False
U03950,R114,B29,C,VISUAL,INS05,DIMENSION,1,2025-03-22 09:15:00,PLANT-SH-01,False
U03951,R115,B29,A,VISUAL,INS03,NONE,0,2025-03-22 12:53:00,PLANT-SH-01,False
U03952,R115,B29,A,XRAY,INS01,NONE,0,2025-03-22 12:53:00,PLANT-SH-01,False
U03953,R115,B29,A,XRAY,INS01,DIMENSION,1,2025-03-22 12:53:00,PLANT-SH-01,False
U03954,R115,B29,A,DIMENSION,INS02,CRACK,1,2025-03-22 12:53:00,PLANT-SH-01,False
U03955,R115,B29,A,DIMENSION,INS02,NONE,0,2025-03-22 12:53:00,PLANT-SH-01,False
U03956,R115,B29,A,VISUAL,INS07,PORE,1,2025-03-22 12:53:00,PLANT-SH-01,False
U03957,R115,B29,A,DIMENSION,INS04,PORE,1,2025-03-22 12:53:00,PLANT-SH-01,False
U03958,R115,B29,A,XRAY,INS01,EDGE,1,2025-03-22 12:53:00,PLANT-SH-01,False
U03959,R115,B29,A,DIMENSION,INS01,NONE,0,2025-03-22 12:53:00,PLANT-SH-01,False
U03960,R115,B29,A,VISUAL,INS06,DIMENSION,1,2025-03-22 12:53:00,PLANT-SH-01,False
U03961,R115,B29,A,VISUAL,INS04,NONE,0,2025-03-22 12:53:00,PLANT-SH-01,False
U03962,R115,B29,A,XRAY,INS02,NONE,0,2025-03-22 12:53:00,PLANT-SH-01,False
U03963,R115,B29,A,VISUAL,INS07,DIMENSION,1,2025-03-22 12:53:00,PLANT-SH-01,False
U03964,R115,B29,A,XRAY,INS02,NONE,0,2025-03-22 12:53:00,PLANT-SH-01,False
U03965,R115,B29,A,VISUAL,INS01,DIMENSION,1,2025-03-22 12:53:00,PLANT-SH-01,False
U03966,R115,B29,A,VISUAL,INS06,DIMENSION,1,2025-03-22 12:53:00,PLANT-SH-01,False
U03967,R115,B29,A,XRAY,INS02,PORE,1,2025-03-22 12:53:00,PLANT-SH-01,False
U03968,R115,B29,A,XRAY,INS08,NONE,0,2025-03-22 12:53:00,PLANT-SH-01,False
U03969,R115,B29,A,VISUAL,INS08,NONE,0,2025-03-22 12:53:00,PLANT-SH-01,False
U03970,R115,B29,A,XRAY,INS01,PORE,1,2025-03-22 12:53:00,PLANT-SH-01,False
U03971,R115,B29,A,XRAY,INS06,CRACK,1,2025-03-22 12:53:00,PLANT-SH-01,False
U03972,R115,B29,A,VISUAL,INS07,NONE,0,2025-03-22 12:53:00,PLANT-SH-01,False
U03973,R115,B29,A,VISUAL,INS01,CRACK,1,2025-03-22 12:53:00,PLANT-SH-01,False
U03974,R115,B29,A,XRAY,INS03,NONE,0,2025-03-22 12:53:00,PLANT-SH-01,False
U03975,R115,B29,A,VISUAL,INS07,NONE,0,2025-03-22 12:53:00,PLANT-SH-01,False
U03976,R115,B29,A,XRAY,INS02,EDGE,1,2025-03-22 12:53:00,PLANT-SH-01,False
U03977,R115,B29,A,VISUAL,INS05,NONE,0,2025-03-22 12:53:00,PLANT-SH-01,False
U03978,R115,B29,A,XRAY,INS08,CONTAMINATION,1,2025-03-22 12:53:00,PLANT-SH-01,False
U03979,R115,B29,A,XRAY,INS06,CONTAMINATION,1,2025-03-22 12:53:00,PLANT-SH-01,False
U03980,R115,B29,A,DIMENSION,INS08,CRACK,1,2025-03-22 12:53:00,PLANT-SH-01,False
U03981,R115,B29,A,XRAY,INS01,NONE,0,2025-03-22 12:53:00,PLANT-SH-01,False
U03982,R115,B29,A,XRAY,INS01,NONE,0,2025-03-22 12:53:00,PLANT-SH-01,False
U03983,R115,B29,A,VISUAL,INS02,DIMENSION,1,2025-03-22 12:53:00,PLANT-SH-01,False
U03984,R115,B29,A,XRAY,INS01,NONE,0,2025-03-22 12:53:00,PLANT-SH-01,False
U03985,R115,B29,A,DIMENSION,INS03,NONE,0,2025-03-22 12:53:00,PLANT-SH-01,False
U03986,R115,B29,A,XRAY,INS06,PORE,1,2025-03-22 12:53:00,PLANT-SH-01,False
U03987,R116,B29,A,VISUAL,INS04,CRACK,1,2025-03-22 16:35:00,PLANT-SH-01,False
U03988,R116,B29,A,VISUAL,INS08,NONE,0,2025-03-22 16:35:00,PLANT-SH-01,False
U03989,R116,B29,A,VISUAL,INS05,NONE,0,2025-03-22 16:35:00,PLANT-SH-01,False
U03990,R116,B29,A,VISUAL,INS06,NONE,0,2025-03-22 16:35:00,PLANT-SH-01,False
U03991,R116,B29,A,VISUAL,INS02,NONE,0,2025-03-22 16:35:00,PLANT-SH-01,False
U03992,R116,B29,A,VISUAL,INS07,NONE,0,2025-03-22 16:35:00,PLANT-SH-01,False
U03993,R116,B29,A,XRAY,INS05,NONE,0,2025-03-22 16:35:00,PLANT-SH-01,False
U03994,R116,B29,A,VISUAL,INS05,PORE,1,2025-03-22 16:35:00,PLANT-SH-01,False
U03995,R116,B29,A,VISUAL,INS03,NONE,0,2025-03-22 16:35:00,PLANT-SH-01,False
U03996,R116,B29,A,VISUAL,INS02,NONE,0,2025-03-22 16:35:00,PLANT-SH-01,False
U03997,R116,B29,A,VISUAL,INS03,NONE,0,2025-03-22 16:35:00,PLANT-SH-01,False
U03998,R116,B29,A,XRAY,INS03,NONE,0,2025-03-22 16:35:00,PLANT-SH-01,False
U03999,R116,B29,A,VISUAL,INS07,NONE,0,2025-03-22 16:35:00,PLANT-SH-01,False
U04000,R116,B29,A,VISUAL,INS06,NONE,0,2025-03-22 16:35:00,PLANT-SH-01,False
U04001,R116,B29,A,XRAY,INS05,NONE,0,2025-03-22 16:35:00,PLANT-SH-01,False
U04002,R116,B29,A,XRAY,INS02,NONE,0,2025-03-22 16:35:00,PLANT-SH-01,False
U04003,R116,B29,A,XRAY,INS03,NONE,0,2025-03-22 16:35:00,PLANT-SH-01,False
U04004,R116,B29,A,VISUAL,INS05,NONE,0,2025-03-22 16:35:00,PLANT-SH-01,False
U04005,R116,B29,A,VISUAL,INS03,NONE,0,2025-03-22 16:35:00,PLANT-SH-01,False
U04006,R116,B29,A,VISUAL,INS04,NONE,0,2025-03-22 16:35:00,PLANT-SH-01,False
U04007,R116,B29,A,VISUAL,INS03,NONE,0,2025-03-22 16:35:00,PLANT-SH-01,False
U04008,R116,B29,A,DIMENSION,INS08,NONE,0,2025-03-22 16:35:00,PLANT-SH-01,False
U04009,R116,B29,A,VISUAL,INS04,CONTAMINATION,1,2025-03-22 16:35:00,PLANT-SH-01,False
U04010,R116,B29,A,XRAY,INS01,NONE,0,2025-03-22 16:35:00,PLANT-SH-01,False
U04011,R116,B29,A,DIMENSION,INS02,NONE,0,2025-03-22 16:35:00,PLANT-SH-01,False
U04012,R116,B29,A,VISUAL,INS06,NONE,0,2025-03-22 16:35:00,PLANT-SH-01,False
U04013,R116,B29,A,XRAY,INS02,NONE,0,2025-03-22 16:35:00,PLANT-SH-01,False
U04014,R116,B29,A,VISUAL,INS04,NONE,0,2025-03-22 16:35:00,PLANT-SH-01,False
U04015,R116,B29,A,VISUAL,INS06,NONE,0,2025-03-22 16:35:00,PLANT-SH-01,False
U04016,R116,B29,A,VISUAL,INS02,NONE,0,2025-03-22 16:35:00,PLANT-SH-01,False
U04017,R116,B29,A,DIMENSION,INS07,NONE,0,2025-03-22 16:35:00,PLANT-SH-01,False
U04018,R116,B29,A,VISUAL,INS06,NONE,0,2025-03-22 16:35:00,PLANT-SH-01,False
U04019,R116,B29,A,VISUAL,INS04,NONE,0,2025-03-22 16:35:00,PLANT-SH-01,False
U04020,R116,B29,A,VISUAL,INS01,NONE,0,2025-03-22 16:35:00,PLANT-SH-01,False
U04021,R116,B29,A,VISUAL,INS04,PORE,1,2025-03-22 16:35:00,PLANT-SH-01,False
U04022,R116,B29,A,VISUAL,INS01,NONE,0,2025-03-22 16:35:00,PLANT-SH-01,False
U04023,R116,B29,A,VISUAL,INS04,NONE,0,2025-03-22 16:35:00,PLANT-SH-01,False
U04024,R116,B29,A,VISUAL,INS07,NONE,0,2025-03-22 16:35:00,PLANT-SH-01,False
U04025,R116,B29,A,VISUAL,INS01,NONE,0,2025-03-22 16:35:00,PLANT-SH-01,False
U04026,R117,B30,B,VISUAL,INS03,NONE,0,2025-03-22 21:22:00,PLANT-SH-01,False
U04027,R117,B30,B,VISUAL,INS06,NONE,0,2025-03-22 21:22:00,PLANT-SH-01,False
U04028,R117,B30,B,VISUAL,INS04,NONE,0,2025-03-22 21:22:00,PLANT-SH-01,False
U04029,R117,B30,B,DIMENSION,INS04,NONE,0,2025-03-22 21:22:00,PLANT-SH-01,False
U04030,R117,B30,B,XRAY,INS04,NONE,0,2025-03-22 21:22:00,PLANT-SH-01,False
U04031,R117,B30,B,XRAY,INS08,NONE,0,2025-03-22 21:22:00,PLANT-SH-01,False
U04032,R117,B30,B,XRAY,INS02,NONE,0,2025-03-22 21:22:00,PLANT-SH-01,False
U04033,R117,B30,B,XRAY,INS03,NONE,0,2025-03-22 21:22:00,PLANT-SH-01,False
U04034,R117,B30,B,XRAY,INS01,NONE,0,2025-03-22 21:22:00,PLANT-SH-01,False
U04035,R117,B30,B,VISUAL,INS02,NONE,0,2025-03-22 21:22:00,PLANT-SH-01,False
U04036,R117,B30,B,VISUAL,INS06,NONE,0,2025-03-22 21:22:00,PLANT-SH-01,False
U04037,R117,B30,B,DIMENSION,INS08,NONE,0,2025-03-22 21:22:00,PLANT-SH-01,False
U04038,R117,B30,B,VISUAL,INS03,NONE,0,2025-03-22 21:22:00,PLANT-SH-01,False
U04039,R117,B30,B,DIMENSION,INS02,NONE,0,2025-03-22 21:22:00,PLANT-SH-01,False
U04040,R117,B30,B,XRAY,INS02,NONE,0,2025-03-22 21:22:00,PLANT-SH-01,False
U04041,R117,B30,B,XRAY,INS08,NONE,0,2025-03-22 21:22:00,PLANT-SH-01,False
U04042,R117,B30,B,XRAY,INS06,NONE,0,2025-03-22 21:22:00,PLANT-SH-01,False
U04043,R117,B30,B,VISUAL,INS04,NONE,0,2025-03-22 21:22:00,PLANT-SH-01,False
U04044,R117,B30,B,XRAY,INS02,NONE,0,2025-03-22 21:22:00,PLANT-SH-01,False
U04045,R117,B30,B,VISUAL,INS01,NONE,0,2025-03-22 21:22:00,PLANT-SH-01,False
U04046,R117,B30,B,VISUAL,INS05,NONE,0,2025-03-22 21:22:00,PLANT-SH-01,False
U04047,R117,B30,B,VISUAL,INS01,NONE,0,2025-03-22 21:22:00,PLANT-SH-01,False
U04048,R117,B30,B,VISUAL,INS03,NONE,0,2025-03-22 21:22:00,PLANT-SH-01,False
U04049,R117,B30,B,VISUAL,INS08,NONE,0,2025-03-22 21:22:00,PLANT-SH-01,False
U04050,R117,B30,B,XRAY,INS03,NONE,0,2025-03-22 21:22:00,PLANT-SH-01,False
U04051,R117,B30,B,XRAY,INS07,NONE,0,2025-03-22 21:22:00,PLANT-SH-01,False
U04052,R117,B30,B,XRAY,INS03,NONE,0,2025-03-22 21:22:00,PLANT-SH-01,False
U04053,R117,B30,B,XRAY,INS03,NONE,0,2025-03-22 21:22:00,PLANT-SH-01,False
U04054,R117,B30,B,XRAY,INS06,NONE,0,2025-03-22 21:22:00,PLANT-SH-01,False
U04055,R117,B30,B,XRAY,INS02,NONE,0,2025-03-22 21:22:00,PLANT-SH-01,False
U04056,R117,B30,B,VISUAL,INS04,NONE,0,2025-03-22 21:22:00,PLANT-SH-01,False
U04057,R117,B30,B,VISUAL,INS07,NONE,0,2025-03-22 21:22:00,PLANT-SH-01,False
U04058,R117,B30,B,VISUAL,INS05,NONE,0,2025-03-22 21:22:00,PLANT-SH-01,False
U04059,R117,B30,B,XRAY,INS02,NONE,0,2025-03-22 21:22:00,PLANT-SH-01,False
U04060,R117,B30,B,DIMENSION,INS06,NONE,0,2025-03-22 21:22:00,PLANT-SH-01,False
U04061,R118,B30,B,VISUAL,INS02,NONE,0,2025-03-23 01:27:00,PLANT-SH-01,False
U04062,R118,B30,B,VISUAL,INS06,NONE,0,2025-03-23 01:27:00,PLANT-SH-01,False
U04063,R118,B30,B,VISUAL,INS05,NONE,0,2025-03-23 01:27:00,PLANT-SH-01,False
U04064,R118,B30,B,XRAY,INS02,NONE,0,2025-03-23 01:27:00,PLANT-SH-01,False
U04065,R118,B30,B,VISUAL,INS03,NONE,0,2025-03-23 01:27:00,PLANT-SH-01,False
U04066,R118,B30,B,XRAY,INS05,NONE,0,2025-03-23 01:27:00,PLANT-SH-01,False
U04067,R118,B30,B,XRAY,INS01,NONE,0,2025-03-23 01:27:00,PLANT-SH-01,False
U04068,R118,B30,B,VISUAL,INS04,NONE,0,2025-03-23 01:27:00,PLANT-SH-01,False
U04069,R118,B30,B,VISUAL,INS01,NONE,0,2025-03-23 01:27:00,PLANT-SH-01,False
U04070,R118,B30,B,DIMENSION,INS05,NONE,0,2025-03-23 01:27:00,PLANT-SH-01,False
U04071,R118,B30,B,VISUAL,INS01,NONE,0,2025-03-23 01:27:00,PLANT-SH-01,False
U04072,R118,B30,B,DIMENSION,INS03,NONE,0,2025-03-23 01:27:00,PLANT-SH-01,False
U04073,R118,B30,B,VISUAL,INS08,NONE,0,2025-03-23 01:27:00,PLANT-SH-01,False
U04074,R118,B30,B,VISUAL,INS03,NONE,0,2025-03-23 01:27:00,PLANT-SH-01,False
U04075,R118,B30,B,VISUAL,INS02,NONE,0,2025-03-23 01:27:00,PLANT-SH-01,False
U04076,R118,B30,B,XRAY,INS03,NONE,0,2025-03-23 01:27:00,PLANT-SH-01,False
U04077,R118,B30,B,VISUAL,INS05,NONE,0,2025-03-23 01:27:00,PLANT-SH-01,False
U04078,R118,B30,B,VISUAL,INS07,NONE,0,2025-03-23 01:27:00,PLANT-SH-01,False
U04079,R118,B30,B,VISUAL,INS01,NONE,0,2025-03-23 01:27:00,PLANT-SH-01,False
U04080,R118,B30,B,VISUAL,INS05,NONE,0,2025-03-23 01:27:00,PLANT-SH-01,False
U04081,R118,B30,B,VISUAL,INS04,NONE,0,2025-03-23 01:27:00,PLANT-SH-01,False
U04082,R118,B30,B,VISUAL,INS08,NONE,0,2025-03-23 01:27:00,PLANT-SH-01,False
U04083,R118,B30,B,VISUAL,INS08,NONE,0,2025-03-23 01:27:00,PLANT-SH-01,False
U04084,R118,B30,B,VISUAL,INS07,NONE,0,2025-03-23 01:27:00,PLANT-SH-01,False
U04085,R118,B30,B,VISUAL,INS06,NONE,0,2025-03-23 01:27:00,PLANT-SH-01,False
U04086,R118,B30,B,VISUAL,INS08,NONE,0,2025-03-23 01:27:00,PLANT-SH-01,False
U04087,R118,B30,B,DIMENSION,INS04,NONE,0,2025-03-23 01:27:00,PLANT-SH-01,False
U04088,R118,B30,B,VISUAL,INS04,NONE,0,2025-03-23 01:27:00,PLANT-SH-01,False
U04089,R118,B30,B,XRAY,INS02,NONE,0,2025-03-23 01:27:00,PLANT-SH-01,False
U04090,R118,B30,B,VISUAL,INS04,NONE,0,2025-03-23 01:27:00,PLANT-SH-01,False
U04091,R118,B30,B,VISUAL,INS08,NONE,0,2025-03-23 01:27:00,PLANT-SH-01,False
U04092,R118,B30,B,XRAY,INS03,NONE,0,2025-03-23 01:27:00,PLANT-SH-01,False
U04093,R119,B30,C,VISUAL,INS04,NONE,0,2025-03-23 04:43:00,PLANT-SH-01,False
U04094,R119,B30,C,XRAY,INS08,NONE,0,2025-03-23 04:43:00,PLANT-SH-01,False
U04095,R119,B30,C,VISUAL,INS08,NONE,0,2025-03-23 04:43:00,PLANT-SH-01,False
U04096,R119,B30,C,VISUAL,INS02,NONE,0,2025-03-23 04:43:00,PLANT-SH-01,False
U04097,R119,B30,C,XRAY,INS01,NONE,0,2025-03-23 04:43:00,PLANT-SH-01,False
U04098,R119,B30,C,VISUAL,INS08,NONE,0,2025-03-23 04:43:00,PLANT-SH-01,False
U04099,R119,B30,C,VISUAL,INS06,NONE,0,2025-03-23 04:43:00,PLANT-SH-01,False
U04100,R119,B30,C,VISUAL,INS01,NONE,0,2025-03-23 04:43:00,PLANT-SH-01,False
U04101,R119,B30,C,VISUAL,INS04,DIMENSION,1,2025-03-23 04:43:00,PLANT-SH-01,False
U04102,R119,B30,C,XRAY,INS02,NONE,0,2025-03-23 04:43:00,PLANT-SH-01,False
U04103,R119,B30,C,XRAY,INS04,NONE,0,2025-03-23 04:43:00,PLANT-SH-01,False
U04104,R119,B30,C,XRAY,INS06,NONE,0,2025-03-23 04:43:00,PLANT-SH-01,False
U04105,R119,B30,C,VISUAL,INS05,NONE,0,2025-03-23 04:43:00,PLANT-SH-01,False
U04106,R119,B30,C,VISUAL,INS02,NONE,0,2025-03-23 04:43:00,PLANT-SH-01,False
U04107,R119,B30,C,XRAY,INS02,NONE,0,2025-03-23 04:43:00,PLANT-SH-01,False
U04108,R119,B30,C,XRAY,INS06,NONE,0,2025-03-23 04:43:00,PLANT-SH-01,False
U04109,R119,B30,C,DIMENSION,INS05,NONE,0,2025-03-23 04:43:00,PLANT-SH-01,False
U04110,R119,B30,C,XRAY,INS03,NONE,0,2025-03-23 04:43:00,PLANT-SH-01,False
U04111,R119,B30,C,XRAY,INS05,NONE,0,2025-03-23 04:43:00,PLANT-SH-01,False
U04112,R119,B30,C,VISUAL,INS02,NONE,0,2025-03-23 04:43:00,PLANT-SH-01,False
U04113,R119,B30,C,VISUAL,INS07,CRACK,1,2025-03-23 04:43:00,PLANT-SH-01,False
U04114,R119,B30,C,VISUAL,INS02,CRACK,1,2025-03-23 04:43:00,PLANT-SH-01,False
U04115,R119,B30,C,VISUAL,INS05,NONE,0,2025-03-23 04:43:00,PLANT-SH-01,False
U04116,R119,B30,C,XRAY,INS08,NONE,0,2025-03-23 04:43:00,PLANT-SH-01,False
U04117,R119,B30,C,VISUAL,INS03,PORE,1,2025-03-23 04:43:00,PLANT-SH-01,False
U04118,R119,B30,C,XRAY,INS05,NONE,0,2025-03-23 04:43:00,PLANT-SH-01,False
U04119,R119,B30,C,VISUAL,INS04,NONE,0,2025-03-23 04:43:00,PLANT-SH-01,False
U04120,R119,B30,C,VISUAL,INS02,NONE,0,2025-03-23 04:43:00,PLANT-SH-01,False
U04121,R119,B30,C,XRAY,INS07,NONE,0,2025-03-23 04:43:00,PLANT-SH-01,False
U04122,R119,B30,C,VISUAL,INS05,NONE,0,2025-03-23 04:43:00,PLANT-SH-01,False
U04123,R119,B30,C,VISUAL,INS02,NONE,0,2025-03-23 04:43:00,PLANT-SH-01,False
U04124,R119,B30,C,VISUAL,INS06,NONE,0,2025-03-23 04:43:00,PLANT-SH-01,False
U04125,R119,B30,C,VISUAL,INS07,NONE,0,2025-03-23 04:43:00,PLANT-SH-01,False
U04126,R120,B30,C,XRAY,INS03,NONE,0,2025-03-23 08:13:00,PLANT-SH-01,False
U04127,R120,B30,C,VISUAL,INS05,NONE,0,2025-03-23 08:13:00,PLANT-SH-01,False
U04128,R120,B30,C,DIMENSION,INS07,NONE,0,2025-03-23 08:13:00,PLANT-SH-01,False
U04129,R120,B30,C,VISUAL,INS07,NONE,0,2025-03-23 08:13:00,PLANT-SH-01,False
U04130,R120,B30,C,DIMENSION,INS08,NONE,0,2025-03-23 08:13:00,PLANT-SH-01,False
U04131,R120,B30,C,VISUAL,INS03,NONE,0,2025-03-23 08:13:00,PLANT-SH-01,False
U04132,R120,B30,C,XRAY,INS03,NONE,0,2025-03-23 08:13:00,PLANT-SH-01,False
U04133,R120,B30,C,VISUAL,INS03,NONE,0,2025-03-23 08:13:00,PLANT-SH-01,False
U04134,R120,B30,C,XRAY,INS02,NONE,0,2025-03-23 08:13:00,PLANT-SH-01,False
U04135,R120,B30,C,DIMENSION,INS03,NONE,0,2025-03-23 08:13:00,PLANT-SH-01,False
U04136,R120,B30,C,XRAY,INS05,NONE,0,2025-03-23 08:13:00,PLANT-SH-01,False
U04137,R120,B30,C,XRAY,INS04,NONE,0,2025-03-23 08:13:00,PLANT-SH-01,False
U04138,R120,B30,C,VISUAL,INS01,NONE,0,2025-03-23 08:13:00,PLANT-SH-01,False
U04139,R120,B30,C,XRAY,INS08,NONE,0,2025-03-23 08:13:00,PLANT-SH-01,False
U04140,R120,B30,C,VISUAL,INS03,NONE,0,2025-03-23 08:13:00,PLANT-SH-01,False
U04141,R120,B30,C,VISUAL,INS06,NONE,0,2025-03-23 08:13:00,PLANT-SH-01,False
U04142,R120,B30,C,VISUAL,INS02,NONE,0,2025-03-23 08:13:00,PLANT-SH-01,False
U04143,R120,B30,C,VISUAL,INS07,NONE,0,2025-03-23 08:13:00,PLANT-SH-01,False
U04144,R120,B30,C,VISUAL,INS05,NONE,0,2025-03-23 08:13:00,PLANT-SH-01,False
U04145,R120,B30,C,XRAY,INS01,NONE,0,2025-03-23 08:13:00,PLANT-SH-01,False
U04146,R120,B30,C,XRAY,INS02,NONE,0,2025-03-23 08:13:00,PLANT-SH-01,False
U04147,R120,B30,C,XRAY,INS06,NONE,0,2025-03-23 08:13:00,PLANT-SH-01,False
U04148,R120,B30,C,VISUAL,INS03,NONE,0,2025-03-23 08:13:00,PLANT-SH-01,False
U04149,R120,B30,C,VISUAL,INS08,NONE,0,2025-03-23 08:13:00,PLANT-SH-01,False
U04150,R120,B30,C,VISUAL,INS07,NONE,0,2025-03-23 08:13:00,PLANT-SH-01,False
U04151,R120,B30,C,VISUAL,INS04,NONE,0,2025-03-23 08:13:00,PLANT-SH-01,False
U04152,R120,B30,C,VISUAL,INS01,NONE,0,2025-03-23 08:13:00,PLANT-SH-01,False
U04153,R120,B30,C,VISUAL,INS05,NONE,0,2025-03-23 08:13:00,PLANT-SH-01,False
U04154,R120,B30,C,XRAY,INS03,NONE,0,2025-03-23 08:13:00,PLANT-SH-01,False
U04155,R120,B30,C,VISUAL,INS07,NONE,0,2025-03-23 08:13:00,PLANT-SH-01,False
U04156,R120,B30,C,VISUAL,INS04,NONE,0,2025-03-23 08:13:00,PLANT-SH-01,False
U04157,R120,B30,C,VISUAL,INS05,NONE,0,2025-03-23 08:13:00,PLANT-SH-01,False
U04158,R121,B31,A,XRAY,INS01,NONE,0,2025-03-23 12:56:00,PLANT-SH-01,False
U04159,R121,B31,A,XRAY,INS08,NONE,0,2025-03-23 12:56:00,PLANT-SH-01,False
U04160,R121,B31,A,VISUAL,INS04,NONE,0,2025-03-23 12:56:00,PLANT-SH-01,False
U04161,R121,B31,A,VISUAL,INS03,NONE,0,2025-03-23 12:56:00,PLANT-SH-01,False
U04162,R121,B31,A,VISUAL,INS03,NONE,0,2025-03-23 12:56:00,PLANT-SH-01,False
U04163,R121,B31,A,XRAY,INS05,NONE,0,2025-03-23 12:56:00,PLANT-SH-01,False
U04164,R121,B31,A,XRAY,INS01,NONE,0,2025-03-23 12:56:00,PLANT-SH-01,False
U04165,R121,B31,A,VISUAL,INS06,NONE,0,2025-03-23 12:56:00,PLANT-SH-01,False
U04166,R121,B31,A,XRAY,INS02,NONE,0,2025-03-23 12:56:00,PLANT-SH-01,False
U04167,R121,B31,A,XRAY,INS08,NONE,0,2025-03-23 12:56:00,PLANT-SH-01,False
U04168,R121,B31,A,VISUAL,INS02,NONE,0,2025-03-23 12:56:00,PLANT-SH-01,False
U04169,R121,B31,A,XRAY,INS02,NONE,0,2025-03-23 12:56:00,PLANT-SH-01,False
U04170,R121,B31,A,DIMENSION,INS01,NONE,0,2025-03-23 12:56:00,PLANT-SH-01,False
U04171,R121,B31,A,VISUAL,INS03,NONE,0,2025-03-23 12:56:00,PLANT-SH-01,False
U04172,R121,B31,A,VISUAL,INS05,NONE,0,2025-03-23 12:56:00,PLANT-SH-01,False
U04173,R121,B31,A,VISUAL,INS08,NONE,0,2025-03-23 12:56:00,PLANT-SH-01,False
U04174,R121,B31,A,VISUAL,INS08,NONE,0,2025-03-23 12:56:00,PLANT-SH-01,False
U04175,R121,B31,A,VISUAL,INS04,NONE,0,2025-03-23 12:56:00,PLANT-SH-01,False
U04176,R121,B31,A,VISUAL,INS01,NONE,0,2025-03-23 12:56:00,PLANT-SH-01,False
U04177,R121,B31,A,VISUAL,INS07,NONE,0,2025-03-23 12:56:00,PLANT-SH-01,False
U04178,R121,B31,A,VISUAL,INS03,NONE,0,2025-03-23 12:56:00,PLANT-SH-01,False
U04179,R121,B31,A,VISUAL,INS04,NONE,0,2025-03-23 12:56:00,PLANT-SH-01,False
U04180,R121,B31,A,VISUAL,INS02,NONE,0,2025-03-23 12:56:00,PLANT-SH-01,False
U04181,R121,B31,A,VISUAL,INS07,NONE,0,2025-03-23 12:56:00,PLANT-SH-01,False
U04182,R121,B31,A,XRAY,INS02,NONE,0,2025-03-23 12:56:00,PLANT-SH-01,False
U04183,R121,B31,A,VISUAL,INS08,NONE,0,2025-03-23 12:56:00,PLANT-SH-01,False
U04184,R121,B31,A,XRAY,INS04,NONE,0,2025-03-23 12:56:00,PLANT-SH-01,False
U04185,R121,B31,A,DIMENSION,INS01,NONE,0,2025-03-23 12:56:00,PLANT-SH-01,False
U04186,R121,B31,A,XRAY,INS04,NONE,0,2025-03-23 12:56:00,PLANT-SH-01,False
U04187,R121,B31,A,DIMENSION,INS06,NONE,0,2025-03-23 12:56:00,PLANT-SH-01,False
U04188,R121,B31,A,VISUAL,INS04,NONE,0,2025-03-23 12:56:00,PLANT-SH-01,False
U04189,R121,B31,A,VISUAL,INS05,NONE,0,2025-03-23 12:56:00,PLANT-SH-01,False
U04190,R121,B31,A,XRAY,INS06,NONE,0,2025-03-23 12:56:00,PLANT-SH-01,False
U04191,R121,B31,A,VISUAL,INS08,NONE,0,2025-03-23 12:56:00,PLANT-SH-01,False
U04192,R121,B31,A,DIMENSION,INS04,NONE,0,2025-03-23 12:56:00,PLANT-SH-01,False
U04193,R121,B31,A,DIMENSION,INS08,NONE,0,2025-03-23 12:56:00,PLANT-SH-01,False
U04194,R121,B31,A,XRAY,INS05,PORE,1,2025-03-23 12:56:00,PLANT-SH-01,False
U04195,R121,B31,A,VISUAL,INS03,NONE,0,2025-03-23 12:56:00,PLANT-SH-01,False
U04196,R121,B31,A,VISUAL,INS01,NONE,0,2025-03-23 12:56:00,PLANT-SH-01,False
U04197,R122,B31,A,VISUAL,INS06,NONE,0,2025-03-23 16:20:00,PLANT-SH-01,False
U04198,R122,B31,A,XRAY,INS03,NONE,0,2025-03-23 16:20:00,PLANT-SH-01,False
U04199,R122,B31,A,XRAY,INS01,EDGE,1,2025-03-23 16:20:00,PLANT-SH-01,False
U04200,R122,B31,A,DIMENSION,INS01,CRACK,1,2025-03-23 16:20:00,PLANT-SH-01,False
U04201,R122,B31,A,VISUAL,INS07,PORE,1,2025-03-23 16:20:00,PLANT-SH-01,False
U04202,R122,B31,A,VISUAL,INS01,NONE,0,2025-03-23 16:20:00,PLANT-SH-01,False
U04203,R122,B31,A,XRAY,INS06,NONE,0,2025-03-23 16:20:00,PLANT-SH-01,False
U04204,R122,B31,A,VISUAL,INS05,NONE,0,2025-03-23 16:20:00,PLANT-SH-01,False
U04205,R122,B31,A,VISUAL,INS07,NONE,0,2025-03-23 16:20:00,PLANT-SH-01,False
U04206,R122,B31,A,XRAY,INS08,NONE,0,2025-03-23 16:20:00,PLANT-SH-01,False
U04207,R122,B31,A,XRAY,INS02,PORE,1,2025-03-23 16:20:00,PLANT-SH-01,False
U04208,R122,B31,A,DIMENSION,INS03,NONE,0,2025-03-23 16:20:00,PLANT-SH-01,False
U04209,R122,B31,A,VISUAL,INS05,NONE,0,2025-03-23 16:20:00,PLANT-SH-01,False
U04210,R122,B31,A,DIMENSION,INS02,CRACK,1,2025-03-23 16:20:00,PLANT-SH-01,False
U04211,R122,B31,A,XRAY,INS02,NONE,0,2025-03-23 16:20:00,PLANT-SH-01,False
U04212,R122,B31,A,XRAY,INS01,NONE,0,2025-03-23 16:20:00,PLANT-SH-01,False
U04213,R122,B31,A,XRAY,INS07,NONE,0,2025-03-23 16:20:00,PLANT-SH-01,False
U04214,R122,B31,A,VISUAL,INS07,NONE,0,2025-03-23 16:20:00,PLANT-SH-01,False
U04215,R122,B31,A,DIMENSION,INS08,NONE,0,2025-03-23 16:20:00,PLANT-SH-01,False
U04216,R122,B31,A,VISUAL,INS01,CRACK,1,2025-03-23 16:20:00,PLANT-SH-01,False
U04217,R122,B31,A,VISUAL,INS06,NONE,0,2025-03-23 16:20:00,PLANT-SH-01,False
U04218,R122,B31,A,VISUAL,INS02,NONE,0,2025-03-23 16:20:00,PLANT-SH-01,False
U04219,R122,B31,A,XRAY,INS06,NONE,0,2025-03-23 16:20:00,PLANT-SH-01,False
U04220,R122,B31,A,XRAY,INS03,NONE,0,2025-03-23 16:20:00,PLANT-SH-01,False
U04221,R122,B31,A,VISUAL,INS02,CRACK,1,2025-03-23 16:20:00,PLANT-SH-01,False
U04222,R122,B31,A,XRAY,INS07,DIMENSION,1,2025-03-23 16:20:00,PLANT-SH-01,False
U04223,R122,B31,A,XRAY,INS05,DIMENSION,1,2025-03-23 16:20:00,PLANT-SH-01,False
U04224,R122,B31,A,VISUAL,INS03,NONE,0,2025-03-23 16:20:00,PLANT-SH-01,False
U04225,R122,B31,A,VISUAL,INS02,CONTAMINATION,1,2025-03-23 16:20:00,PLANT-SH-01,False
U04226,R122,B31,A,VISUAL,INS05,NONE,0,2025-03-23 16:20:00,PLANT-SH-01,False
U04227,R122,B31,A,VISUAL,INS05,EDGE,1,2025-03-23 16:20:00,PLANT-SH-01,False
U04228,R122,B31,A,XRAY,INS04,PORE,1,2025-03-23 16:20:00,PLANT-SH-01,False
U04229,R123,B31,B,VISUAL,INS02,NONE,0,2025-03-23 21:11:00,PLANT-SH-01,False
U04230,R123,B31,B,VISUAL,INS05,NONE,0,2025-03-23 21:11:00,PLANT-SH-01,False
U04231,R123,B31,B,VISUAL,INS02,NONE,0,2025-03-23 21:11:00,PLANT-SH-01,False
U04232,R123,B31,B,DIMENSION,INS04,NONE,0,2025-03-23 21:11:00,PLANT-SH-01,False
U04233,R123,B31,B,VISUAL,INS07,NONE,0,2025-03-23 21:11:00,PLANT-SH-01,False
U04234,R123,B31,B,XRAY,INS02,NONE,0,2025-03-23 21:11:00,PLANT-SH-01,False
U04235,R123,B31,B,XRAY,INS02,NONE,0,2025-03-23 21:11:00,PLANT-SH-01,False
U04236,R123,B31,B,VISUAL,INS08,NONE,0,2025-03-23 21:11:00,PLANT-SH-01,False
U04237,R123,B31,B,VISUAL,INS05,NONE,0,2025-03-23 21:11:00,PLANT-SH-01,False
U04238,R123,B31,B,VISUAL,INS06,NONE,0,2025-03-23 21:11:00,PLANT-SH-01,False
U04239,R123,B31,B,XRAY,INS03,NONE,0,2025-03-23 21:11:00,PLANT-SH-01,False
U04240,R123,B31,B,VISUAL,INS07,NONE,0,2025-03-23 21:11:00,PLANT-SH-01,False
U04241,R123,B31,B,DIMENSION,INS04,NONE,0,2025-03-23 21:11:00,PLANT-SH-01,False
U04242,R123,B31,B,VISUAL,INS06,NONE,0,2025-03-23 21:11:00,PLANT-SH-01,False
U04243,R123,B31,B,VISUAL,INS02,NONE,0,2025-03-23 21:11:00,PLANT-SH-01,False
U04244,R123,B31,B,XRAY,INS02,NONE,0,2025-03-23 21:11:00,PLANT-SH-01,False
U04245,R123,B31,B,VISUAL,INS07,NONE,0,2025-03-23 21:11:00,PLANT-SH-01,False
U04246,R123,B31,B,VISUAL,INS08,NONE,0,2025-03-23 21:11:00,PLANT-SH-01,False
U04247,R123,B31,B,VISUAL,INS08,NONE,0,2025-03-23 21:11:00,PLANT-SH-01,False
U04248,R123,B31,B,VISUAL,INS01,NONE,0,2025-03-23 21:11:00,PLANT-SH-01,False
U04249,R123,B31,B,VISUAL,INS02,NONE,0,2025-03-23 21:11:00,PLANT-SH-01,False
U04250,R123,B31,B,VISUAL,INS03,NONE,0,2025-03-23 21:11:00,PLANT-SH-01,False
U04251,R123,B31,B,XRAY,INS08,NONE,0,2025-03-23 21:11:00,PLANT-SH-01,False
U04252,R123,B31,B,VISUAL,INS05,NONE,0,2025-03-23 21:11:00,PLANT-SH-01,False
U04253,R123,B31,B,VISUAL,INS08,NONE,0,2025-03-23 21:11:00,PLANT-SH-01,False
U04254,R123,B31,B,VISUAL,INS03,NONE,0,2025-03-23 21:11:00,PLANT-SH-01,False
U04255,R123,B31,B,VISUAL,INS08,NONE,0,2025-03-23 21:11:00,PLANT-SH-01,False
U04256,R123,B31,B,VISUAL,INS02,NONE,0,2025-03-23 21:11:00,PLANT-SH-01,False
U04257,R123,B31,B,DIMENSION,INS05,NONE,0,2025-03-23 21:11:00,PLANT-SH-01,False
U04258,R123,B31,B,DIMENSION,INS07,NONE,0,2025-03-23 21:11:00,PLANT-SH-01,False
U04259,R123,B31,B,DIMENSION,INS05,NONE,0,2025-03-23 21:11:00,PLANT-SH-01,False
U04260,R123,B31,B,VISUAL,INS07,NONE,0,2025-03-23 21:11:00,PLANT-SH-01,False
U04261,R123,B31,B,XRAY,INS05,NONE,0,2025-03-23 21:11:00,PLANT-SH-01,False
U04262,R123,B31,B,XRAY,INS01,NONE,0,2025-03-23 21:11:00,PLANT-SH-01,False
U04263,R124,B31,B,VISUAL,INS01,NONE,0,2025-03-24 00:59:00,PLANT-SH-01,False
U04264,R124,B31,B,VISUAL,INS02,NONE,0,2025-03-24 00:59:00,PLANT-SH-01,False
U04265,R124,B31,B,XRAY,INS01,NONE,0,2025-03-24 00:59:00,PLANT-SH-01,False
U04266,R124,B31,B,XRAY,INS03,NONE,0,2025-03-24 00:59:00,PLANT-SH-01,False
U04267,R124,B31,B,VISUAL,INS05,NONE,0,2025-03-24 00:59:00,PLANT-SH-01,False
U04268,R124,B31,B,DIMENSION,INS07,NONE,0,2025-03-24 00:59:00,PLANT-SH-01,False
U04269,R124,B31,B,VISUAL,INS04,NONE,0,2025-03-24 00:59:00,PLANT-SH-01,False
U04270,R124,B31,B,VISUAL,INS01,NONE,0,2025-03-24 00:59:00,PLANT-SH-01,False
U04271,R124,B31,B,VISUAL,INS05,NONE,0,2025-03-24 00:59:00,PLANT-SH-01,False
U04272,R124,B31,B,XRAY,INS07,NONE,0,2025-03-24 00:59:00,PLANT-SH-01,False
U04273,R124,B31,B,VISUAL,INS07,NONE,0,2025-03-24 00:59:00,PLANT-SH-01,False
U04274,R124,B31,B,VISUAL,INS03,NONE,0,2025-03-24 00:59:00,PLANT-SH-01,False
U04275,R124,B31,B,XRAY,INS02,NONE,0,2025-03-24 00:59:00,PLANT-SH-01,False
U04276,R124,B31,B,VISUAL,INS01,NONE,0,2025-03-24 00:59:00,PLANT-SH-01,False
U04277,R124,B31,B,DIMENSION,INS04,NONE,0,2025-03-24 00:59:00,PLANT-SH-01,False
U04278,R124,B31,B,DIMENSION,INS02,NONE,0,2025-03-24 00:59:00,PLANT-SH-01,False
U04279,R124,B31,B,DIMENSION,INS05,NONE,0,2025-03-24 00:59:00,PLANT-SH-01,False
U04280,R124,B31,B,VISUAL,INS01,NONE,0,2025-03-24 00:59:00,PLANT-SH-01,False
U04281,R124,B31,B,VISUAL,INS03,NONE,0,2025-03-24 00:59:00,PLANT-SH-01,False
U04282,R124,B31,B,VISUAL,INS07,NONE,0,2025-03-24 00:59:00,PLANT-SH-01,False
U04283,R124,B31,B,VISUAL,INS06,NONE,0,2025-03-24 00:59:00,PLANT-SH-01,False
U04284,R124,B31,B,VISUAL,INS03,NONE,0,2025-03-24 00:59:00,PLANT-SH-01,False
U04285,R124,B31,B,XRAY,INS06,NONE,0,2025-03-24 00:59:00,PLANT-SH-01,False
U04286,R124,B31,B,VISUAL,INS01,NONE,0,2025-03-24 00:59:00,PLANT-SH-01,False
U04287,R124,B31,B,VISUAL,INS03,NONE,0,2025-03-24 00:59:00,PLANT-SH-01,False
U04288,R124,B31,B,VISUAL,INS07,NONE,0,2025-03-24 00:59:00,PLANT-SH-01,False
U04289,R124,B31,B,VISUAL,INS03,NONE,0,2025-03-24 00:59:00,PLANT-SH-01,False
U04290,R124,B31,B,VISUAL,INS06,NONE,0,2025-03-24 00:59:00,PLANT-SH-01,False
U04291,R124,B31,B,DIMENSION,INS02,NONE,0,2025-03-24 00:59:00,PLANT-SH-01,False
U04292,R124,B31,B,VISUAL,INS03,NONE,0,2025-03-24 00:59:00,PLANT-SH-01,False
U04293,R124,B31,B,VISUAL,INS07,NONE,0,2025-03-24 00:59:00,PLANT-SH-01,False
U04294,R124,B31,B,XRAY,INS07,NONE,0,2025-03-24 00:59:00,PLANT-SH-01,False
U04295,R124,B31,B,VISUAL,INS02,NONE,0,2025-03-24 00:59:00,PLANT-SH-01,False
U04296,R124,B31,B,XRAY,INS02,NONE,0,2025-03-24 00:59:00,PLANT-SH-01,False
U04297,R125,B32,C,DIMENSION,INS04,NONE,0,2025-03-24 05:22:00,PLANT-SH-01,False
U04298,R125,B32,C,XRAY,INS07,NONE,0,2025-03-24 05:22:00,PLANT-SH-01,False
U04299,R125,B32,C,VISUAL,INS03,NONE,0,2025-03-24 05:22:00,PLANT-SH-01,False
U04300,R125,B32,C,VISUAL,INS07,NONE,0,2025-03-24 05:22:00,PLANT-SH-01,False
U04301,R125,B32,C,VISUAL,INS02,NONE,0,2025-03-24 05:22:00,PLANT-SH-01,False
U04302,R125,B32,C,VISUAL,INS02,NONE,0,2025-03-24 05:22:00,PLANT-SH-01,False
U04303,R125,B32,C,XRAY,INS03,NONE,0,2025-03-24 05:22:00,PLANT-SH-01,False
U04304,R125,B32,C,DIMENSION,INS08,NONE,0,2025-03-24 05:22:00,PLANT-SH-01,False
U04305,R125,B32,C,VISUAL,INS01,NONE,0,2025-03-24 05:22:00,PLANT-SH-01,False
U04306,R125,B32,C,VISUAL,INS07,NONE,0,2025-03-24 05:22:00,PLANT-SH-01,False
U04307,R125,B32,C,VISUAL,INS04,NONE,0,2025-03-24 05:22:00,PLANT-SH-01,False
U04308,R125,B32,C,VISUAL,INS08,NONE,0,2025-03-24 05:22:00,PLANT-SH-01,False
U04309,R125,B32,C,XRAY,INS06,NONE,0,2025-03-24 05:22:00,PLANT-SH-01,False
U04310,R125,B32,C,XRAY,INS02,NONE,0,2025-03-24 05:22:00,PLANT-SH-01,False
U04311,R125,B32,C,VISUAL,INS03,NONE,0,2025-03-24 05:22:00,PLANT-SH-01,False
U04312,R125,B32,C,VISUAL,INS04,NONE,0,2025-03-24 05:22:00,PLANT-SH-01,False
U04313,R125,B32,C,VISUAL,INS02,NONE,0,2025-03-24 05:22:00,PLANT-SH-01,False
U04314,R125,B32,C,XRAY,INS06,NONE,0,2025-03-24 05:22:00,PLANT-SH-01,False
U04315,R125,B32,C,VISUAL,INS07,NONE,0,2025-03-24 05:22:00,PLANT-SH-01,False
U04316,R125,B32,C,VISUAL,INS01,NONE,0,2025-03-24 05:22:00,PLANT-SH-01,False
U04317,R125,B32,C,VISUAL,INS08,NONE,0,2025-03-24 05:22:00,PLANT-SH-01,False
U04318,R125,B32,C,VISUAL,INS01,NONE,0,2025-03-24 05:22:00,PLANT-SH-01,False
U04319,R125,B32,C,VISUAL,INS02,PORE,1,2025-03-24 05:22:00,PLANT-SH-01,False
U04320,R125,B32,C,VISUAL,INS02,NONE,0,2025-03-24 05:22:00,PLANT-SH-01,False
U04321,R125,B32,C,VISUAL,INS08,NONE,0,2025-03-24 05:22:00,PLANT-SH-01,False
U04322,R125,B32,C,VISUAL,INS04,NONE,0,2025-03-24 05:22:00,PLANT-SH-01,False
U04323,R125,B32,C,VISUAL,INS05,NONE,0,2025-03-24 05:22:00,PLANT-SH-01,False
U04324,R125,B32,C,VISUAL,INS07,NONE,0,2025-03-24 05:22:00,PLANT-SH-01,False
U04325,R125,B32,C,XRAY,INS02,NONE,0,2025-03-24 05:22:00,PLANT-SH-01,False
U04326,R125,B32,C,VISUAL,INS04,NONE,0,2025-03-24 05:22:00,PLANT-SH-01,False
U04327,R125,B32,C,VISUAL,INS01,NONE,0,2025-03-24 05:22:00,PLANT-SH-01,False
U04328,R125,B32,C,VISUAL,INS07,NONE,0,2025-03-24 05:22:00,PLANT-SH-01,False
U04329,R126,B32,C,DIMENSION,INS05,NONE,0,2025-03-24 09:07:00,PLANT-SH-01,False
U04330,R126,B32,C,VISUAL,INS07,NONE,0,2025-03-24 09:07:00,PLANT-SH-01,False
U04331,R126,B32,C,VISUAL,INS04,NONE,0,2025-03-24 09:07:00,PLANT-SH-01,False
U04332,R126,B32,C,XRAY,INS02,NONE,0,2025-03-24 09:07:00,PLANT-SH-01,False
U04333,R126,B32,C,VISUAL,INS02,NONE,0,2025-03-24 09:07:00,PLANT-SH-01,False
U04334,R126,B32,C,VISUAL,INS01,NONE,0,2025-03-24 09:07:00,PLANT-SH-01,False
U04335,R126,B32,C,XRAY,INS05,NONE,0,2025-03-24 09:07:00,PLANT-SH-01,False
U04336,R126,B32,C,VISUAL,INS08,NONE,0,2025-03-24 09:07:00,PLANT-SH-01,False
U04337,R126,B32,C,VISUAL,INS01,PORE,1,2025-03-24 09:07:00,PLANT-SH-01,False
U04338,R126,B32,C,VISUAL,INS06,NONE,0,2025-03-24 09:07:00,PLANT-SH-01,False
U04339,R126,B32,C,VISUAL,INS05,NONE,0,2025-03-24 09:07:00,PLANT-SH-01,False
U04340,R126,B32,C,VISUAL,INS08,NONE,0,2025-03-24 09:07:00,PLANT-SH-01,False
U04341,R126,B32,C,DIMENSION,INS07,NONE,0,2025-03-24 09:07:00,PLANT-SH-01,False
U04342,R126,B32,C,VISUAL,INS02,NONE,0,2025-03-24 09:07:00,PLANT-SH-01,False
U04343,R126,B32,C,XRAY,INS05,NONE,0,2025-03-24 09:07:00,PLANT-SH-01,False
U04344,R126,B32,C,VISUAL,INS07,NONE,0,2025-03-24 09:07:00,PLANT-SH-01,False
U04345,R126,B32,C,VISUAL,INS08,NONE,0,2025-03-24 09:07:00,PLANT-SH-01,False
U04346,R126,B32,C,VISUAL,INS08,NONE,0,2025-03-24 09:07:00,PLANT-SH-01,False
U04347,R126,B32,C,XRAY,INS07,NONE,0,2025-03-24 09:07:00,PLANT-SH-01,False
U04348,R126,B32,C,XRAY,INS05,NONE,0,2025-03-24 09:07:00,PLANT-SH-01,False
U04349,R126,B32,C,VISUAL,INS02,NONE,0,2025-03-24 09:07:00,PLANT-SH-01,False
U04350,R126,B32,C,VISUAL,INS02,NONE,0,2025-03-24 09:07:00,PLANT-SH-01,False
U04351,R126,B32,C,VISUAL,INS02,NONE,0,2025-03-24 09:07:00,PLANT-SH-01,False
U04352,R126,B32,C,XRAY,INS03,NONE,0,2025-03-24 09:07:00,PLANT-SH-01,False
U04353,R126,B32,C,VISUAL,INS01,NONE,0,2025-03-24 09:07:00,PLANT-SH-01,False
U04354,R126,B32,C,VISUAL,INS02,NONE,0,2025-03-24 09:07:00,PLANT-SH-01,False
U04355,R126,B32,C,VISUAL,INS08,NONE,0,2025-03-24 09:07:00,PLANT-SH-01,False
U04356,R126,B32,C,XRAY,INS03,NONE,0,2025-03-24 09:07:00,PLANT-SH-01,False
U04357,R126,B32,C,VISUAL,INS08,NONE,0,2025-03-24 09:07:00,PLANT-SH-01,False
U04358,R126,B32,C,XRAY,INS05,NONE,0,2025-03-24 09:07:00,PLANT-SH-01,False
U04359,R126,B32,C,DIMENSION,INS03,NONE,0,2025-03-24 09:07:00,PLANT-SH-01,False
U04360,R127,B32,A,VISUAL,INS05,CRACK,1,2025-03-24 13:05:00,PLANT-SH-01,False
U04361,R127,B32,A,XRAY,INS02,NONE,0,2025-03-24 13:05:00,PLANT-SH-01,False
U04362,R127,B32,A,XRAY,INS02,NONE,0,2025-03-24 13:05:00,PLANT-SH-01,False
U04363,R127,B32,A,VISUAL,INS02,NONE,0,2025-03-24 13:05:00,PLANT-SH-01,False
U04364,R127,B32,A,VISUAL,INS08,NONE,0,2025-03-24 13:05:00,PLANT-SH-01,False
U04365,R127,B32,A,VISUAL,INS04,NONE,0,2025-03-24 13:05:00,PLANT-SH-01,False
U04366,R127,B32,A,XRAY,INS05,NONE,0,2025-03-24 13:05:00,PLANT-SH-01,False
U04367,R127,B32,A,DIMENSION,INS06,NONE,0,2025-03-24 13:05:00,PLANT-SH-01,False
U04368,R127,B32,A,VISUAL,INS04,NONE,0,2025-03-24 13:05:00,PLANT-SH-01,False
U04369,R127,B32,A,VISUAL,INS03,NONE,0,2025-03-24 13:05:00,PLANT-SH-01,False
U04370,R127,B32,A,XRAY,INS08,EDGE,1,2025-03-24 13:05:00,PLANT-SH-01,False
U04371,R127,B32,A,VISUAL,INS05,NONE,0,2025-03-24 13:05:00,PLANT-SH-01,False
U04372,R127,B32,A,VISUAL,INS07,DIMENSION,1,2025-03-24 13:05:00,PLANT-SH-01,False
U04373,R127,B32,A,XRAY,INS04,NONE,0,2025-03-24 13:05:00,PLANT-SH-01,False
U04374,R127,B32,A,VISUAL,INS05,PORE,1,2025-03-24 13:05:00,PLANT-SH-01,False
U04375,R127,B32,A,VISUAL,INS01,DIMENSION,1,2025-03-24 13:05:00,PLANT-SH-01,False
U04376,R127,B32,A,VISUAL,INS02,NONE,0,2025-03-24 13:05:00,PLANT-SH-01,False
U04377,R127,B32,A,VISUAL,INS05,NONE,0,2025-03-24 13:05:00,PLANT-SH-01,False
U04378,R127,B32,A,VISUAL,INS01,NONE,0,2025-03-24 13:05:00,PLANT-SH-01,False
U04379,R127,B32,A,VISUAL,INS03,NONE,0,2025-03-24 13:05:00,PLANT-SH-01,False
U04380,R127,B32,A,VISUAL,INS05,NONE,0,2025-03-24 13:05:00,PLANT-SH-01,False
U04381,R127,B32,A,VISUAL,INS04,NONE,0,2025-03-24 13:05:00,PLANT-SH-01,False
U04382,R127,B32,A,VISUAL,INS08,NONE,0,2025-03-24 13:05:00,PLANT-SH-01,False
U04383,R127,B32,A,VISUAL,INS02,NONE,0,2025-03-24 13:05:00,PLANT-SH-01,False
U04384,R127,B32,A,XRAY,INS01,PORE,1,2025-03-24 13:05:00,PLANT-SH-01,False
U04385,R127,B32,A,DIMENSION,INS07,NONE,0,2025-03-24 13:05:00,PLANT-SH-01,False
U04386,R127,B32,A,VISUAL,INS08,NONE,0,2025-03-24 13:05:00,PLANT-SH-01,False
U04387,R127,B32,A,VISUAL,INS03,NONE,0,2025-03-24 13:05:00,PLANT-SH-01,False
U04388,R127,B32,A,VISUAL,INS03,NONE,0,2025-03-24 13:05:00,PLANT-SH-01,False
U04389,R127,B32,A,VISUAL,INS01,NONE,0,2025-03-24 13:05:00,PLANT-SH-01,False
U04390,R127,B32,A,VISUAL,INS02,NONE,0,2025-03-24 13:05:00,PLANT-SH-01,False
U04391,R127,B32,A,VISUAL,INS03,NONE,0,2025-03-24 13:05:00,PLANT-SH-01,False
U04392,R127,B32,A,XRAY,INS08,NONE,0,2025-03-24 13:05:00,PLANT-SH-01,False
U04393,R127,B32,A,VISUAL,INS01,NONE,0,2025-03-24 13:05:00,PLANT-SH-01,False
U04394,R127,B32,A,VISUAL,INS07,CRACK,1,2025-03-24 13:05:00,PLANT-SH-01,False
U04395,R127,B32,A,XRAY,INS03,NONE,0,2025-03-24 13:05:00,PLANT-SH-01,False
U04396,R128,B32,A,VISUAL,INS03,NONE,0,2025-03-24 16:27:00,PLANT-SH-01,False
U04397,R128,B32,A,VISUAL,INS01,NONE,0,2025-03-24 16:27:00,PLANT-SH-01,False
U04398,R128,B32,A,VISUAL,INS05,PORE,1,2025-03-24 16:27:00,PLANT-SH-01,False
U04399,R128,B32,A,VISUAL,INS06,DIMENSION,1,2025-03-24 16:27:00,PLANT-SH-01,False
U04400,R128,B32,A,VISUAL,INS06,PORE,1,2025-03-24 16:27:00,PLANT-SH-01,False
U04401,R128,B32,A,VISUAL,INS06,NONE,0,2025-03-24 16:27:00,PLANT-SH-01,False
U04402,R128,B32,A,XRAY,INS08,EDGE,1,2025-03-24 16:27:00,PLANT-SH-01,False
U04403,R128,B32,A,VISUAL,INS03,DIMENSION,1,2025-03-24 16:27:00,PLANT-SH-01,False
U04404,R128,B32,A,XRAY,INS03,NONE,0,2025-03-24 16:27:00,PLANT-SH-01,False
U04405,R128,B32,A,XRAY,INS03,PORE,1,2025-03-24 16:27:00,PLANT-SH-01,False
U04406,R128,B32,A,DIMENSION,INS04,CRACK,1,2025-03-24 16:27:00,PLANT-SH-01,False
U04407,R128,B32,A,XRAY,INS06,DIMENSION,1,2025-03-24 16:27:00,PLANT-SH-01,False
U04408,R128,B32,A,VISUAL,INS05,PORE,1,2025-03-24 16:27:00,PLANT-SH-01,False
U04409,R128,B32,A,VISUAL,INS01,PORE,1,2025-03-24 16:27:00,PLANT-SH-01,False
U04410,R128,B32,A,VISUAL,INS03,PORE,1,2025-03-24 16:27:00,PLANT-SH-01,False
U04411,R128,B32,A,VISUAL,INS02,EDGE,1,2025-03-24 16:27:00,PLANT-SH-01,False
U04412,R128,B32,A,DIMENSION,INS01,DIMENSION,1,2025-03-24 16:27:00,PLANT-SH-01,False
U04413,R128,B32,A,VISUAL,INS03,PORE,1,2025-03-24 16:27:00,PLANT-SH-01,False
U04414,R128,B32,A,VISUAL,INS05,CRACK,1,2025-03-24 16:27:00,PLANT-SH-01,False
U04415,R128,B32,A,VISUAL,INS07,PORE,1,2025-03-24 16:27:00,PLANT-SH-01,False
U04416,R128,B32,A,VISUAL,INS08,PORE,1,2025-03-24 16:27:00,PLANT-SH-01,False
U04417,R128,B32,A,VISUAL,INS03,CONTAMINATION,1,2025-03-24 16:27:00,PLANT-SH-01,False
U04418,R128,B32,A,VISUAL,INS03,NONE,0,2025-03-24 16:27:00,PLANT-SH-01,False
U04419,R128,B32,A,VISUAL,INS01,NONE,0,2025-03-24 16:27:00,PLANT-SH-01,False
U04420,R128,B32,A,VISUAL,INS04,DIMENSION,1,2025-03-24 16:27:00,PLANT-SH-01,False
U04421,R128,B32,A,VISUAL,INS06,NONE,0,2025-03-24 16:27:00,PLANT-SH-01,False
U04422,R128,B32,A,VISUAL,INS01,NONE,0,2025-03-24 16:27:00,PLANT-SH-01,False
U04423,R128,B32,A,VISUAL,INS08,NONE,0,2025-03-24 16:27:00,PLANT-SH-01,False
U04424,R128,B32,A,VISUAL,INS08,NONE,0,2025-03-24 16:27:00,PLANT-SH-01,False
U04425,R128,B32,A,VISUAL,INS05,PORE,1,2025-03-24 16:27:00,PLANT-SH-01,False
U04426,R128,B32,A,VISUAL,INS02,CRACK,1,2025-03-24 16:27:00,PLANT-SH-01,False
U04427,R128,B32,A,DIMENSION,INS04,CRACK,1,2025-03-24 16:27:00,PLANT-SH-01,False
U04428,R128,B32,A,VISUAL,INS02,NONE,0,2025-03-24 16:27:00,PLANT-SH-01,False
U04429,R129,B33,B,VISUAL,INS07,NONE,0,2025-03-24 20:49:00,PLANT-SH-01,False
U04430,R129,B33,B,XRAY,INS04,NONE,0,2025-03-24 20:49:00,PLANT-SH-01,False
U04431,R129,B33,B,VISUAL,INS02,NONE,0,2025-03-24 20:49:00,PLANT-SH-01,False
U04432,R129,B33,B,VISUAL,INS04,NONE,0,2025-03-24 20:49:00,PLANT-SH-01,False
U04433,R129,B33,B,VISUAL,INS06,NONE,0,2025-03-24 20:49:00,PLANT-SH-01,False
U04434,R129,B33,B,VISUAL,INS03,NONE,0,2025-03-24 20:49:00,PLANT-SH-01,False
U04435,R129,B33,B,VISUAL,INS08,NONE,0,2025-03-24 20:49:00,PLANT-SH-01,False
U04436,R129,B33,B,VISUAL,INS08,NONE,0,2025-03-24 20:49:00,PLANT-SH-01,False
U04437,R129,B33,B,VISUAL,INS04,NONE,0,2025-03-24 20:49:00,PLANT-SH-01,False
U04438,R129,B33,B,VISUAL,INS05,NONE,0,2025-03-24 20:49:00,PLANT-SH-01,False
U04439,R129,B33,B,XRAY,INS02,NONE,0,2025-03-24 20:49:00,PLANT-SH-01,False
U04440,R129,B33,B,XRAY,INS01,NONE,0,2025-03-24 20:49:00,PLANT-SH-01,False
U04441,R129,B33,B,DIMENSION,INS07,NONE,0,2025-03-24 20:49:00,PLANT-SH-01,False
U04442,R129,B33,B,VISUAL,INS08,DIMENSION,1,2025-03-24 20:49:00,PLANT-SH-01,False
U04443,R129,B33,B,VISUAL,INS05,NONE,0,2025-03-24 20:49:00,PLANT-SH-01,False
U04444,R129,B33,B,VISUAL,INS05,NONE,0,2025-03-24 20:49:00,PLANT-SH-01,False
U04445,R129,B33,B,VISUAL,INS03,CRACK,1,2025-03-24 20:49:00,PLANT-SH-01,False
U04446,R129,B33,B,XRAY,INS05,NONE,0,2025-03-24 20:49:00,PLANT-SH-01,False
U04447,R129,B33,B,VISUAL,INS01,NONE,0,2025-03-24 20:49:00,PLANT-SH-01,False
U04448,R129,B33,B,XRAY,INS03,NONE,0,2025-03-24 20:49:00,PLANT-SH-01,False
U04449,R129,B33,B,XRAY,INS04,NONE,0,2025-03-24 20:49:00,PLANT-SH-01,False
U04450,R129,B33,B,XRAY,INS05,CRACK,1,2025-03-24 20:49:00,PLANT-SH-01,False
U04451,R129,B33,B,VISUAL,INS02,NONE,0,2025-03-24 20:49:00,PLANT-SH-01,False
U04452,R129,B33,B,VISUAL,INS06,NONE,0,2025-03-24 20:49:00,PLANT-SH-01,False
U04453,R129,B33,B,DIMENSION,INS05,NONE,0,2025-03-24 20:49:00,PLANT-SH-01,False
U04454,R129,B33,B,VISUAL,INS08,NONE,0,2025-03-24 20:49:00,PLANT-SH-01,False
U04455,R129,B33,B,VISUAL,INS08,NONE,0,2025-03-24 20:49:00,PLANT-SH-01,False
U04456,R129,B33,B,XRAY,INS05,NONE,0,2025-03-24 20:49:00,PLANT-SH-01,False
U04457,R129,B33,B,XRAY,INS07,NONE,0,2025-03-24 20:49:00,PLANT-SH-01,False
U04458,R129,B33,B,VISUAL,INS06,PORE,1,2025-03-24 20:49:00,PLANT-SH-01,False
U04459,R129,B33,B,VISUAL,INS04,DIMENSION,1,2025-03-24 20:49:00,PLANT-SH-01,False
U04460,R129,B33,B,VISUAL,INS01,NONE,0,2025-03-24 20:49:00,PLANT-SH-01,False
U04461,R129,B33,B,VISUAL,INS01,NONE,0,2025-03-24 20:49:00,PLANT-SH-01,False
U04462,R130,B33,B,VISUAL,INS08,NONE,0,2025-03-25 00:05:00,PLANT-SH-01,False
U04463,R130,B33,B,DIMENSION,INS01,NONE,0,2025-03-25 00:05:00,PLANT-SH-01,False
U04464,R130,B33,B,VISUAL,INS05,NONE,0,2025-03-25 00:05:00,PLANT-SH-01,False
U04465,R130,B33,B,DIMENSION,INS04,NONE,0,2025-03-25 00:05:00,PLANT-SH-01,False
U04466,R130,B33,B,XRAY,INS01,NONE,0,2025-03-25 00:05:00,PLANT-SH-01,False
U04467,R130,B33,B,DIMENSION,INS04,NONE,0,2025-03-25 00:05:00,PLANT-SH-01,False
U04468,R130,B33,B,VISUAL,INS03,NONE,0,2025-03-25 00:05:00,PLANT-SH-01,False
U04469,R130,B33,B,VISUAL,INS03,NONE,0,2025-03-25 00:05:00,PLANT-SH-01,False
U04470,R130,B33,B,VISUAL,INS04,NONE,0,2025-03-25 00:05:00,PLANT-SH-01,False
U04471,R130,B33,B,VISUAL,INS03,NONE,0,2025-03-25 00:05:00,PLANT-SH-01,False
U04472,R130,B33,B,XRAY,INS07,NONE,0,2025-03-25 00:05:00,PLANT-SH-01,False
U04473,R130,B33,B,VISUAL,INS06,NONE,0,2025-03-25 00:05:00,PLANT-SH-01,False
U04474,R130,B33,B,VISUAL,INS08,NONE,0,2025-03-25 00:05:00,PLANT-SH-01,False
U04475,R130,B33,B,VISUAL,INS08,NONE,0,2025-03-25 00:05:00,PLANT-SH-01,False
U04476,R130,B33,B,VISUAL,INS05,NONE,0,2025-03-25 00:05:00,PLANT-SH-01,False
U04477,R130,B33,B,VISUAL,INS03,NONE,0,2025-03-25 00:05:00,PLANT-SH-01,False
U04478,R130,B33,B,DIMENSION,INS05,NONE,0,2025-03-25 00:05:00,PLANT-SH-01,False
U04479,R130,B33,B,VISUAL,INS02,NONE,0,2025-03-25 00:05:00,PLANT-SH-01,False
U04480,R130,B33,B,VISUAL,INS03,NONE,0,2025-03-25 00:05:00,PLANT-SH-01,False
U04481,R130,B33,B,VISUAL,INS05,NONE,0,2025-03-25 00:05:00,PLANT-SH-01,False
U04482,R130,B33,B,VISUAL,INS05,NONE,0,2025-03-25 00:05:00,PLANT-SH-01,False
U04483,R130,B33,B,XRAY,INS06,NONE,0,2025-03-25 00:05:00,PLANT-SH-01,False
U04484,R130,B33,B,VISUAL,INS03,NONE,0,2025-03-25 00:05:00,PLANT-SH-01,False
U04485,R130,B33,B,VISUAL,INS05,NONE,0,2025-03-25 00:05:00,PLANT-SH-01,False
U04486,R130,B33,B,XRAY,INS03,NONE,0,2025-03-25 00:05:00,PLANT-SH-01,False
U04487,R130,B33,B,VISUAL,INS03,NONE,0,2025-03-25 00:05:00,PLANT-SH-01,False
U04488,R130,B33,B,VISUAL,INS06,NONE,0,2025-03-25 00:05:00,PLANT-SH-01,False
U04489,R130,B33,B,XRAY,INS04,NONE,0,2025-03-25 00:05:00,PLANT-SH-01,False
U04490,R130,B33,B,VISUAL,INS06,NONE,0,2025-03-25 00:05:00,PLANT-SH-01,False
U04491,R130,B33,B,VISUAL,INS08,NONE,0,2025-03-25 00:05:00,PLANT-SH-01,False
U04492,R130,B33,B,VISUAL,INS06,NONE,0,2025-03-25 00:05:00,PLANT-SH-01,False
U04493,R130,B33,B,VISUAL,INS03,NONE,0,2025-03-25 00:05:00,PLANT-SH-01,False
U04494,R130,B33,B,XRAY,INS06,NONE,0,2025-03-25 00:05:00,PLANT-SH-01,False
U04495,R130,B33,B,VISUAL,INS04,NONE,0,2025-03-25 00:05:00,PLANT-SH-01,False
U04496,R130,B33,B,VISUAL,INS04,NONE,0,2025-03-25 00:05:00,PLANT-SH-01,False
U04497,R130,B33,B,XRAY,INS06,NONE,0,2025-03-25 00:05:00,PLANT-SH-01,False
U04498,R130,B33,B,VISUAL,INS01,NONE,0,2025-03-25 00:05:00,PLANT-SH-01,False
U04499,R130,B33,B,VISUAL,INS03,NONE,0,2025-03-25 00:05:00,PLANT-SH-01,False
U04500,R131,B33,C,DIMENSION,INS04,NONE,0,2025-03-25 04:26:00,PLANT-SH-01,False
U04501,R131,B33,C,VISUAL,INS04,NONE,0,2025-03-25 04:26:00,PLANT-SH-01,False
U04502,R131,B33,C,VISUAL,INS03,NONE,0,2025-03-25 04:26:00,PLANT-SH-01,False
U04503,R131,B33,C,XRAY,INS02,NONE,0,2025-03-25 04:26:00,PLANT-SH-01,False
U04504,R131,B33,C,XRAY,INS01,NONE,0,2025-03-25 04:26:00,PLANT-SH-01,False
U04505,R131,B33,C,VISUAL,INS06,NONE,0,2025-03-25 04:26:00,PLANT-SH-01,False
U04506,R131,B33,C,VISUAL,INS04,NONE,0,2025-03-25 04:26:00,PLANT-SH-01,False
U04507,R131,B33,C,DIMENSION,INS06,NONE,0,2025-03-25 04:26:00,PLANT-SH-01,False
U04508,R131,B33,C,XRAY,INS05,NONE,0,2025-03-25 04:26:00,PLANT-SH-01,False
U04509,R131,B33,C,VISUAL,INS04,NONE,0,2025-03-25 04:26:00,PLANT-SH-01,False
U04510,R131,B33,C,VISUAL,INS05,NONE,0,2025-03-25 04:26:00,PLANT-SH-01,False
U04511,R131,B33,C,XRAY,INS01,NONE,0,2025-03-25 04:26:00,PLANT-SH-01,False
U04512,R131,B33,C,DIMENSION,INS03,NONE,0,2025-03-25 04:26:00,PLANT-SH-01,False
U04513,R131,B33,C,VISUAL,INS04,NONE,0,2025-03-25 04:26:00,PLANT-SH-01,False
U04514,R131,B33,C,XRAY,INS05,NONE,0,2025-03-25 04:26:00,PLANT-SH-01,False
U04515,R131,B33,C,VISUAL,INS02,NONE,0,2025-03-25 04:26:00,PLANT-SH-01,False
U04516,R131,B33,C,DIMENSION,INS06,NONE,0,2025-03-25 04:26:00,PLANT-SH-01,False
U04517,R131,B33,C,VISUAL,INS04,NONE,0,2025-03-25 04:26:00,PLANT-SH-01,False
U04518,R131,B33,C,VISUAL,INS06,NONE,0,2025-03-25 04:26:00,PLANT-SH-01,False
U04519,R131,B33,C,VISUAL,INS03,NONE,0,2025-03-25 04:26:00,PLANT-SH-01,False
U04520,R131,B33,C,DIMENSION,INS04,NONE,0,2025-03-25 04:26:00,PLANT-SH-01,False
U04521,R131,B33,C,VISUAL,INS05,NONE,0,2025-03-25 04:26:00,PLANT-SH-01,False
U04522,R131,B33,C,VISUAL,INS03,NONE,0,2025-03-25 04:26:00,PLANT-SH-01,False
U04523,R131,B33,C,DIMENSION,INS05,NONE,0,2025-03-25 04:26:00,PLANT-SH-01,False
U04524,R131,B33,C,VISUAL,INS01,NONE,0,2025-03-25 04:26:00,PLANT-SH-01,False
U04525,R131,B33,C,VISUAL,INS04,NONE,0,2025-03-25 04:26:00,PLANT-SH-01,False
U04526,R131,B33,C,VISUAL,INS04,NONE,0,2025-03-25 04:26:00,PLANT-SH-01,False
U04527,R131,B33,C,VISUAL,INS01,NONE,0,2025-03-25 04:26:00,PLANT-SH-01,False
U04528,R131,B33,C,VISUAL,INS02,NONE,0,2025-03-25 04:26:00,PLANT-SH-01,False
U04529,R131,B33,C,XRAY,INS08,NONE,0,2025-03-25 04:26:00,PLANT-SH-01,False
U04530,R131,B33,C,VISUAL,INS06,NONE,0,2025-03-25 04:26:00,PLANT-SH-01,False
U04531,R131,B33,C,VISUAL,INS03,NONE,0,2025-03-25 04:26:00,PLANT-SH-01,False
U04532,R132,B33,C,DIMENSION,,NONE,0,2025-03-25 08:15:00,PLANT-SH-01,False
U04533,R132,B33,C,XRAY,INS03,NONE,0,2025-03-25 08:15:00,PLANT-SH-01,False
U04534,R132,B33,C,VISUAL,INS03,NONE,0,2025-03-25 08:15:00,PLANT-SH-01,False
U04535,R132,B33,C,VISUAL,INS07,NONE,0,2025-03-25 08:15:00,PLANT-SH-01,False
U04536,R132,B33,C,VISUAL,INS04,NONE,0,2025-03-25 08:15:00,PLANT-SH-01,False
U04537,R132,B33,C,VISUAL,INS07,NONE,0,2025-03-25 08:15:00,PLANT-SH-01,False
U04538,R132,B33,C,VISUAL,INS05,NONE,0,2025-03-25 08:15:00,PLANT-SH-01,False
U04539,R132,B33,C,VISUAL,INS05,NONE,0,2025-03-25 08:15:00,PLANT-SH-01,False
U04540,R132,B33,C,VISUAL,INS04,NONE,0,2025-03-25 08:15:00,PLANT-SH-01,False
U04541,R132,B33,C,XRAY,INS07,NONE,0,2025-03-25 08:15:00,PLANT-SH-01,False
U04542,R132,B33,C,VISUAL,INS04,NONE,0,2025-03-25 08:15:00,PLANT-SH-01,False
U04543,R132,B33,C,VISUAL,INS02,NONE,0,2025-03-25 08:15:00,PLANT-SH-01,False
U04544,R132,B33,C,VISUAL,INS02,NONE,0,2025-03-25 08:15:00,PLANT-SH-01,False
U04545,R132,B33,C,VISUAL,INS07,NONE,0,2025-03-25 08:15:00,PLANT-SH-01,False
U04546,R132,B33,C,DIMENSION,INS02,NONE,0,2025-03-25 08:15:00,PLANT-SH-01,False
U04547,R132,B33,C,VISUAL,INS02,NONE,0,2025-03-25 08:15:00,PLANT-SH-01,False
U04548,R132,B33,C,VISUAL,INS03,NONE,0,2025-03-25 08:15:00,PLANT-SH-01,False
U04549,R132,B33,C,VISUAL,INS05,NONE,0,2025-03-25 08:15:00,PLANT-SH-01,False
U04550,R132,B33,C,XRAY,INS03,NONE,0,2025-03-25 08:15:00,PLANT-SH-01,False
U04551,R132,B33,C,VISUAL,INS07,NONE,0,2025-03-25 08:15:00,PLANT-SH-01,False
U04552,R132,B33,C,VISUAL,INS05,NONE,0,2025-03-25 08:15:00,PLANT-SH-01,False
U04553,R132,B33,C,DIMENSION,INS08,NONE,0,2025-03-25 08:15:00,PLANT-SH-01,False
U04554,R132,B33,C,XRAY,INS06,NONE,0,2025-03-25 08:15:00,PLANT-SH-01,False
U04555,R132,B33,C,VISUAL,INS07,NONE,0,2025-03-25 08:15:00,PLANT-SH-01,False
U04556,R132,B33,C,XRAY,INS02,NONE,0,2025-03-25 08:15:00,PLANT-SH-01,False
U04557,R132,B33,C,XRAY,INS08,NONE,0,2025-03-25 08:15:00,PLANT-SH-01,False
U04558,R132,B33,C,XRAY,INS08,NONE,0,2025-03-25 08:15:00,PLANT-SH-01,False
U04559,R132,B33,C,VISUAL,INS08,NONE,0,2025-03-25 08:15:00,PLANT-SH-01,False
U04560,R132,B33,C,VISUAL,INS05,NONE,0,2025-03-25 08:15:00,PLANT-SH-01,False
U04561,R132,B33,C,VISUAL,INS04,NONE,0,2025-03-25 08:15:00,PLANT-SH-01,False
U04562,R132,B33,C,XRAY,INS08,NONE,0,2025-03-25 08:15:00,PLANT-SH-01,False
U04563,R132,B33,C,VISUAL,INS03,NONE,0,2025-03-25 08:15:00,PLANT-SH-01,False
U04564,R132,B33,C,XRAY,INS08,NONE,0,2025-03-25 08:15:00,PLANT-SH-01,False
U04565,R132,B33,C,XRAY,INS02,NONE,0,2025-03-25 08:15:00,PLANT-SH-01,False
U04566,R132,B33,C,VISUAL,INS03,NONE,0,2025-03-25 08:15:00,PLANT-SH-01,False
U04567,R132,B33,C,VISUAL,INS06,NONE,0,2025-03-25 08:15:00,PLANT-SH-01,False
U04568,R132,B33,C,VISUAL,INS03,NONE,0,2025-03-25 08:15:00,PLANT-SH-01,False
U04569,R132,B33,C,VISUAL,INS02,NONE,0,2025-03-25 08:15:00,PLANT-SH-01,False
U04570,R133,B34,A,VISUAL,INS03,NONE,0,2025-03-25 12:32:00,PLANT-SH-01,False
U04571,R133,B34,A,VISUAL,INS06,NONE,0,2025-03-25 12:32:00,PLANT-SH-01,False
U04572,R133,B34,A,VISUAL,INS01,NONE,0,2025-03-25 12:32:00,PLANT-SH-01,False
U04573,R133,B34,A,VISUAL,INS08,NONE,0,2025-03-25 12:32:00,PLANT-SH-01,False
U04574,R133,B34,A,VISUAL,INS02,NONE,0,2025-03-25 12:32:00,PLANT-SH-01,False
U04575,R133,B34,A,VISUAL,INS01,NONE,0,2025-03-25 12:32:00,PLANT-SH-01,False
U04576,R133,B34,A,XRAY,INS02,NONE,0,2025-03-25 12:32:00,PLANT-SH-01,False
U04577,R133,B34,A,VISUAL,INS03,NONE,0,2025-03-25 12:32:00,PLANT-SH-01,False
U04578,R133,B34,A,VISUAL,INS06,NONE,0,2025-03-25 12:32:00,PLANT-SH-01,False
U04579,R133,B34,A,VISUAL,INS08,NONE,0,2025-03-25 12:32:00,PLANT-SH-01,False
U04580,R133,B34,A,VISUAL,INS04,NONE,0,2025-03-25 12:32:00,PLANT-SH-01,False
U04581,R133,B34,A,DIMENSION,INS05,NONE,0,2025-03-25 12:32:00,PLANT-SH-01,False
U04582,R133,B34,A,VISUAL,INS08,NONE,0,2025-03-25 12:32:00,PLANT-SH-01,False
U04583,R133,B34,A,VISUAL,INS04,NONE,0,2025-03-25 12:32:00,PLANT-SH-01,False
U04584,R133,B34,A,XRAY,INS07,NONE,0,2025-03-25 12:32:00,PLANT-SH-01,False
U04585,R133,B34,A,VISUAL,INS08,NONE,0,2025-03-25 12:32:00,PLANT-SH-01,False
U04586,R133,B34,A,VISUAL,INS08,NONE,0,2025-03-25 12:32:00,PLANT-SH-01,False
U04587,R133,B34,A,XRAY,INS02,NONE,0,2025-03-25 12:32:00,PLANT-SH-01,False
U04588,R133,B34,A,DIMENSION,INS07,NONE,0,2025-03-25 12:32:00,PLANT-SH-01,False
U04589,R133,B34,A,VISUAL,INS06,NONE,0,2025-03-25 12:32:00,PLANT-SH-01,False
U04590,R133,B34,A,XRAY,INS05,NONE,0,2025-03-25 12:32:00,PLANT-SH-01,False
U04591,R133,B34,A,XRAY,INS03,NONE,0,2025-03-25 12:32:00,PLANT-SH-01,False
U04592,R133,B34,A,XRAY,INS07,NONE,0,2025-03-25 12:32:00,PLANT-SH-01,False
U04593,R133,B34,A,VISUAL,INS01,NONE,0,2025-03-25 12:32:00,PLANT-SH-01,False
U04594,R133,B34,A,VISUAL,INS08,NONE,0,2025-03-25 12:32:00,PLANT-SH-01,False
U04595,R133,B34,A,XRAY,INS04,NONE,0,2025-03-25 12:32:00,PLANT-SH-01,False
U04596,R133,B34,A,DIMENSION,INS07,NONE,0,2025-03-25 12:32:00,PLANT-SH-01,False
U04597,R133,B34,A,VISUAL,INS01,NONE,0,2025-03-25 12:32:00,PLANT-SH-01,False
U04598,R133,B34,A,VISUAL,INS04,NONE,0,2025-03-25 12:32:00,PLANT-SH-01,False
U04599,R133,B34,A,XRAY,INS06,NONE,0,2025-03-25 12:32:00,PLANT-SH-01,False
U04600,R133,B34,A,XRAY,INS04,NONE,0,2025-03-25 12:32:00,PLANT-SH-01,False
U04601,R133,B34,A,XRAY,INS06,NONE,0,2025-03-25 12:32:00,PLANT-SH-01,False
U04602,R133,B34,A,DIMENSION,INS05,NONE,0,2025-03-25 12:32:00,PLANT-SH-01,False
U04603,R133,B34,A,XRAY,INS03,NONE,0,2025-03-25 12:32:00,PLANT-SH-01,False
U04604,R134,B34,A,VISUAL,INS03,NONE,0,2025-03-25 17:14:00,PLANT-SH-01,False
U04605,R134,B34,A,VISUAL,INS05,NONE,0,2025-03-25 17:14:00,PLANT-SH-01,False
U04606,R134,B34,A,VISUAL,INS04,NONE,0,2025-03-25 17:14:00,PLANT-SH-01,False
U04607,R134,B34,A,VISUAL,INS07,NONE,0,2025-03-25 17:14:00,PLANT-SH-01,False
U04608,R134,B34,A,VISUAL,INS08,NONE,0,2025-03-25 17:14:00,PLANT-SH-01,False
U04609,R134,B34,A,VISUAL,INS05,NONE,0,2025-03-25 17:14:00,PLANT-SH-01,False
U04610,R134,B34,A,VISUAL,INS03,NONE,0,2025-03-25 17:14:00,PLANT-SH-01,False
U04611,R134,B34,A,VISUAL,INS01,NONE,0,2025-03-25 17:14:00,PLANT-SH-01,False
U04612,R134,B34,A,VISUAL,INS05,NONE,0,2025-03-25 17:14:00,PLANT-SH-01,False
U04613,R134,B34,A,VISUAL,INS01,NONE,0,2025-03-25 17:14:00,PLANT-SH-01,False
U04614,R134,B34,A,DIMENSION,INS01,NONE,0,2025-03-25 17:14:00,PLANT-SH-01,False
U04615,R134,B34,A,VISUAL,INS07,NONE,0,2025-03-25 17:14:00,PLANT-SH-01,False
U04616,R134,B34,A,VISUAL,INS05,NONE,0,2025-03-25 17:14:00,PLANT-SH-01,False
U04617,R134,B34,A,VISUAL,INS02,NONE,0,2025-03-25 17:14:00,PLANT-SH-01,False
U04618,R134,B34,A,XRAY,INS04,NONE,0,2025-03-25 17:14:00,PLANT-SH-01,False
U04619,R134,B34,A,VISUAL,INS02,NONE,0,2025-03-25 17:14:00,PLANT-SH-01,False
U04620,R134,B34,A,DIMENSION,INS06,NONE,0,2025-03-25 17:14:00,PLANT-SH-01,False
U04621,R134,B34,A,VISUAL,INS06,NONE,0,2025-03-25 17:14:00,PLANT-SH-01,False
U04622,R134,B34,A,VISUAL,INS03,NONE,0,2025-03-25 17:14:00,PLANT-SH-01,False
U04623,R134,B34,A,VISUAL,INS07,NONE,0,2025-03-25 17:14:00,PLANT-SH-01,False
U04624,R134,B34,A,XRAY,INS07,NONE,0,2025-03-25 17:14:00,PLANT-SH-01,False
U04625,R134,B34,A,XRAY,INS05,NONE,0,2025-03-25 17:14:00,PLANT-SH-01,False
U04626,R134,B34,A,VISUAL,INS05,NONE,0,2025-03-25 17:14:00,PLANT-SH-01,False
U04627,R134,B34,A,DIMENSION,INS07,NONE,0,2025-03-25 17:14:00,PLANT-SH-01,False
U04628,R134,B34,A,XRAY,INS06,NONE,0,2025-03-25 17:14:00,PLANT-SH-01,False
U04629,R134,B34,A,VISUAL,INS02,NONE,0,2025-03-25 17:14:00,PLANT-SH-01,False
U04630,R134,B34,A,VISUAL,INS06,NONE,0,2025-03-25 17:14:00,PLANT-SH-01,False
U04631,R134,B34,A,VISUAL,INS02,NONE,0,2025-03-25 17:14:00,PLANT-SH-01,False
U04632,R134,B34,A,DIMENSION,INS06,NONE,0,2025-03-25 17:14:00,PLANT-SH-01,False
U04633,R134,B34,A,XRAY,INS06,NONE,0,2025-03-25 17:14:00,PLANT-SH-01,False
U04634,R134,B34,A,XRAY,INS01,NONE,0,2025-03-25 17:14:00,PLANT-SH-01,False
U04635,R134,B34,A,XRAY,INS03,NONE,0,2025-03-25 17:14:00,PLANT-SH-01,False
U04636,R135,B34,B,VISUAL,INS05,NONE,0,2025-03-25 20:54:00,PLANT-SH-01,False
U04637,R135,B34,B,XRAY,INS04,NONE,0,2025-03-25 20:54:00,PLANT-SH-01,False
U04638,R135,B34,B,VISUAL,INS06,NONE,0,2025-03-25 20:54:00,PLANT-SH-01,False
U04639,R135,B34,B,VISUAL,INS04,NONE,0,2025-03-25 20:54:00,PLANT-SH-01,False
U04640,R135,B34,B,VISUAL,INS07,NONE,0,2025-03-25 20:54:00,PLANT-SH-01,False
U04641,R135,B34,B,DIMENSION,INS07,NONE,0,2025-03-25 20:54:00,PLANT-SH-01,False
U04642,R135,B34,B,DIMENSION,INS07,NONE,0,2025-03-25 20:54:00,PLANT-SH-01,False
U04643,R135,B34,B,XRAY,INS04,NONE,0,2025-03-25 20:54:00,PLANT-SH-01,False
U04644,R135,B34,B,VISUAL,INS04,NONE,0,2025-03-25 20:54:00,PLANT-SH-01,False
U04645,R135,B34,B,VISUAL,INS05,NONE,0,2025-03-25 20:54:00,PLANT-SH-01,False
U04646,R135,B34,B,DIMENSION,INS05,NONE,0,2025-03-25 20:54:00,PLANT-SH-01,False
U04647,R135,B34,B,VISUAL,INS07,NONE,0,2025-03-25 20:54:00,PLANT-SH-01,False
U04648,R135,B34,B,VISUAL,INS08,NONE,0,2025-03-25 20:54:00,PLANT-SH-01,False
U04649,R135,B34,B,VISUAL,INS07,NONE,0,2025-03-25 20:54:00,PLANT-SH-01,False
U04650,R135,B34,B,XRAY,INS03,NONE,0,2025-03-25 20:54:00,PLANT-SH-01,False
U04651,R135,B34,B,VISUAL,INS02,NONE,0,2025-03-25 20:54:00,PLANT-SH-01,False
U04652,R135,B34,B,VISUAL,INS08,NONE,0,2025-03-25 20:54:00,PLANT-SH-01,False
U04653,R135,B34,B,XRAY,INS03,NONE,0,2025-03-25 20:54:00,PLANT-SH-01,False
U04654,R135,B34,B,XRAY,INS08,NONE,0,2025-03-25 20:54:00,PLANT-SH-01,False
U04655,R135,B34,B,XRAY,INS02,NONE,0,2025-03-25 20:54:00,PLANT-SH-01,False
U04656,R135,B34,B,XRAY,INS07,NONE,0,2025-03-25 20:54:00,PLANT-SH-01,False
U04657,R135,B34,B,XRAY,INS01,NONE,0,2025-03-25 20:54:00,PLANT-SH-01,False
U04658,R135,B34,B,XRAY,INS08,NONE,0,2025-03-25 20:54:00,PLANT-SH-01,False
U04659,R135,B34,B,VISUAL,INS05,NONE,0,2025-03-25 20:54:00,PLANT-SH-01,False
U04660,R135,B34,B,XRAY,INS08,NONE,0,2025-03-25 20:54:00,PLANT-SH-01,False
U04661,R135,B34,B,VISUAL,INS05,NONE,0,2025-03-25 20:54:00,PLANT-SH-01,False
U04662,R135,B34,B,VISUAL,INS04,NONE,0,2025-03-25 20:54:00,PLANT-SH-01,False
U04663,R135,B34,B,DIMENSION,INS03,NONE,0,2025-03-25 20:54:00,PLANT-SH-01,False
U04664,R135,B34,B,VISUAL,INS03,NONE,0,2025-03-25 20:54:00,PLANT-SH-01,False
U04665,R135,B34,B,VISUAL,INS08,NONE,0,2025-03-25 20:54:00,PLANT-SH-01,False
U04666,R135,B34,B,XRAY,INS08,NONE,0,2025-03-25 20:54:00,PLANT-SH-01,False
U04667,R135,B34,B,VISUAL,INS06,NONE,0,2025-03-25 20:54:00,PLANT-SH-01,False
U04668,R135,B34,B,XRAY,INS06,NONE,0,2025-03-25 20:54:00,PLANT-SH-01,False
U04669,R135,B34,B,XRAY,INS05,NONE,0,2025-03-25 20:54:00,PLANT-SH-01,False
U04670,R135,B34,B,DIMENSION,INS05,NONE,0,2025-03-25 20:54:00,PLANT-SH-01,False
U04671,R135,B34,B,VISUAL,INS08,NONE,0,2025-03-25 20:54:00,PLANT-SH-01,False
U04672,R135,B34,B,XRAY,INS04,NONE,0,2025-03-25 20:54:00,PLANT-SH-01,False
U04673,R135,B34,B,VISUAL,INS05,NONE,0,2025-03-25 20:54:00,PLANT-SH-01,False
U04674,R135,B34,B,DIMENSION,INS03,NONE,0,2025-03-25 20:54:00,PLANT-SH-01,False
U04675,R135,B34,B,XRAY,INS06,NONE,0,2025-03-25 20:54:00,PLANT-SH-01,False
U04676,R136,B34,B,VISUAL,INS02,NONE,0,2025-03-26 00:02:00,PLANT-SH-01,False
U04677,R136,B34,B,VISUAL,INS05,PORE,1,2025-03-26 00:02:00,PLANT-SH-01,False
U04678,R136,B34,B,DIMENSION,INS06,NONE,0,2025-03-26 00:02:00,PLANT-SH-01,False
U04679,R136,B34,B,VISUAL,INS07,PORE,1,2025-03-26 00:02:00,PLANT-SH-01,False
U04680,R136,B34,B,XRAY,INS05,NONE,0,2025-03-26 00:02:00,PLANT-SH-01,False
U04681,R136,B34,B,VISUAL,INS02,NONE,0,2025-03-26 00:02:00,PLANT-SH-01,False
U04682,R136,B34,B,VISUAL,INS07,NONE,0,2025-03-26 00:02:00,PLANT-SH-01,False
U04683,R136,B34,B,XRAY,INS03,NONE,0,2025-03-26 00:02:00,PLANT-SH-01,False
U04684,R136,B34,B,XRAY,INS04,NONE,0,2025-03-26 00:02:00,PLANT-SH-01,False
U04685,R136,B34,B,DIMENSION,INS02,NONE,0,2025-03-26 00:02:00,PLANT-SH-01,False
U04686,R136,B34,B,XRAY,INS03,NONE,0,2025-03-26 00:02:00,PLANT-SH-01,False
U04687,R136,B34,B,VISUAL,INS01,NONE,0,2025-03-26 00:02:00,PLANT-SH-01,False
U04688,R136,B34,B,VISUAL,INS08,CRACK,1,2025-03-26 00:02:00,PLANT-SH-01,False
U04689,R136,B34,B,VISUAL,INS04,NONE,0,2025-03-26 00:02:00,PLANT-SH-01,False
U04690,R136,B34,B,VISUAL,INS03,PORE,1,2025-03-26 00:02:00,PLANT-SH-01,False
U04691,R136,B34,B,XRAY,INS01,NONE,0,2025-03-26 00:02:00,PLANT-SH-01,False
U04692,R136,B34,B,VISUAL,INS04,NONE,0,2025-03-26 00:02:00,PLANT-SH-01,False
U04693,R136,B34,B,DIMENSION,INS08,NONE,0,2025-03-26 00:02:00,PLANT-SH-01,False
U04694,R136,B34,B,VISUAL,INS05,PORE,1,2025-03-26 00:02:00,PLANT-SH-01,False
U04695,R136,B34,B,XRAY,INS07,NONE,0,2025-03-26 00:02:00,PLANT-SH-01,False
U04696,R136,B34,B,XRAY,INS04,NONE,0,2025-03-26 00:02:00,PLANT-SH-01,False
U04697,R136,B34,B,XRAY,INS08,PORE,1,2025-03-26 00:02:00,PLANT-SH-01,False
U04698,R136,B34,B,DIMENSION,INS02,NONE,0,2025-03-26 00:02:00,PLANT-SH-01,False
U04699,R136,B34,B,VISUAL,INS06,NONE,0,2025-03-26 00:02:00,PLANT-SH-01,False
U04700,R136,B34,B,XRAY,INS03,NONE,0,2025-03-26 00:02:00,PLANT-SH-01,False
U04701,R136,B34,B,XRAY,INS08,NONE,0,2025-03-26 00:02:00,PLANT-SH-01,False
U04702,R136,B34,B,VISUAL,INS07,NONE,0,2025-03-26 00:02:00,PLANT-SH-01,False
U04703,R136,B34,B,VISUAL,INS06,DIMENSION,1,2025-03-26 00:02:00,PLANT-SH-01,False
U04704,R136,B34,B,XRAY,INS06,NONE,0,2025-03-26 00:02:00,PLANT-SH-01,False
U04705,R136,B34,B,XRAY,INS03,NONE,0,2025-03-26 00:02:00,PLANT-SH-01,False
U04706,R136,B34,B,DIMENSION,INS03,NONE,0,2025-03-26 00:02:00,PLANT-SH-01,False
U04707,R136,B34,B,XRAY,INS02,NONE,0,2025-03-26 00:02:00,PLANT-SH-01,False
U04708,R136,B34,B,XRAY,INS03,DIMENSION,1,2025-03-26 00:02:00,PLANT-SH-01,False
U04709,R136,B34,B,DIMENSION,INS07,NONE,0,2025-03-26 00:02:00,PLANT-SH-01,False
U04710,R137,B35,C,XRAY,INS04,NONE,0,2025-03-26 04:38:00,PLANT-SH-01,False
U04711,R137,B35,C,XRAY,INS07,DIMENSION,1,2025-03-26 04:38:00,PLANT-SH-01,False
U04712,R137,B35,C,DIMENSION,INS07,PORE,1,2025-03-26 04:38:00,PLANT-SH-01,False
U04713,R137,B35,C,XRAY,INS02,DIMENSION,1,2025-03-26 04:38:00,PLANT-SH-01,False
U04714,R137,B35,C,VISUAL,INS04,PORE,1,2025-03-26 04:38:00,PLANT-SH-01,False
U04715,R137,B35,C,VISUAL,INS07,EDGE,1,2025-03-26 04:38:00,PLANT-SH-01,False
U04716,R137,B35,C,XRAY,INS04,NONE,0,2025-03-26 04:38:00,PLANT-SH-01,False
U04717,R137,B35,C,VISUAL,INS01,NONE,0,2025-03-26 04:38:00,PLANT-SH-01,False
U04718,R137,B35,C,VISUAL,INS03,NONE,0,2025-03-26 04:38:00,PLANT-SH-01,False
U04719,R137,B35,C,XRAY,INS05,NONE,0,2025-03-26 04:38:00,PLANT-SH-01,False
U04720,R137,B35,C,VISUAL,INS08,NONE,0,2025-03-26 04:38:00,PLANT-SH-01,False
U04721,R137,B35,C,VISUAL,INS02,NONE,0,2025-03-26 04:38:00,PLANT-SH-01,False
U04722,R137,B35,C,VISUAL,INS07,CONTAMINATION,1,2025-03-26 04:38:00,PLANT-SH-01,False
U04723,R137,B35,C,VISUAL,INS03,PORE,1,2025-03-26 04:38:00,PLANT-SH-01,False
U04724,R137,B35,C,DIMENSION,INS05,NONE,0,2025-03-26 04:38:00,PLANT-SH-01,False
U04725,R137,B35,C,VISUAL,INS04,PORE,1,2025-03-26 04:38:00,PLANT-SH-01,False
U04726,R137,B35,C,XRAY,INS06,NONE,0,2025-03-26 04:38:00,PLANT-SH-01,False
U04727,R137,B35,C,VISUAL,INS07,NONE,0,2025-03-26 04:38:00,PLANT-SH-01,False
U04728,R137,B35,C,VISUAL,INS06,NONE,0,2025-03-26 04:38:00,PLANT-SH-01,False
U04729,R137,B35,C,XRAY,INS03,NONE,0,2025-03-26 04:38:00,PLANT-SH-01,False
U04730,R137,B35,C,XRAY,INS02,NONE,0,2025-03-26 04:38:00,PLANT-SH-01,False
U04731,R137,B35,C,XRAY,INS03,NONE,0,2025-03-26 04:38:00,PLANT-SH-01,False
U04732,R137,B35,C,VISUAL,INS05,NONE,0,2025-03-26 04:38:00,PLANT-SH-01,False
U04733,R137,B35,C,XRAY,INS04,NONE,0,2025-03-26 04:38:00,PLANT-SH-01,False
U04734,R137,B35,C,DIMENSION,INS08,CONTAMINATION,1,2025-03-26 04:38:00,PLANT-SH-01,False
U04735,R137,B35,C,VISUAL,INS08,NONE,0,2025-03-26 04:38:00,PLANT-SH-01,False
U04736,R137,B35,C,XRAY,INS07,NONE,0,2025-03-26 04:38:00,PLANT-SH-01,False
U04737,R137,B35,C,VISUAL,INS03,PORE,1,2025-03-26 04:38:00,PLANT-SH-01,False
U04738,R137,B35,C,XRAY,INS08,PORE,1,2025-03-26 04:38:00,PLANT-SH-01,False
U04739,R137,B35,C,XRAY,INS05,NONE,0,2025-03-26 04:38:00,PLANT-SH-01,False
U04740,R137,B35,C,XRAY,INS06,NONE,0,2025-03-26 04:38:00,PLANT-SH-01,False
U04741,R137,B35,C,VISUAL,INS01,CRACK,1,2025-03-26 04:38:00,PLANT-SH-01,False
U04742,R138,B35,C,XRAY,INS03,NONE,0,2025-03-26 08:05:00,PLANT-SH-01,False
U04743,R138,B35,C,VISUAL,INS01,NONE,0,2025-03-26 08:05:00,PLANT-SH-01,False
U04744,R138,B35,C,VISUAL,INS08,NONE,0,2025-03-26 08:05:00,PLANT-SH-01,False
U04745,R138,B35,C,VISUAL,INS06,NONE,0,2025-03-26 08:05:00,PLANT-SH-01,False
U04746,R138,B35,C,VISUAL,INS01,NONE,0,2025-03-26 08:05:00,PLANT-SH-01,False
U04747,R138,B35,C,XRAY,INS07,NONE,0,2025-03-26 08:05:00,PLANT-SH-01,False
U04748,R138,B35,C,VISUAL,INS05,NONE,0,2025-03-26 08:05:00,PLANT-SH-01,False
U04749,R138,B35,C,XRAY,INS06,NONE,0,2025-03-26 08:05:00,PLANT-SH-01,False
U04750,R138,B35,C,VISUAL,INS01,NONE,0,2025-03-26 08:05:00,PLANT-SH-01,False
U04751,R138,B35,C,VISUAL,INS02,NONE,0,2025-03-26 08:05:00,PLANT-SH-01,False
U04752,R138,B35,C,VISUAL,INS04,NONE,0,2025-03-26 08:05:00,PLANT-SH-01,False
U04753,R138,B35,C,DIMENSION,INS07,NONE,0,2025-03-26 08:05:00,PLANT-SH-01,False
U04754,R138,B35,C,DIMENSION,INS08,NONE,0,2025-03-26 08:05:00,PLANT-SH-01,False
U04755,R138,B35,C,VISUAL,INS03,NONE,0,2025-03-26 08:05:00,PLANT-SH-01,False
U04756,R138,B35,C,DIMENSION,INS03,NONE,0,2025-03-26 08:05:00,PLANT-SH-01,False
U04757,R138,B35,C,VISUAL,INS04,PORE,1,2025-03-26 08:05:00,PLANT-SH-01,False
U04758,R138,B35,C,VISUAL,INS05,NONE,0,2025-03-26 08:05:00,PLANT-SH-01,False
U04759,R138,B35,C,VISUAL,INS01,NONE,0,2025-03-26 08:05:00,PLANT-SH-01,False
U04760,R138,B35,C,DIMENSION,INS05,NONE,0,2025-03-26 08:05:00,PLANT-SH-01,False
U04761,R138,B35,C,VISUAL,INS08,NONE,0,2025-03-26 08:05:00,PLANT-SH-01,False
U04762,R138,B35,C,DIMENSION,INS02,NONE,0,2025-03-26 08:05:00,PLANT-SH-01,False
U04763,R138,B35,C,VISUAL,INS06,NONE,0,2025-03-26 08:05:00,PLANT-SH-01,False
U04764,R138,B35,C,VISUAL,INS02,NONE,0,2025-03-26 08:05:00,PLANT-SH-01,False
U04765,R138,B35,C,VISUAL,INS05,NONE,0,2025-03-26 08:05:00,PLANT-SH-01,False
U04766,R138,B35,C,XRAY,INS08,NONE,0,2025-03-26 08:05:00,PLANT-SH-01,False
U04767,R138,B35,C,XRAY,INS08,NONE,0,2025-03-26 08:05:00,PLANT-SH-01,False
U04768,R138,B35,C,XRAY,INS01,NONE,0,2025-03-26 08:05:00,PLANT-SH-01,False
U04769,R138,B35,C,VISUAL,INS08,NONE,0,2025-03-26 08:05:00,PLANT-SH-01,False
U04770,R138,B35,C,XRAY,INS05,NONE,0,2025-03-26 08:05:00,PLANT-SH-01,False
U04771,R138,B35,C,VISUAL,INS01,NONE,0,2025-03-26 08:05:00,PLANT-SH-01,False
U04772,R138,B35,C,XRAY,INS07,NONE,0,2025-03-26 08:05:00,PLANT-SH-01,False
U04773,R138,B35,C,VISUAL,INS01,NONE,0,2025-03-26 08:05:00,PLANT-SH-01,False
U04774,R138,B35,C,VISUAL,INS02,NONE,0,2025-03-26 08:05:00,PLANT-SH-01,False
U04775,R138,B35,C,DIMENSION,INS08,NONE,0,2025-03-26 08:05:00,PLANT-SH-01,False
U04776,R138,B35,C,VISUAL,INS01,NONE,0,2025-03-26 08:05:00,PLANT-SH-01,False
U04777,R139,B35,A,DIMENSION,INS08,NONE,0,2025-03-26 12:18:00,PLANT-SH-01,False
U04778,R139,B35,A,VISUAL,INS07,NONE,0,2025-03-26 12:18:00,PLANT-SH-01,False
U04779,R139,B35,A,DIMENSION,INS04,NONE,0,2025-03-26 12:18:00,PLANT-SH-01,False
U04780,R139,B35,A,VISUAL,INS02,NONE,0,2025-03-26 12:18:00,PLANT-SH-01,False
U04781,R139,B35,A,VISUAL,INS07,NONE,0,2025-03-26 12:18:00,PLANT-SH-01,False
U04782,R139,B35,A,VISUAL,INS07,NONE,0,2025-03-26 12:18:00,PLANT-SH-01,False
U04783,R139,B35,A,XRAY,INS06,NONE,0,2025-03-26 12:18:00,PLANT-SH-01,False
U04784,R139,B35,A,VISUAL,INS07,NONE,0,2025-03-26 12:18:00,PLANT-SH-01,False
U04785,R139,B35,A,XRAY,INS06,NONE,0,2025-03-26 12:18:00,PLANT-SH-01,False
U04786,R139,B35,A,VISUAL,INS03,NONE,0,2025-03-26 12:18:00,PLANT-SH-01,False
U04787,R139,B35,A,XRAY,INS02,NONE,0,2025-03-26 12:18:00,PLANT-SH-01,False
U04788,R139,B35,A,VISUAL,INS03,NONE,0,2025-03-26 12:18:00,PLANT-SH-01,False
U04789,R139,B35,A,VISUAL,INS08,NONE,0,2025-03-26 12:18:00,PLANT-SH-01,False
U04790,R139,B35,A,VISUAL,INS01,NONE,0,2025-03-26 12:18:00,PLANT-SH-01,False
U04791,R139,B35,A,VISUAL,INS08,NONE,0,2025-03-26 12:18:00,PLANT-SH-01,False
U04792,R139,B35,A,VISUAL,INS07,NONE,0,2025-03-26 12:18:00,PLANT-SH-01,False
U04793,R139,B35,A,DIMENSION,,NONE,0,2025-03-26 12:18:00,PLANT-SH-01,False
U04794,R139,B35,A,VISUAL,INS08,NONE,0,2025-03-26 12:18:00,PLANT-SH-01,False
U04795,R139,B35,A,VISUAL,INS06,NONE,0,2025-03-26 12:18:00,PLANT-SH-01,False
U04796,R139,B35,A,VISUAL,INS03,NONE,0,2025-03-26 12:18:00,PLANT-SH-01,False
U04797,R139,B35,A,XRAY,INS03,NONE,0,2025-03-26 12:18:00,PLANT-SH-01,False
U04798,R139,B35,A,VISUAL,INS08,NONE,0,2025-03-26 12:18:00,PLANT-SH-01,False
U04799,R139,B35,A,DIMENSION,INS05,NONE,0,2025-03-26 12:18:00,PLANT-SH-01,False
U04800,R139,B35,A,XRAY,INS04,NONE,0,2025-03-26 12:18:00,PLANT-SH-01,False
U04801,R139,B35,A,VISUAL,INS05,NONE,0,2025-03-26 12:18:00,PLANT-SH-01,False
U04802,R139,B35,A,VISUAL,INS04,NONE,0,2025-03-26 12:18:00,PLANT-SH-01,False
U04803,R139,B35,A,XRAY,INS04,NONE,0,2025-03-26 12:18:00,PLANT-SH-01,False
U04804,R139,B35,A,XRAY,INS05,NONE,0,2025-03-26 12:18:00,PLANT-SH-01,False
U04805,R139,B35,A,VISUAL,INS04,NONE,0,2025-03-26 12:18:00,PLANT-SH-01,False
U04806,R139,B35,A,XRAY,INS07,NONE,0,2025-03-26 12:18:00,PLANT-SH-01,False
U04807,R139,B35,A,DIMENSION,INS08,NONE,0,2025-03-26 12:18:00,PLANT-SH-01,False
U04808,R140,B35,A,VISUAL,INS07,NONE,0,2025-03-26 16:39:00,PLANT-SH-01,False
U04809,R140,B35,A,VISUAL,INS02,NONE,0,2025-03-26 16:39:00,PLANT-SH-01,False
U04810,R140,B35,A,VISUAL,INS07,NONE,0,2025-03-26 16:39:00,PLANT-SH-01,False
U04811,R140,B35,A,VISUAL,INS06,NONE,0,2025-03-26 16:39:00,PLANT-SH-01,False
U04812,R140,B35,A,VISUAL,INS01,NONE,0,2025-03-26 16:39:00,PLANT-SH-01,False
U04813,R140,B35,A,XRAY,INS01,NONE,0,2025-03-26 16:39:00,PLANT-SH-01,False
U04814,R140,B35,A,VISUAL,INS01,NONE,0,2025-03-26 16:39:00,PLANT-SH-01,False
U04815,R140,B35,A,VISUAL,INS01,NONE,0,2025-03-26 16:39:00,PLANT-SH-01,False
U04816,R140,B35,A,XRAY,INS05,NONE,0,2025-03-26 16:39:00,PLANT-SH-01,False
U04817,R140,B35,A,VISUAL,INS07,NONE,0,2025-03-26 16:39:00,PLANT-SH-01,False
U04818,R140,B35,A,XRAY,INS01,NONE,0,2025-03-26 16:39:00,PLANT-SH-01,False
U04819,R140,B35,A,VISUAL,INS01,NONE,0,2025-03-26 16:39:00,PLANT-SH-01,False
U04820,R140,B35,A,DIMENSION,INS07,NONE,0,2025-03-26 16:39:00,PLANT-SH-01,False
U04821,R140,B35,A,VISUAL,INS02,NONE,0,2025-03-26 16:39:00,PLANT-SH-01,False
U04822,R140,B35,A,VISUAL,INS05,NONE,0,2025-03-26 16:39:00,PLANT-SH-01,False
U04823,R140,B35,A,VISUAL,INS06,NONE,0,2025-03-26 16:39:00,PLANT-SH-01,False
U04824,R140,B35,A,DIMENSION,INS08,NONE,0,2025-03-26 16:39:00,PLANT-SH-01,False
U04825,R140,B35,A,VISUAL,INS07,NONE,0,2025-03-26 16:39:00,PLANT-SH-01,False
U04826,R140,B35,A,VISUAL,INS05,NONE,0,2025-03-26 16:39:00,PLANT-SH-01,False
U04827,R140,B35,A,VISUAL,INS01,NONE,0,2025-03-26 16:39:00,PLANT-SH-01,False
U04828,R140,B35,A,VISUAL,INS03,NONE,0,2025-03-26 16:39:00,PLANT-SH-01,False
U04829,R140,B35,A,VISUAL,INS04,NONE,0,2025-03-26 16:39:00,PLANT-SH-01,False
U04830,R140,B35,A,VISUAL,INS05,NONE,0,2025-03-26 16:39:00,PLANT-SH-01,False
U04831,R140,B35,A,VISUAL,INS07,NONE,0,2025-03-26 16:39:00,PLANT-SH-01,False
U04832,R140,B35,A,DIMENSION,INS04,NONE,0,2025-03-26 16:39:00,PLANT-SH-01,False
U04833,R140,B35,A,VISUAL,INS01,NONE,0,2025-03-26 16:39:00,PLANT-SH-01,False
U04834,R140,B35,A,VISUAL,INS04,NONE,0,2025-03-26 16:39:00,PLANT-SH-01,False
U04835,R140,B35,A,DIMENSION,INS02,NONE,0,2025-03-26 16:39:00,PLANT-SH-01,False
U04836,R140,B35,A,VISUAL,INS08,NONE,0,2025-03-26 16:39:00,PLANT-SH-01,False
U04837,R140,B35,A,XRAY,INS06,NONE,0,2025-03-26 16:39:00,PLANT-SH-01,False
U04838,R140,B35,A,VISUAL,INS02,NONE,0,2025-03-26 16:39:00,PLANT-SH-01,False
U04839,R140,B35,A,VISUAL,INS03,NONE,0,2025-03-26 16:39:00,PLANT-SH-01,False
U04840,R141,B36,B,XRAY,INS07,NONE,0,2025-03-26 20:06:00,PLANT-SH-01,False
U04841,R141,B36,B,XRAY,INS02,NONE,0,2025-03-26 20:06:00,PLANT-SH-01,False
U04842,R141,B36,B,VISUAL,INS05,NONE,0,2025-03-26 20:06:00,PLANT-SH-01,False
U04843,R141,B36,B,VISUAL,INS08,NONE,0,2025-03-26 20:06:00,PLANT-SH-01,False
U04844,R141,B36,B,VISUAL,INS06,NONE,0,2025-03-26 20:06:00,PLANT-SH-01,False
U04845,R141,B36,B,VISUAL,INS07,NONE,0,2025-03-26 20:06:00,PLANT-SH-01,False
U04846,R141,B36,B,VISUAL,INS06,NONE,0,2025-03-26 20:06:00,PLANT-SH-01,False
U04847,R141,B36,B,VISUAL,INS08,NONE,0,2025-03-26 20:06:00,PLANT-SH-01,False
U04848,R141,B36,B,XRAY,INS06,NONE,0,2025-03-26 20:06:00,PLANT-SH-01,False
U04849,R141,B36,B,DIMENSION,INS01,NONE,0,2025-03-26 20:06:00,PLANT-SH-01,False
U04850,R141,B36,B,DIMENSION,INS07,NONE,0,2025-03-26 20:06:00,PLANT-SH-01,False
U04851,R141,B36,B,XRAY,INS07,NONE,0,2025-03-26 20:06:00,PLANT-SH-01,False
U04852,R141,B36,B,VISUAL,INS07,NONE,0,2025-03-26 20:06:00,PLANT-SH-01,False
U04853,R141,B36,B,VISUAL,INS08,NONE,0,2025-03-26 20:06:00,PLANT-SH-01,False
U04854,R141,B36,B,VISUAL,INS02,NONE,0,2025-03-26 20:06:00,PLANT-SH-01,False
U04855,R141,B36,B,VISUAL,INS05,NONE,0,2025-03-26 20:06:00,PLANT-SH-01,False
U04856,R141,B36,B,VISUAL,INS07,NONE,0,2025-03-26 20:06:00,PLANT-SH-01,False
U04857,R141,B36,B,VISUAL,INS07,NONE,0,2025-03-26 20:06:00,PLANT-SH-01,False
U04858,R141,B36,B,VISUAL,INS02,NONE,0,2025-03-26 20:06:00,PLANT-SH-01,False
U04859,R141,B36,B,VISUAL,INS04,NONE,0,2025-03-26 20:06:00,PLANT-SH-01,False
U04860,R141,B36,B,VISUAL,INS06,NONE,0,2025-03-26 20:06:00,PLANT-SH-01,False
U04861,R141,B36,B,VISUAL,INS07,NONE,0,2025-03-26 20:06:00,PLANT-SH-01,False
U04862,R141,B36,B,VISUAL,INS03,NONE,0,2025-03-26 20:06:00,PLANT-SH-01,False
U04863,R141,B36,B,VISUAL,INS05,NONE,0,2025-03-26 20:06:00,PLANT-SH-01,False
U04864,R141,B36,B,XRAY,INS07,NONE,0,2025-03-26 20:06:00,PLANT-SH-01,False
U04865,R141,B36,B,VISUAL,INS05,NONE,0,2025-03-26 20:06:00,PLANT-SH-01,False
U04866,R141,B36,B,VISUAL,INS06,NONE,0,2025-03-26 20:06:00,PLANT-SH-01,False
U04867,R141,B36,B,VISUAL,INS08,NONE,0,2025-03-26 20:06:00,PLANT-SH-01,False
U04868,R141,B36,B,VISUAL,INS07,NONE,0,2025-03-26 20:06:00,PLANT-SH-01,False
U04869,R141,B36,B,XRAY,INS01,NONE,0,2025-03-26 20:06:00,PLANT-SH-01,False
U04870,R141,B36,B,DIMENSION,INS08,NONE,0,2025-03-26 20:06:00,PLANT-SH-01,False
U04871,R142,B36,B,VISUAL,INS08,NONE,0,2025-03-27 00:46:00,PLANT-SH-01,False
U04872,R142,B36,B,DIMENSION,INS04,NONE,0,2025-03-27 00:46:00,PLANT-SH-01,False
U04873,R142,B36,B,XRAY,INS05,NONE,0,2025-03-27 00:46:00,PLANT-SH-01,False
U04874,R142,B36,B,XRAY,INS01,NONE,0,2025-03-27 00:46:00,PLANT-SH-01,False
U04875,R142,B36,B,XRAY,INS08,NONE,0,2025-03-27 00:46:00,PLANT-SH-01,False
U04876,R142,B36,B,XRAY,INS07,NONE,0,2025-03-27 00:46:00,PLANT-SH-01,False
U04877,R142,B36,B,VISUAL,INS05,NONE,0,2025-03-27 00:46:00,PLANT-SH-01,False
U04878,R142,B36,B,XRAY,INS04,NONE,0,2025-03-27 00:46:00,PLANT-SH-01,False
U04879,R142,B36,B,XRAY,INS08,NONE,0,2025-03-27 00:46:00,PLANT-SH-01,False
U04880,R142,B36,B,VISUAL,INS05,NONE,0,2025-03-27 00:46:00,PLANT-SH-01,False
U04881,R142,B36,B,XRAY,INS07,CRACK,1,2025-03-27 00:46:00,PLANT-SH-01,False
U04882,R142,B36,B,VISUAL,INS01,NONE,0,2025-03-27 00:46:00,PLANT-SH-01,False
U04883,R142,B36,B,VISUAL,INS03,NONE,0,2025-03-27 00:46:00,PLANT-SH-01,False
U04884,R142,B36,B,VISUAL,INS02,NONE,0,2025-03-27 00:46:00,PLANT-SH-01,False
U04885,R142,B36,B,VISUAL,INS08,NONE,0,2025-03-27 00:46:00,PLANT-SH-01,False
U04886,R142,B36,B,VISUAL,INS06,NONE,0,2025-03-27 00:46:00,PLANT-SH-01,False
U04887,R142,B36,B,XRAY,INS06,NONE,0,2025-03-27 00:46:00,PLANT-SH-01,False
U04888,R142,B36,B,XRAY,INS01,NONE,0,2025-03-27 00:46:00,PLANT-SH-01,False
U04889,R142,B36,B,VISUAL,INS08,NONE,0,2025-03-27 00:46:00,PLANT-SH-01,False
U04890,R142,B36,B,VISUAL,INS02,NONE,0,2025-03-27 00:46:00,PLANT-SH-01,False
U04891,R142,B36,B,DIMENSION,INS05,PORE,1,2025-03-27 00:46:00,PLANT-SH-01,False
U04892,R142,B36,B,VISUAL,INS06,NONE,0,2025-03-27 00:46:00,PLANT-SH-01,False
U04893,R142,B36,B,VISUAL,INS03,NONE,0,2025-03-27 00:46:00,PLANT-SH-01,False
U04894,R142,B36,B,VISUAL,INS08,NONE,0,2025-03-27 00:46:00,PLANT-SH-01,False
U04895,R142,B36,B,XRAY,INS08,NONE,0,2025-03-27 00:46:00,PLANT-SH-01,False
U04896,R142,B36,B,XRAY,INS05,NONE,0,2025-03-27 00:46:00,PLANT-SH-01,False
U04897,R142,B36,B,VISUAL,INS07,NONE,0,2025-03-27 00:46:00,PLANT-SH-01,False
U04898,R142,B36,B,VISUAL,INS03,NONE,0,2025-03-27 00:46:00,PLANT-SH-01,False
U04899,R142,B36,B,XRAY,INS06,NONE,0,2025-03-27 00:46:00,PLANT-SH-01,False
U04900,R142,B36,B,VISUAL,INS07,NONE,0,2025-03-27 00:46:00,PLANT-SH-01,False
U04901,R142,B36,B,DIMENSION,INS02,NONE,0,2025-03-27 00:46:00,PLANT-SH-01,False
U04902,R142,B36,B,VISUAL,INS02,NONE,0,2025-03-27 00:46:00,PLANT-SH-01,False
U04903,R142,B36,B,VISUAL,INS02,NONE,0,2025-03-27 00:46:00,PLANT-SH-01,False
U04904,R143,B36,C,VISUAL,INS07,NONE,0,2025-03-27 05:10:00,PLANT-SH-01,False
U04905,R143,B36,C,DIMENSION,INS01,CONTAMINATION,1,2025-03-27 05:10:00,PLANT-SH-01,False
U04906,R143,B36,C,XRAY,INS05,NONE,0,2025-03-27 05:10:00,PLANT-SH-01,False
U04907,R143,B36,C,VISUAL,INS02,NONE,0,2025-03-27 05:10:00,PLANT-SH-01,False
U04908,R143,B36,C,VISUAL,INS06,NONE,0,2025-03-27 05:10:00,PLANT-SH-01,False
U04909,R143,B36,C,XRAY,INS08,NONE,0,2025-03-27 05:10:00,PLANT-SH-01,False
U04910,R143,B36,C,XRAY,INS02,NONE,0,2025-03-27 05:10:00,PLANT-SH-01,False
U04911,R143,B36,C,XRAY,INS07,NONE,0,2025-03-27 05:10:00,PLANT-SH-01,False
U04912,R143,B36,C,XRAY,INS06,NONE,0,2025-03-27 05:10:00,PLANT-SH-01,False
U04913,R143,B36,C,VISUAL,INS03,NONE,0,2025-03-27 05:10:00,PLANT-SH-01,False
U04914,R143,B36,C,VISUAL,INS01,NONE,0,2025-03-27 05:10:00,PLANT-SH-01,False
U04915,R143,B36,C,VISUAL,INS01,NONE,0,2025-03-27 05:10:00,PLANT-SH-01,False
U04916,R143,B36,C,VISUAL,INS03,NONE,0,2025-03-27 05:10:00,PLANT-SH-01,False
U04917,R143,B36,C,VISUAL,INS02,NONE,0,2025-03-27 05:10:00,PLANT-SH-01,False
U04918,R143,B36,C,VISUAL,INS01,NONE,0,2025-03-27 05:10:00,PLANT-SH-01,False
U04919,R143,B36,C,VISUAL,INS08,NONE,0,2025-03-27 05:10:00,PLANT-SH-01,False
U04920,R143,B36,C,VISUAL,INS02,NONE,0,2025-03-27 05:10:00,PLANT-SH-01,False
U04921,R143,B36,C,VISUAL,INS05,NONE,0,2025-03-27 05:10:00,PLANT-SH-01,False
U04922,R143,B36,C,XRAY,INS08,NONE,0,2025-03-27 05:10:00,PLANT-SH-01,False
U04923,R143,B36,C,XRAY,INS07,NONE,0,2025-03-27 05:10:00,PLANT-SH-01,False
U04924,R143,B36,C,VISUAL,INS01,NONE,0,2025-03-27 05:10:00,PLANT-SH-01,False
U04925,R143,B36,C,XRAY,INS01,NONE,0,2025-03-27 05:10:00,PLANT-SH-01,False
U04926,R143,B36,C,VISUAL,INS06,NONE,0,2025-03-27 05:10:00,PLANT-SH-01,False
U04927,R143,B36,C,XRAY,INS07,NONE,0,2025-03-27 05:10:00,PLANT-SH-01,False
U04928,R143,B36,C,VISUAL,INS06,NONE,0,2025-03-27 05:10:00,PLANT-SH-01,False
U04929,R143,B36,C,VISUAL,INS02,NONE,0,2025-03-27 05:10:00,PLANT-SH-01,False
U04930,R143,B36,C,DIMENSION,INS01,PORE,1,2025-03-27 05:10:00,PLANT-SH-01,False
U04931,R143,B36,C,VISUAL,INS02,NONE,0,2025-03-27 05:10:00,PLANT-SH-01,False
U04932,R143,B36,C,DIMENSION,INS03,NONE,0,2025-03-27 05:10:00,PLANT-SH-01,False
U04933,R143,B36,C,XRAY,INS02,NONE,0,2025-03-27 05:10:00,PLANT-SH-01,False
U04934,R143,B36,C,VISUAL,INS03,NONE,0,2025-03-27 05:10:00,PLANT-SH-01,False
U04935,R143,B36,C,VISUAL,INS06,NONE,0,2025-03-27 05:10:00,PLANT-SH-01,False
U04936,R143,B36,C,VISUAL,INS06,NONE,0,2025-03-27 05:10:00,PLANT-SH-01,False
U04937,R143,B36,C,VISUAL,INS02,PORE,1,2025-03-27 05:10:00,PLANT-SH-01,False
U04938,R143,B36,C,VISUAL,INS02,NONE,0,2025-03-27 05:10:00,PLANT-SH-01,False
U04939,R143,B36,C,XRAY,INS07,NONE,0,2025-03-27 05:10:00,PLANT-SH-01,False
U04940,R143,B36,C,VISUAL,INS01,NONE,0,2025-03-27 05:10:00,PLANT-SH-01,False
U04941,R143,B36,C,XRAY,INS03,NONE,0,2025-03-27 05:10:00,PLANT-SH-01,False
U04942,R144,B36,C,VISUAL,INS06,NONE,0,2025-03-27 09:24:00,PLANT-SH-01,False
U04943,R144,B36,C,VISUAL,INS02,NONE,0,2025-03-27 09:24:00,PLANT-SH-01,False
U04944,R144,B36,C,VISUAL,INS02,NONE,0,2025-03-27 09:24:00,PLANT-SH-01,False
U04945,R144,B36,C,VISUAL,INS02,NONE,0,2025-03-27 09:24:00,PLANT-SH-01,False
U04946,R144,B36,C,VISUAL,INS02,NONE,0,2025-03-27 09:24:00,PLANT-SH-01,False
U04947,R144,B36,C,VISUAL,INS06,NONE,0,2025-03-27 09:24:00,PLANT-SH-01,False
U04948,R144,B36,C,VISUAL,INS07,NONE,0,2025-03-27 09:24:00,PLANT-SH-01,False
U04949,R144,B36,C,VISUAL,INS06,NONE,0,2025-03-27 09:24:00,PLANT-SH-01,False
U04950,R144,B36,C,VISUAL,INS07,NONE,0,2025-03-27 09:24:00,PLANT-SH-01,False
U04951,R144,B36,C,VISUAL,INS01,NONE,0,2025-03-27 09:24:00,PLANT-SH-01,False
U04952,R144,B36,C,VISUAL,INS02,NONE,0,2025-03-27 09:24:00,PLANT-SH-01,False
U04953,R144,B36,C,VISUAL,INS04,NONE,0,2025-03-27 09:24:00,PLANT-SH-01,False
U04954,R144,B36,C,VISUAL,INS05,NONE,0,2025-03-27 09:24:00,PLANT-SH-01,False
U04955,R144,B36,C,VISUAL,INS01,DIMENSION,1,2025-03-27 09:24:00,PLANT-SH-01,False
U04956,R144,B36,C,VISUAL,INS05,NONE,0,2025-03-27 09:24:00,PLANT-SH-01,False
U04957,R144,B36,C,VISUAL,INS02,NONE,0,2025-03-27 09:24:00,PLANT-SH-01,False
U04958,R144,B36,C,VISUAL,INS03,NONE,0,2025-03-27 09:24:00,PLANT-SH-01,False
U04959,R144,B36,C,VISUAL,INS02,NONE,0,2025-03-27 09:24:00,PLANT-SH-01,False
U04960,R144,B36,C,XRAY,INS08,NONE,0,2025-03-27 09:24:00,PLANT-SH-01,False
U04961,R144,B36,C,VISUAL,INS03,NONE,0,2025-03-27 09:24:00,PLANT-SH-01,False
U04962,R144,B36,C,VISUAL,INS06,NONE,0,2025-03-27 09:24:00,PLANT-SH-01,False
U04963,R144,B36,C,XRAY,INS08,NONE,0,2025-03-27 09:24:00,PLANT-SH-01,False
U04964,R144,B36,C,VISUAL,INS06,NONE,0,2025-03-27 09:24:00,PLANT-SH-01,False
U04965,R144,B36,C,VISUAL,INS01,NONE,0,2025-03-27 09:24:00,PLANT-SH-01,False
U04966,R144,B36,C,VISUAL,INS06,NONE,0,2025-03-27 09:24:00,PLANT-SH-01,False
U04967,R144,B36,C,VISUAL,INS08,NONE,0,2025-03-27 09:24:00,PLANT-SH-01,False
U04968,R144,B36,C,XRAY,INS05,NONE,0,2025-03-27 09:24:00,PLANT-SH-01,False
U04969,R144,B36,C,VISUAL,INS05,NONE,0,2025-03-27 09:24:00,PLANT-SH-01,False
U04970,R144,B36,C,VISUAL,INS02,NONE,0,2025-03-27 09:24:00,PLANT-SH-01,False
U04971,R144,B36,C,XRAY,INS02,NONE,0,2025-03-27 09:24:00,PLANT-SH-01,False
U04972,R144,B36,C,DIMENSION,INS03,NONE,0,2025-03-27 09:24:00,PLANT-SH-01,False
U04973,R144,B36,C,VISUAL,INS08,NONE,0,2025-03-27 09:24:00,PLANT-SH-01,False
U04974,R144,B36,C,VISUAL,INS05,NONE,0,2025-03-27 09:24:00,PLANT-SH-01,False
U04975,R144,B36,C,VISUAL,INS02,NONE,0,2025-03-27 09:24:00,PLANT-SH-01,False
U04976,R144,B36,C,VISUAL,INS06,NONE,0,2025-03-27 09:24:00,PLANT-SH-01,False
U04977,R144,B36,C,XRAY,INS05,NONE,0,2025-03-27 09:24:00,PLANT-SH-01,False
U04978,R144,B36,C,XRAY,INS08,NONE,0,2025-03-27 09:24:00,PLANT-SH-01,False
U04979,R144,B36,C,XRAY,INS08,NONE,0,2025-03-27 09:24:00,PLANT-SH-01,False
U04980,R144,B36,C,VISUAL,INS03,NONE,0,2025-03-27 09:24:00,PLANT-SH-01,False
U04981,R144,B36,C,XRAY,INS01,NONE,0,2025-03-27 09:24:00,PLANT-SH-01,False
U03584,R104,B26,A,VISUAL,INS07,NONE,0,2025-03-20 16:17:00,PLANT-SH-01,False
U03695,R107,B27,C,VISUAL,INS04,NONE,0,2025-03-21 05:29:00,PLANT-SH-01,False
